mode: set
server/public/model/access.go:39.43,40.48 1 0
server/public/model/access.go:40.48,42.3 1 0
server/public/model/access.go:44.2,44.44 1 0
server/public/model/access.go:44.44,46.3 1 0
server/public/model/access.go:48.2,48.25 1 0
server/public/model/access.go:48.25,50.3 1 0
server/public/model/access.go:52.2,52.31 1 0
server/public/model/access.go:52.31,54.3 1 0
server/public/model/access.go:56.2,56.90 1 0
server/public/model/access.go:56.90,58.3 1 0
server/public/model/access.go:60.2,60.23 1 0
server/public/model/access.go:60.23,61.99 1 0
server/public/model/access.go:61.99,63.4 1 0
server/public/model/access.go:66.2,66.12 1 0
server/public/model/access.go:69.40,70.23 1 0
server/public/model/access.go:70.23,72.3 1 0
server/public/model/access.go:74.2,74.32 1 0
server/public/model/access.go:74.32,76.3 1 0
server/public/model/access.go:78.2,78.14 1 0
server/public/model/access_policy.go:58.45,60.2 1 0
server/public/model/access_policy.go:69.62,70.14 1 0
server/public/model/access_policy.go:70.14,72.3 1 0
server/public/model/access_policy.go:73.2,73.25 1 0
server/public/model/access_policy.go:73.25,74.66 1 0
server/public/model/access_policy.go:74.66,76.4 1 0
server/public/model/access_policy.go:78.2,78.14 1 0
server/public/model/access_policy.go:177.77,179.34 2 0
server/public/model/access_policy.go:179.34,184.3 1 0
server/public/model/access_policy.go:185.2,188.20 2 0
server/public/model/access_policy.go:188.20,190.3 1 0
server/public/model/access_policy.go:191.2,191.15 1 0
server/public/model/access_policy.go:194.51,195.38 1 0
server/public/model/access_policy.go:195.38,196.49 1 0
server/public/model/access_policy.go:196.49,198.4 1 0
server/public/model/access_policy.go:201.2,201.19 1 0
server/public/model/access_policy.go:202.38,203.37 1 0
server/public/model/access_policy.go:204.38,205.37 1 0
server/public/model/access_policy.go:206.38,207.37 1 0
server/public/model/access_policy.go:208.38,209.37 1 0
server/public/model/access_policy.go:210.10,211.116 1 0
server/public/model/access_policy.go:215.57,216.17 1 0
server/public/model/access_policy.go:217.10,218.22 1 0
server/public/model/access_policy.go:218.22,220.4 1 0
server/public/model/access_policy.go:221.36,222.28 1 0
server/public/model/access_policy.go:222.28,224.4 1 0
server/public/model/access_policy.go:225.10,226.114 1 0
server/public/model/access_policy.go:228.2,228.12 1 0
server/public/model/access_policy.go:231.67,232.103 1 0
server/public/model/access_policy.go:232.103,234.3 1 0
server/public/model/access_policy.go:236.2,236.22 1 0
server/public/model/access_policy.go:236.22,238.3 1 0
server/public/model/access_policy.go:240.2,240.100 1 0
server/public/model/access_policy.go:240.100,242.3 1 0
server/public/model/access_policy.go:244.2,244.20 1 0
server/public/model/access_policy.go:244.20,246.3 1 0
server/public/model/access_policy.go:248.2,248.32 1 0
server/public/model/access_policy.go:248.32,250.3 1 0
server/public/model/access_policy.go:252.2,252.16 1 0
server/public/model/access_policy.go:253.37,254.24 1 0
server/public/model/access_policy.go:254.24,256.4 1 0
server/public/model/access_policy.go:258.3,258.25 1 0
server/public/model/access_policy.go:258.25,260.4 1 0
server/public/model/access_policy.go:261.38,262.47 1 0
server/public/model/access_policy.go:262.47,264.4 1 0
server/public/model/access_policy.go:266.3,266.24 1 0
server/public/model/access_policy.go:266.24,268.4 1 0
server/public/model/access_policy.go:270.3,270.25 1 0
server/public/model/access_policy.go:270.25,272.4 1 0
server/public/model/access_policy.go:275.2,275.12 1 0
server/public/model/access_policy.go:278.67,279.103 1 0
server/public/model/access_policy.go:279.103,281.3 1 0
server/public/model/access_policy.go:283.2,283.22 1 0
server/public/model/access_policy.go:283.22,285.3 1 0
server/public/model/access_policy.go:287.2,287.100 1 0
server/public/model/access_policy.go:287.100,289.3 1 0
server/public/model/access_policy.go:291.2,291.20 1 0
server/public/model/access_policy.go:291.20,293.3 1 0
server/public/model/access_policy.go:295.2,295.32 1 0
server/public/model/access_policy.go:295.32,297.3 1 0
server/public/model/access_policy.go:299.2,299.16 1 0
server/public/model/access_policy.go:300.37,301.24 1 0
server/public/model/access_policy.go:301.24,303.4 1 0
server/public/model/access_policy.go:305.3,305.25 1 0
server/public/model/access_policy.go:305.25,307.4 1 0
server/public/model/access_policy.go:308.38,309.47 1 0
server/public/model/access_policy.go:309.47,311.4 1 0
server/public/model/access_policy.go:314.2,314.12 1 0
server/public/model/access_policy.go:317.67,318.138 1 0
server/public/model/access_policy.go:318.138,320.3 1 0
server/public/model/access_policy.go:322.2,322.22 1 0
server/public/model/access_policy.go:322.22,324.3 1 0
server/public/model/access_policy.go:326.2,326.149 1 0
server/public/model/access_policy.go:326.149,328.3 1 0
server/public/model/access_policy.go:330.2,330.20 1 0
server/public/model/access_policy.go:330.20,332.3 1 0
server/public/model/access_policy.go:334.2,334.32 1 0
server/public/model/access_policy.go:334.32,336.3 1 0
server/public/model/access_policy.go:338.2,338.16 1 0
server/public/model/access_policy.go:339.37,340.24 1 0
server/public/model/access_policy.go:340.24,342.4 1 0
server/public/model/access_policy.go:344.3,344.25 1 0
server/public/model/access_policy.go:344.25,346.4 1 0
server/public/model/access_policy.go:347.38,348.47 1 0
server/public/model/access_policy.go:348.47,350.4 1 0
server/public/model/access_policy.go:351.41,352.47 1 0
server/public/model/access_policy.go:352.47,354.4 1 0
server/public/model/access_policy.go:358.3,358.24 1 0
server/public/model/access_policy.go:358.24,360.4 1 0
server/public/model/access_policy.go:361.3,361.32 1 0
server/public/model/access_policy.go:361.32,362.37 1 0
server/public/model/access_policy.go:362.37,364.5 1 0
server/public/model/access_policy.go:367.3,367.25 1 0
server/public/model/access_policy.go:367.25,369.4 1 0
server/public/model/access_policy.go:372.2,372.31 1 0
server/public/model/access_policy.go:372.31,373.29 1 0
server/public/model/access_policy.go:373.29,375.4 1 0
server/public/model/access_policy.go:376.3,376.39 1 0
server/public/model/access_policy.go:376.39,377.35 1 0
server/public/model/access_policy.go:377.35,379.5 1 0
server/public/model/access_policy.go:381.3,381.126 1 0
server/public/model/access_policy.go:381.126,383.4 1 0
server/public/model/access_policy.go:386.2,386.12 1 0
server/public/model/access_policy.go:401.67,402.138 1 0
server/public/model/access_policy.go:402.138,404.3 1 0
server/public/model/access_policy.go:406.2,406.22 1 0
server/public/model/access_policy.go:406.22,408.3 1 0
server/public/model/access_policy.go:410.2,410.149 1 0
server/public/model/access_policy.go:410.149,412.3 1 0
server/public/model/access_policy.go:414.2,414.20 1 0
server/public/model/access_policy.go:414.20,416.3 1 0
server/public/model/access_policy.go:418.2,418.32 1 0
server/public/model/access_policy.go:418.32,420.3 1 0
server/public/model/access_policy.go:422.2,422.16 1 0
server/public/model/access_policy.go:423.37,424.24 1 0
server/public/model/access_policy.go:424.24,426.4 1 0
server/public/model/access_policy.go:427.3,427.25 1 0
server/public/model/access_policy.go:427.25,429.4 1 0
server/public/model/access_policy.go:430.38,431.47 1 0
server/public/model/access_policy.go:431.47,433.4 1 0
server/public/model/access_policy.go:434.41,435.47 1 0
server/public/model/access_policy.go:435.47,437.4 1 0
server/public/model/access_policy.go:438.3,438.24 1 0
server/public/model/access_policy.go:438.24,440.4 1 0
server/public/model/access_policy.go:441.3,441.32 1 0
server/public/model/access_policy.go:441.32,442.37 1 0
server/public/model/access_policy.go:442.37,444.5 1 0
server/public/model/access_policy.go:446.3,446.25 1 0
server/public/model/access_policy.go:446.25,448.4 1 0
server/public/model/access_policy.go:451.2,452.31 2 0
server/public/model/access_policy.go:452.31,453.29 1 0
server/public/model/access_policy.go:453.29,455.4 1 0
server/public/model/access_policy.go:457.3,459.39 3 0
server/public/model/access_policy.go:459.39,460.35 1 0
server/public/model/access_policy.go:460.35,462.5 1 0
server/public/model/access_policy.go:463.4,463.53 1 0
server/public/model/access_policy.go:463.53,465.5 1 0
server/public/model/access_policy.go:466.4,466.44 1 0
server/public/model/access_policy.go:466.44,468.5 1 0
server/public/model/access_policy.go:472.3,472.37 1 0
server/public/model/access_policy.go:472.37,474.4 1 0
server/public/model/access_policy.go:477.3,477.64 1 0
server/public/model/access_policy.go:477.64,479.4 1 0
server/public/model/access_policy.go:486.3,486.20 1 0
server/public/model/access_policy.go:486.20,488.47 2 0
server/public/model/access_policy.go:488.47,490.5 1 0
server/public/model/access_policy.go:491.4,491.43 1 0
server/public/model/access_policy.go:491.43,493.5 1 0
server/public/model/access_policy.go:494.4,494.41 1 0
server/public/model/access_policy.go:494.41,496.5 1 0
server/public/model/access_policy.go:497.4,497.29 1 0
server/public/model/access_policy.go:501.3,501.39 1 0
server/public/model/access_policy.go:501.39,503.4 1 0
server/public/model/access_policy.go:506.2,506.12 1 0
server/public/model/access_policy.go:509.78,512.19 2 0
server/public/model/access_policy.go:513.38,515.32 2 0
server/public/model/access_policy.go:515.32,522.4 3 0
server/public/model/access_policy.go:523.38,524.44 1 0
server/public/model/access_policy.go:524.44,526.4 1 0
server/public/model/access_policy.go:527.3,527.43 1 0
server/public/model/access_policy.go:528.38,529.102 1 0
server/public/model/access_policy.go:529.102,531.4 1 0
server/public/model/access_policy.go:532.3,532.55 1 0
server/public/model/access_policy.go:532.55,534.4 1 0
server/public/model/access_policy.go:535.3,535.44 1 0
server/public/model/access_policy.go:535.44,537.4 1 0
server/public/model/access_policy.go:538.3,538.43 1 0
server/public/model/access_policy.go:539.38,540.102 1 0
server/public/model/access_policy.go:540.102,542.4 1 0
server/public/model/access_policy.go:545.3,545.107 1 0
server/public/model/access_policy.go:545.107,547.4 1 0
server/public/model/access_policy.go:555.3,555.51 1 0
server/public/model/access_policy.go:555.51,557.4 1 0
server/public/model/access_policy.go:558.3,558.44 1 0
server/public/model/access_policy.go:558.44,560.4 1 0
server/public/model/access_policy.go:563.3,566.47 4 0
server/public/model/access_policy.go:566.47,568.4 1 0
server/public/model/access_policy.go:569.3,570.13 2 0
server/public/model/access_policy.go:571.10,572.115 1 0
server/public/model/access_policy.go:575.2,575.42 1 0
server/public/model/access_policy.go:575.42,577.3 1 0
server/public/model/access_policy.go:579.2,579.12 1 0
server/public/model/access_policy.go:582.52,584.2 1 0
server/public/model/access_policy.go:586.53,587.17 1 0
server/public/model/access_policy.go:587.17,589.3 1 0
server/public/model/access_policy.go:591.2,591.22 1 0
server/public/model/access_policy.go:591.22,593.3 1 0
server/public/model/access_policy.go:595.2,595.12 1 0
server/public/model/access_policy.go:598.58,604.2 1 0
server/public/model/access_request.go:80.53,81.35 1 0
server/public/model/access_request.go:81.35,82.24 1 0
server/public/model/access_request.go:82.24,84.4 1 0
server/public/model/access_request.go:86.2,86.46 1 0
server/public/model/access_request.go:86.46,88.3 1 0
server/public/model/access_request.go:89.2,89.11 1 0
server/public/model/access_request.go:105.56,107.35 2 0
server/public/model/access_request.go:107.35,108.24 1 0
server/public/model/access_request.go:108.24,110.4 1 0
server/public/model/access_request.go:112.2,112.14 1 0
server/public/model/access_request.go:133.53,134.17 1 0
server/public/model/access_request.go:134.17,136.3 1 0
server/public/model/access_request.go:137.2,139.35 3 0
server/public/model/access_request.go:139.35,140.24 1 0
server/public/model/access_request.go:140.24,142.12 2 0
server/public/model/access_request.go:144.3,144.28 1 0
server/public/model/access_request.go:144.28,145.12 1 0
server/public/model/access_request.go:147.3,148.17 2 0
server/public/model/access_request.go:150.2,150.28 1 0
server/public/model/access_request.go:150.28,152.3 1 0
server/public/model/access_request.go:153.2,153.21 1 0
server/public/model/audit_record.go:73.35,75.2 1 0
server/public/model/audit_record.go:78.32,80.2 1 0
server/public/model/audit_record.go:83.133,84.37 1 0
server/public/model/audit_record.go:84.37,86.3 1 0
server/public/model/audit_record.go:88.2,88.37 1 0
server/public/model/audit_record.go:92.88,93.37 1 0
server/public/model/audit_record.go:93.37,95.3 1 0
server/public/model/audit_record.go:97.2,97.49 1 0
server/public/model/audit_record.go:101.100,102.37 1 0
server/public/model/audit_record.go:102.37,104.3 1 0
server/public/model/audit_record.go:106.2,107.35 2 0
server/public/model/audit_record.go:107.35,109.3 1 0
server/public/model/audit_record.go:111.2,111.53 1 0
server/public/model/audit_record.go:115.62,117.2 1 0
server/public/model/audit_record.go:120.63,122.2 1 0
server/public/model/audit_record.go:125.63,127.2 1 0
server/public/model/audit_record.go:131.55,133.2 1 0
server/public/model/audit_record.go:136.48,138.2 1 0
server/public/model/audit_record.go:141.58,143.2 1 0
server/public/model/audit_record.go:146.52,149.2 2 0
server/public/model/auditconv.go:13.63,14.16 1 0
server/public/model/auditconv.go:14.16,16.3 1 0
server/public/model/auditconv.go:17.2,17.25 1 0
server/public/model/auditconv.go:18.16,19.34 1 0
server/public/model/auditconv.go:20.15,21.35 1 0
server/public/model/auditconv.go:22.13,23.31 1 0
server/public/model/auditconv.go:24.12,25.32 1 0
server/public/model/auditconv.go:26.13,27.31 1 0
server/public/model/auditconv.go:28.12,29.32 1 0
server/public/model/auditconv.go:30.18,31.36 1 0
server/public/model/auditconv.go:32.17,33.37 1 0
server/public/model/auditconv.go:34.16,35.34 1 0
server/public/model/auditconv.go:36.15,37.35 1 0
server/public/model/auditconv.go:38.20,39.38 1 0
server/public/model/auditconv.go:40.19,41.39 1 0
server/public/model/auditconv.go:42.12,43.30 1 0
server/public/model/auditconv.go:44.11,45.31 1 0
server/public/model/auditconv.go:46.31,47.49 1 0
server/public/model/auditconv.go:48.30,49.50 1 0
server/public/model/auditconv.go:50.14,51.32 1 0
server/public/model/auditconv.go:52.13,53.33 1 0
server/public/model/auditconv.go:54.17,55.35 1 0
server/public/model/auditconv.go:56.16,57.36 1 0
server/public/model/auditconv.go:58.14,59.32 1 0
server/public/model/auditconv.go:60.13,61.33 1 0
server/public/model/auditconv.go:62.12,63.30 1 0
server/public/model/auditconv.go:64.11,65.31 1 0
server/public/model/auditconv.go:66.17,67.35 1 0
server/public/model/auditconv.go:68.16,69.36 1 0
server/public/model/auditconv.go:70.13,71.31 1 0
server/public/model/auditconv.go:72.12,73.32 1 0
server/public/model/auditconv.go:74.13,75.31 1 0
server/public/model/auditconv.go:76.12,77.32 1 0
server/public/model/auditconv.go:78.15,79.33 1 0
server/public/model/auditconv.go:80.14,81.34 1 0
server/public/model/auditconv.go:82.20,83.38 1 0
server/public/model/auditconv.go:84.19,85.39 1 0
server/public/model/auditconv.go:86.16,87.34 1 0
server/public/model/auditconv.go:88.15,89.35 1 0
server/public/model/auditconv.go:90.24,91.42 1 0
server/public/model/auditconv.go:92.23,93.43 1 0
server/public/model/auditconv.go:94.24,95.42 1 0
server/public/model/auditconv.go:96.23,97.43 1 0
server/public/model/auditconv.go:98.22,99.35 1 0
server/public/model/auditconv.go:100.21,101.36 1 0
server/public/model/auditconv.go:103.2,103.19 1 0
server/public/model/auditconv.go:113.47,115.14 2 0
server/public/model/auditconv.go:115.14,119.3 3 0
server/public/model/auditconv.go:120.2,120.16 1 0
server/public/model/auditconv.go:123.61,127.2 3 0
server/public/model/auditconv.go:129.36,131.2 1 0
server/public/model/auditconv.go:140.38,142.14 2 0
server/public/model/auditconv.go:142.14,146.3 3 0
server/public/model/auditconv.go:147.2,147.13 1 0
server/public/model/auditconv.go:150.58,154.2 3 0
server/public/model/auditconv.go:156.33,158.2 1 0
server/public/model/auditconv.go:167.38,169.14 2 0
server/public/model/auditconv.go:169.14,173.3 3 0
server/public/model/auditconv.go:174.2,174.13 1 0
server/public/model/auditconv.go:182.54,184.15 2 0
server/public/model/auditconv.go:184.15,185.25 1 0
server/public/model/auditconv.go:185.25,187.4 1 0
server/public/model/auditconv.go:189.2,189.18 1 0
server/public/model/auditconv.go:192.58,196.2 3 0
server/public/model/auditconv.go:198.33,200.2 1 0
server/public/model/auditconv.go:219.47,221.14 2 0
server/public/model/auditconv.go:221.14,235.3 13 0
server/public/model/auditconv.go:236.2,236.12 1 0
server/public/model/auditconv.go:239.63,253.2 13 0
server/public/model/auditconv.go:255.38,257.2 1 0
server/public/model/auditconv.go:267.60,269.15 2 0
server/public/model/auditconv.go:269.15,274.25 5 0
server/public/model/auditconv.go:274.25,276.4 1 0
server/public/model/auditconv.go:278.2,278.16 1 0
server/public/model/auditconv.go:281.66,286.2 4 0
server/public/model/auditconv.go:288.41,290.2 1 0
server/public/model/auditconv.go:299.35,301.14 2 0
server/public/model/auditconv.go:301.14,305.3 3 0
server/public/model/auditconv.go:306.2,306.12 1 0
server/public/model/auditconv.go:309.57,313.2 3 0
server/public/model/auditconv.go:315.32,317.2 1 0
server/public/model/auditconv.go:326.92,328.14 2 0
server/public/model/auditconv.go:328.14,329.20 1 0
server/public/model/auditconv.go:329.20,331.4 1 0
server/public/model/auditconv.go:332.3,332.28 1 0
server/public/model/auditconv.go:332.28,334.4 1 0
server/public/model/auditconv.go:335.3,335.29 1 0
server/public/model/auditconv.go:335.29,337.4 1 0
server/public/model/auditconv.go:339.2,339.14 1 0
server/public/model/auditconv.go:342.76,346.2 3 0
server/public/model/auditconv.go:348.51,350.2 1 0
server/public/model/auditconv.go:358.41,360.14 2 0
server/public/model/auditconv.go:360.14,363.3 2 0
server/public/model/auditconv.go:364.2,364.14 1 0
server/public/model/auditconv.go:367.59,370.2 2 0
server/public/model/auditconv.go:372.34,374.2 1 0
server/public/model/auditconv.go:386.50,388.14 2 0
server/public/model/auditconv.go:388.14,395.3 6 0
server/public/model/auditconv.go:396.2,396.11 1 0
server/public/model/auditconv.go:399.63,406.2 6 0
server/public/model/auditconv.go:408.38,410.2 1 0
server/public/model/auditconv.go:420.41,422.14 2 0
server/public/model/auditconv.go:422.14,424.20 2 0
server/public/model/auditconv.go:424.20,426.4 1 0
server/public/model/auditconv.go:426.9,428.4 1 0
server/public/model/auditconv.go:429.3,430.36 2 0
server/public/model/auditconv.go:432.2,432.14 1 0
server/public/model/auditconv.go:435.59,440.2 4 0
server/public/model/auditconv.go:442.34,444.2 1 0
server/public/model/auditconv.go:454.35,456.14 2 0
server/public/model/auditconv.go:456.14,461.3 4 0
server/public/model/auditconv.go:462.2,462.12 1 0
server/public/model/auditconv.go:465.57,470.2 4 0
server/public/model/auditconv.go:472.32,474.2 1 0
server/public/model/auditconv.go:485.50,487.14 2 0
server/public/model/auditconv.go:487.14,493.3 5 0
server/public/model/auditconv.go:494.2,494.14 1 0
server/public/model/auditconv.go:497.62,503.2 5 0
server/public/model/auditconv.go:505.37,507.2 1 0
server/public/model/auditconv.go:517.38,519.14 2 0
server/public/model/auditconv.go:519.14,524.3 4 0
server/public/model/auditconv.go:525.2,525.13 1 0
server/public/model/auditconv.go:528.58,533.2 4 0
server/public/model/auditconv.go:535.33,537.2 1 0
server/public/model/auditconv.go:549.38,551.14 2 0
server/public/model/auditconv.go:551.14,558.3 6 0
server/public/model/auditconv.go:559.2,559.13 1 0
server/public/model/auditconv.go:562.58,569.2 6 0
server/public/model/auditconv.go:571.33,573.2 1 0
server/public/model/auditconv.go:583.44,585.14 2 0
server/public/model/auditconv.go:585.14,590.3 4 0
server/public/model/auditconv.go:591.2,591.15 1 0
server/public/model/auditconv.go:594.60,599.2 4 0
server/public/model/auditconv.go:601.35,603.2 1 0
server/public/model/auditconv.go:612.59,614.14 2 0
server/public/model/auditconv.go:614.14,618.3 3 0
server/public/model/auditconv.go:619.2,619.14 1 0
server/public/model/auditconv.go:622.65,626.2 3 0
server/public/model/auditconv.go:628.40,630.2 1 0
server/public/model/auditconv.go:639.47,641.14 2 0
server/public/model/auditconv.go:641.14,645.3 3 0
server/public/model/auditconv.go:646.2,646.16 1 0
server/public/model/auditconv.go:649.61,653.2 3 0
server/public/model/auditconv.go:655.36,657.2 1 0
server/public/model/auditconv.go:668.71,670.14 2 0
server/public/model/auditconv.go:670.14,676.3 5 0
server/public/model/auditconv.go:677.2,677.13 1 0
server/public/model/auditconv.go:680.69,686.2 5 0
server/public/model/auditconv.go:688.44,690.2 1 0
server/public/model/auditconv.go:705.71,707.14 2 0
server/public/model/auditconv.go:707.14,717.3 9 0
server/public/model/auditconv.go:718.2,718.13 1 0
server/public/model/auditconv.go:721.69,731.2 9 0
server/public/model/auditconv.go:733.44,735.2 1 0
server/public/model/auditconv.go:749.60,751.14 2 0
server/public/model/auditconv.go:751.14,759.3 7 0
server/public/model/auditconv.go:760.2,760.11 1 0
server/public/model/auditconv.go:763.67,772.2 8 0
server/public/model/auditconv.go:774.42,776.2 1 0
server/public/model/audits.go:8.31,9.16 1 0
server/public/model/audits.go:9.16,12.3 1 0
server/public/model/audits.go:13.2,13.11 1 0
server/public/model/authorize.go:58.41,59.29 1 0
server/public/model/authorize.go:59.29,61.3 1 0
server/public/model/authorize.go:63.2,63.27 1 0
server/public/model/authorize.go:63.27,65.3 1 0
server/public/model/authorize.go:67.2,67.41 1 0
server/public/model/authorize.go:67.41,69.3 1 0
server/public/model/authorize.go:71.2,71.23 1 0
server/public/model/authorize.go:71.23,73.3 1 0
server/public/model/authorize.go:75.2,75.22 1 0
server/public/model/authorize.go:75.22,77.3 1 0
server/public/model/authorize.go:79.2,79.66 1 0
server/public/model/authorize.go:79.66,81.3 1 0
server/public/model/authorize.go:83.2,83.26 1 0
server/public/model/authorize.go:83.26,85.3 1 0
server/public/model/authorize.go:87.2,87.25 1 0
server/public/model/authorize.go:87.25,89.3 1 0
server/public/model/authorize.go:92.2,92.60 1 0
server/public/model/authorize.go:92.60,93.43 1 0
server/public/model/authorize.go:93.43,95.4 1 0
server/public/model/authorize.go:99.2,99.23 1 0
server/public/model/authorize.go:99.23,100.97 1 0
server/public/model/authorize.go:100.97,102.4 1 0
server/public/model/authorize.go:105.2,105.12 1 0
server/public/model/authorize.go:110.49,111.29 1 0
server/public/model/authorize.go:111.29,113.3 1 0
server/public/model/authorize.go:115.2,115.27 1 0
server/public/model/authorize.go:115.27,117.3 1 0
server/public/model/authorize.go:119.2,119.90 1 0
server/public/model/authorize.go:119.90,121.3 1 0
server/public/model/authorize.go:123.2,123.26 1 0
server/public/model/authorize.go:123.26,125.3 1 0
server/public/model/authorize.go:127.2,127.25 1 0
server/public/model/authorize.go:127.25,129.3 1 0
server/public/model/authorize.go:132.2,132.60 1 0
server/public/model/authorize.go:132.60,133.43 1 0
server/public/model/authorize.go:133.43,135.4 1 0
server/public/model/authorize.go:139.2,139.23 1 0
server/public/model/authorize.go:139.23,140.105 1 0
server/public/model/authorize.go:140.105,142.4 1 0
server/public/model/authorize.go:145.2,145.12 1 0
server/public/model/authorize.go:148.31,149.23 1 0
server/public/model/authorize.go:149.23,151.3 1 0
server/public/model/authorize.go:153.2,153.22 1 0
server/public/model/authorize.go:153.22,155.3 1 0
server/public/model/authorize.go:157.2,157.20 1 0
server/public/model/authorize.go:157.20,159.3 1 0
server/public/model/authorize.go:162.38,164.2 1 0
server/public/model/authorize.go:167.100,168.25 1 0
server/public/model/authorize.go:168.25,170.3 1 0
server/public/model/authorize.go:172.2,172.31 1 0
server/public/model/authorize.go:172.31,174.3 1 0
server/public/model/authorize.go:177.2,177.56 1 0
server/public/model/authorize.go:177.56,179.3 1 0
server/public/model/authorize.go:182.2,182.104 1 0
server/public/model/authorize.go:182.104,184.3 1 0
server/public/model/authorize.go:187.2,187.52 1 0
server/public/model/authorize.go:187.52,189.3 1 0
server/public/model/authorize.go:191.2,191.12 1 0
server/public/model/authorize.go:195.46,197.2 1 0
server/public/model/authorize.go:200.54,202.2 1 0
server/public/model/authorize.go:205.58,207.60 1 0
server/public/model/authorize.go:207.60,209.3 1 0
server/public/model/authorize.go:212.2,212.60 1 0
server/public/model/authorize.go:212.60,214.3 1 0
server/public/model/authorize.go:217.2,217.100 1 0
server/public/model/authorize.go:217.100,219.3 1 0
server/public/model/authorize.go:222.2,222.50 1 0
server/public/model/authorize.go:222.50,224.3 1 0
server/public/model/authorize.go:227.2,227.59 1 0
server/public/model/authorize.go:227.59,229.3 1 0
server/public/model/authorize.go:232.2,235.48 3 0
server/public/model/authorize.go:239.99,240.20 1 0
server/public/model/authorize.go:240.20,242.29 1 0
server/public/model/authorize.go:242.29,244.4 1 0
server/public/model/authorize.go:245.3,245.25 1 0
server/public/model/authorize.go:245.25,247.4 1 0
server/public/model/authorize.go:249.3,249.35 1 0
server/public/model/authorize.go:249.35,251.4 1 0
server/public/model/authorize.go:252.8,254.29 1 0
server/public/model/authorize.go:254.29,256.26 1 0
server/public/model/authorize.go:256.26,258.5 1 0
server/public/model/authorize.go:260.4,260.36 1 0
server/public/model/authorize.go:260.36,262.5 1 0
server/public/model/authorize.go:263.9,263.32 1 0
server/public/model/authorize.go:263.32,266.4 1 0
server/public/model/authorize.go:269.2,269.12 1 0
server/public/model/authorize.go:273.77,275.20 1 0
server/public/model/authorize.go:275.20,277.3 1 0
server/public/model/authorize.go:280.2,280.25 1 0
server/public/model/authorize.go:280.25,282.3 1 0
server/public/model/authorize.go:284.2,285.16 2 0
server/public/model/authorize.go:285.16,287.3 1 0
server/public/model/authorize.go:290.2,290.24 1 0
server/public/model/authorize.go:290.24,292.3 1 0
server/public/model/authorize.go:295.2,295.30 1 0
server/public/model/authorize.go:295.30,297.3 1 0
server/public/model/authorize.go:299.2,299.12 1 0
server/public/model/autotranslation.go:52.44,53.14 1 0
server/public/model/autotranslation.go:53.14,55.3 1 0
server/public/model/autotranslation.go:56.2,57.25 2 0
server/public/model/autotranslation.go:57.25,60.3 2 0
server/public/model/autotranslation.go:62.2,63.19 2 0
server/public/model/autotranslation.go:63.19,66.3 2 0
server/public/model/autotranslation.go:67.2,68.25 2 0
server/public/model/autotranslation.go:68.25,71.3 2 0
server/public/model/autotranslation.go:72.2,86.3 1 0
server/public/model/autotranslation.go:92.60,93.14 1 0
server/public/model/autotranslation.go:93.14,95.3 1 0
server/public/model/autotranslation.go:98.2,99.52 2 0
server/public/model/autotranslation.go:99.52,101.3 1 0
server/public/model/autotranslation.go:103.2,108.37 2 0
server/public/model/autotranslation.go:108.37,110.3 1 0
server/public/model/autotranslation.go:110.8,112.3 1 0
server/public/model/autotranslation.go:114.2,114.11 1 0
server/public/model/autotranslation.go:117.43,118.14 1 0
server/public/model/autotranslation.go:118.14,120.3 1 0
server/public/model/autotranslation.go:121.2,121.48 1 0
server/public/model/autotranslation.go:121.48,123.3 1 0
server/public/model/autotranslation.go:124.2,124.24 1 0
server/public/model/autotranslation.go:124.24,126.3 1 0
server/public/model/autotranslation.go:127.2,127.18 1 0
server/public/model/autotranslation.go:127.18,129.3 1 0
server/public/model/autotranslation.go:132.2,132.38 1 0
server/public/model/autotranslation.go:132.38,133.23 1 0
server/public/model/autotranslation.go:133.23,135.4 1 0
server/public/model/autotranslation.go:136.3,136.19 1 0
server/public/model/autotranslation.go:136.19,138.4 1 0
server/public/model/autotranslation.go:139.3,139.73 1 0
server/public/model/autotranslation.go:139.73,141.4 1 0
server/public/model/autotranslation.go:142.3,142.54 1 0
server/public/model/autotranslation.go:142.54,144.4 1 0
server/public/model/autotranslation.go:145.3,145.64 1 0
server/public/model/autotranslation.go:145.64,147.4 1 0
server/public/model/autotranslation.go:151.2,151.64 1 0
server/public/model/autotranslation.go:151.64,153.3 1 0
server/public/model/autotranslation.go:155.2,155.12 1 0
server/public/model/autotranslation.go:172.57,173.20 1 0
server/public/model/autotranslation.go:173.20,175.3 1 0
server/public/model/autotranslation.go:176.2,176.49 1 0
server/public/model/autotranslation.go:180.87,182.2 1 0
server/public/model/autotranslation.go:208.93,210.2 1 0
server/public/model/autotranslation.go:218.70,219.84 1 0
server/public/model/autotranslation.go:219.84,221.3 1 0
server/public/model/autotranslation.go:222.2,222.35 1 0
server/public/model/bot.go:36.42,48.2 1 0
server/public/model/bot.go:57.47,63.2 1 0
server/public/model/bot.go:78.38,80.2 1 0
server/public/model/bot.go:83.28,86.2 2 0
server/public/model/bot.go:89.41,90.34 1 0
server/public/model/bot.go:90.34,92.3 1 0
server/public/model/bot.go:94.2,94.68 1 0
server/public/model/bot.go:94.68,96.3 1 0
server/public/model/bot.go:98.2,98.68 1 0
server/public/model/bot.go:98.68,100.3 1 0
server/public/model/bot.go:102.2,102.81 1 0
server/public/model/bot.go:102.81,104.3 1 0
server/public/model/bot.go:106.2,106.12 1 0
server/public/model/bot.go:110.35,111.26 1 0
server/public/model/bot.go:111.26,113.3 1 0
server/public/model/bot.go:115.2,115.21 1 0
server/public/model/bot.go:115.21,117.3 1 0
server/public/model/bot.go:119.2,119.21 1 0
server/public/model/bot.go:119.21,121.3 1 0
server/public/model/bot.go:122.2,122.26 1 0
server/public/model/bot.go:126.25,131.2 4 0
server/public/model/bot.go:134.27,136.2 1 0
server/public/model/bot.go:139.29,141.2 1 0
server/public/model/bot.go:146.38,147.27 1 0
server/public/model/bot.go:147.27,149.3 1 0
server/public/model/bot.go:151.2,151.30 1 0
server/public/model/bot.go:151.30,153.3 1 0
server/public/model/bot.go:155.2,155.30 1 0
server/public/model/bot.go:155.30,157.3 1 0
server/public/model/bot.go:161.48,162.18 1 0
server/public/model/bot.go:162.18,164.3 1 0
server/public/model/bot.go:165.2,165.60 1 0
server/public/model/bot.go:165.60,167.3 1 0
server/public/model/bot.go:168.2,168.69 1 0
server/public/model/bot.go:168.69,170.3 1 0
server/public/model/bot.go:171.2,171.69 1 0
server/public/model/bot.go:171.69,173.3 1 0
server/public/model/bot.go:174.2,174.14 1 0
server/public/model/bot.go:178.32,186.2 1 0
server/public/model/bot.go:189.32,196.2 1 0
server/public/model/bot.go:199.33,204.23 4 0
server/public/model/bot.go:204.23,205.21 1 0
server/public/model/bot.go:205.21,208.4 2 0
server/public/model/bot.go:211.2,211.36 1 0
server/public/model/bot.go:216.59,218.2 1 0
server/public/model/bot.go:220.62,221.39 1 0
server/public/model/bot.go:221.39,223.3 1 0
server/public/model/bot.go:225.2,225.106 1 0
server/public/model/bot.go:225.106,227.3 1 0
server/public/model/bot.go:229.2,229.13 1 0
server/public/model/builtin.go:7.32,7.49 1 0
server/public/model/builtin.go:11.37,12.14 1 0
server/public/model/builtin.go:12.14,15.3 2 0
server/public/model/builtin.go:16.2,16.11 1 0
server/public/model/bundle_info.go:18.67,19.23 1 0
server/public/model/bundle_info.go:19.23,21.3 1 0
server/public/model/bundle_info.go:22.2,22.56 1 0
server/public/model/bundle_info.go:26.49,34.2 2 0
server/public/model/channel.go:58.51,59.18 1 0
server/public/model/channel.go:59.18,61.3 1 0
server/public/model/channel.go:63.2,64.9 2 0
server/public/model/channel.go:64.9,66.3 1 0
server/public/model/channel.go:68.2,68.29 1 0
server/public/model/channel.go:71.58,72.32 1 0
server/public/model/channel.go:72.32,74.3 1 0
server/public/model/channel.go:76.2,77.16 2 0
server/public/model/channel.go:77.16,79.3 1 0
server/public/model/channel.go:80.2,80.23 1 0
server/public/model/channel.go:127.55,128.43 1 0
server/public/model/channel.go:128.43,130.3 1 0
server/public/model/channel.go:131.2,131.32 1 0
server/public/model/channel.go:138.52,140.2 1 0
server/public/model/channel.go:142.46,166.2 1 0
server/public/model/channel.go:168.34,170.2 1 0
server/public/model/channel.go:197.51,206.2 1 0
server/public/model/channel.go:239.61,244.2 1 0
server/public/model/channel.go:297.38,298.32 1 0
server/public/model/channel.go:298.32,300.3 1 0
server/public/model/channel.go:303.39,305.27 2 0
server/public/model/channel.go:305.27,307.3 1 0
server/public/model/channel.go:308.2,308.15 1 0
server/public/model/channel.go:311.39,312.22 1 0
server/public/model/channel.go:312.22,314.3 1 0
server/public/model/channel.go:316.2,316.21 1 0
server/public/model/channel.go:316.21,318.3 1 0
server/public/model/channel.go:320.2,320.21 1 0
server/public/model/channel.go:320.21,322.3 1 0
server/public/model/channel.go:324.2,324.72 1 0
server/public/model/channel.go:324.72,326.3 1 0
server/public/model/channel.go:328.2,328.39 1 0
server/public/model/channel.go:328.39,330.3 1 0
server/public/model/channel.go:332.2,332.198 1 0
server/public/model/channel.go:332.198,334.3 1 0
server/public/model/channel.go:336.2,336.62 1 0
server/public/model/channel.go:336.62,338.3 1 0
server/public/model/channel.go:340.2,340.64 1 0
server/public/model/channel.go:340.64,342.3 1 0
server/public/model/channel.go:344.2,344.27 1 0
server/public/model/channel.go:344.27,346.3 1 0
server/public/model/channel.go:348.2,348.63 1 0
server/public/model/channel.go:348.63,350.152 2 0
server/public/model/channel.go:350.152,352.4 1 0
server/public/model/channel.go:355.2,355.81 1 0
server/public/model/channel.go:355.81,356.64 1 0
server/public/model/channel.go:356.64,358.4 1 0
server/public/model/channel.go:360.3,360.63 1 0
server/public/model/channel.go:360.63,362.4 1 0
server/public/model/channel.go:362.9,362.66 1 0
server/public/model/channel.go:362.66,364.4 1 0
server/public/model/channel.go:366.3,366.85 1 0
server/public/model/channel.go:366.85,368.4 1 0
server/public/model/channel.go:370.3,370.71 1 0
server/public/model/channel.go:370.71,372.4 1 0
server/public/model/channel.go:375.2,375.52 1 0
server/public/model/channel.go:375.52,377.3 1 0
server/public/model/channel.go:379.2,379.54 1 0
server/public/model/channel.go:379.54,381.3 1 0
server/public/model/channel.go:383.2,383.12 1 0
server/public/model/channel.go:389.44,390.18 1 0
server/public/model/channel.go:390.18,392.3 1 0
server/public/model/channel.go:394.2,394.20 1 0
server/public/model/channel.go:394.20,396.3 1 0
server/public/model/channel.go:398.2,398.25 1 0
server/public/model/channel.go:398.25,400.3 1 0
server/public/model/channel.go:402.2,402.12 1 0
server/public/model/channel.go:405.29,406.16 1 0
server/public/model/channel.go:406.16,408.3 1 0
server/public/model/channel.go:410.2,412.21 3 0
server/public/model/channel.go:412.21,414.3 1 0
server/public/model/channel.go:415.2,416.21 2 0
server/public/model/channel.go:419.31,423.2 3 0
server/public/model/channel.go:425.42,427.2 1 0
server/public/model/channel.go:430.44,432.2 1 0
server/public/model/channel.go:434.33,436.2 1 0
server/public/model/channel.go:438.34,440.2 1 0
server/public/model/channel.go:445.43,446.16 1 0
server/public/model/channel.go:447.80,448.14 1 0
server/public/model/channel.go:450.2,450.14 1 0
server/public/model/channel.go:453.38,455.2 1 0
server/public/model/channel.go:457.41,459.2 1 0
server/public/model/channel.go:461.46,462.30 1 0
server/public/model/channel.go:462.30,464.3 1 0
server/public/model/channel.go:466.2,466.23 1 0
server/public/model/channel.go:466.23,468.3 1 0
server/public/model/channel.go:470.2,470.25 1 0
server/public/model/channel.go:470.25,472.3 1 0
server/public/model/channel.go:474.2,474.26 1 0
server/public/model/channel.go:474.26,476.3 1 0
server/public/model/channel.go:478.2,478.35 1 0
server/public/model/channel.go:478.35,480.3 1 0
server/public/model/channel.go:483.2,483.29 1 0
server/public/model/channel.go:483.29,484.26 1 0
server/public/model/channel.go:484.26,486.4 1 0
server/public/model/channel.go:488.3,488.38 1 0
server/public/model/channel.go:488.38,490.4 1 0
server/public/model/channel.go:492.3,492.35 1 0
server/public/model/channel.go:492.35,494.4 1 0
server/public/model/channel.go:496.3,496.46 1 0
server/public/model/channel.go:496.46,498.4 1 0
server/public/model/channel.go:501.2,501.34 1 0
server/public/model/channel.go:501.34,503.3 1 0
server/public/model/channel.go:505.2,505.38 1 0
server/public/model/channel.go:505.38,507.3 1 0
server/public/model/channel.go:509.2,509.31 1 0
server/public/model/channel.go:509.31,511.3 1 0
server/public/model/channel.go:514.32,515.20 1 0
server/public/model/channel.go:515.20,517.3 1 0
server/public/model/channel.go:520.50,524.2 2 0
server/public/model/channel.go:526.45,528.2 1 0
server/public/model/channel.go:530.35,532.2 1 0
server/public/model/channel.go:534.61,537.17 2 0
server/public/model/channel.go:537.17,539.3 1 0
server/public/model/channel.go:541.2,541.21 1 0
server/public/model/channel.go:541.21,543.3 1 0
server/public/model/channel.go:545.2,545.14 1 0
server/public/model/channel.go:548.56,549.33 1 0
server/public/model/channel.go:549.33,551.3 1 0
server/public/model/channel.go:553.2,554.23 2 0
server/public/model/channel.go:554.23,556.3 1 0
server/public/model/channel.go:558.2,558.30 1 0
server/public/model/channel.go:558.30,560.3 1 0
server/public/model/channel.go:562.2,562.31 1 0
server/public/model/channel.go:565.38,572.2 1 0
server/public/model/channel.go:574.52,576.2 1 0
server/public/model/channel.go:578.55,579.23 1 0
server/public/model/channel.go:579.23,581.3 1 0
server/public/model/channel.go:582.2,582.33 1 0
server/public/model/channel.go:585.72,587.33 2 0
server/public/model/channel.go:587.33,589.3 1 0
server/public/model/channel.go:591.2,595.50 3 0
server/public/model/channel.go:595.50,597.3 1 0
server/public/model/channel.go:599.2,599.13 1 0
server/public/model/channel.go:602.55,606.29 3 0
server/public/model/channel.go:606.29,608.3 1 0
server/public/model/channel.go:610.2,610.39 1 0
server/public/model/channel_bookmark.go:37.61,39.2 1 0
server/public/model/channel_bookmark.go:48.73,50.2 1 0
server/public/model/channel_bookmark.go:71.54,85.2 1 0
server/public/model/channel_bookmark.go:88.52,91.2 2 0
server/public/model/channel_bookmark.go:96.75,105.2 8 0
server/public/model/channel_bookmark.go:107.47,108.22 1 0
server/public/model/channel_bookmark.go:108.22,110.3 1 0
server/public/model/channel_bookmark.go:112.2,112.21 1 0
server/public/model/channel_bookmark.go:112.21,114.3 1 0
server/public/model/channel_bookmark.go:116.2,116.21 1 0
server/public/model/channel_bookmark.go:116.21,118.3 1 0
server/public/model/channel_bookmark.go:120.2,120.29 1 0
server/public/model/channel_bookmark.go:120.29,122.3 1 0
server/public/model/channel_bookmark.go:124.2,124.27 1 0
server/public/model/channel_bookmark.go:124.27,126.3 1 0
server/public/model/channel_bookmark.go:128.2,128.88 1 0
server/public/model/channel_bookmark.go:128.88,130.3 1 0
server/public/model/channel_bookmark.go:132.2,132.41 1 0
server/public/model/channel_bookmark.go:132.41,134.3 1 0
server/public/model/channel_bookmark.go:136.2,136.86 1 0
server/public/model/channel_bookmark.go:136.86,138.3 1 0
server/public/model/channel_bookmark.go:140.2,140.36 1 0
server/public/model/channel_bookmark.go:140.36,141.49 1 0
server/public/model/channel_bookmark.go:141.49,143.4 1 0
server/public/model/channel_bookmark.go:144.3,144.188 1 0
server/public/model/channel_bookmark.go:144.188,146.4 1 0
server/public/model/channel_bookmark.go:147.3,147.21 1 0
server/public/model/channel_bookmark.go:147.21,149.4 1 0
server/public/model/channel_bookmark.go:150.3,150.23 1 0
server/public/model/channel_bookmark.go:150.23,152.4 1 0
server/public/model/channel_bookmark.go:155.2,155.53 1 0
server/public/model/channel_bookmark.go:155.53,157.3 1 0
server/public/model/channel_bookmark.go:159.2,159.54 1 0
server/public/model/channel_bookmark.go:159.54,161.3 1 0
server/public/model/channel_bookmark.go:163.2,163.138 1 0
server/public/model/channel_bookmark.go:163.138,165.3 1 0
server/public/model/channel_bookmark.go:167.2,167.141 1 0
server/public/model/channel_bookmark.go:167.141,169.3 1 0
server/public/model/channel_bookmark.go:171.2,171.79 1 0
server/public/model/channel_bookmark.go:171.79,173.3 1 0
server/public/model/channel_bookmark.go:175.2,175.40 1 0
server/public/model/channel_bookmark.go:175.40,177.3 1 0
server/public/model/channel_bookmark.go:179.2,179.52 1 0
server/public/model/channel_bookmark.go:179.52,181.3 1 0
server/public/model/channel_bookmark.go:183.2,183.48 1 0
server/public/model/channel_bookmark.go:183.48,185.3 1 0
server/public/model/channel_bookmark.go:187.2,187.12 1 0
server/public/model/channel_bookmark.go:190.37,191.16 1 0
server/public/model/channel_bookmark.go:191.16,193.3 1 0
server/public/model/channel_bookmark.go:195.2,197.21 3 0
server/public/model/channel_bookmark.go:197.21,199.3 1 0
server/public/model/channel_bookmark.go:200.2,200.25 1 0
server/public/model/channel_bookmark.go:203.39,207.2 3 0
server/public/model/channel_bookmark.go:209.92,231.28 2 0
server/public/model/channel_bookmark.go:231.28,233.3 1 0
server/public/model/channel_bookmark.go:235.2,235.13 1 0
server/public/model/channel_bookmark.go:247.59,251.2 1 0
server/public/model/channel_bookmark.go:253.62,254.25 1 0
server/public/model/channel_bookmark.go:254.25,256.3 1 0
server/public/model/channel_bookmark.go:258.2,258.30 1 0
server/public/model/channel_bookmark.go:258.30,260.3 1 0
server/public/model/channel_bookmark.go:261.2,261.28 1 0
server/public/model/channel_bookmark.go:261.28,263.3 1 0
server/public/model/channel_bookmark.go:264.2,264.26 1 0
server/public/model/channel_bookmark.go:264.26,266.3 1 0
server/public/model/channel_bookmark.go:267.2,267.27 1 0
server/public/model/channel_bookmark.go:267.27,269.3 1 0
server/public/model/channel_bookmark.go:270.2,270.24 1 0
server/public/model/channel_bookmark.go:270.24,272.3 1 0
server/public/model/channel_bookmark.go:280.66,282.23 2 0
server/public/model/channel_bookmark.go:282.23,284.3 1 0
server/public/model/channel_bookmark.go:286.2,286.10 1 0
server/public/model/channel_bookmark.go:290.76,293.2 2 0
server/public/model/channel_bookmark.go:310.68,312.22 2 0
server/public/model/channel_bookmark.go:312.22,314.3 1 0
server/public/model/channel_bookmark.go:315.2,315.22 1 0
server/public/model/channel_bookmark.go:315.22,317.3 1 0
server/public/model/channel_bookmark.go:318.2,318.10 1 0
server/public/model/channel_bookmark.go:349.99,371.42 2 0
server/public/model/channel_bookmark.go:371.42,373.29 2 0
server/public/model/channel_bookmark.go:373.29,375.4 1 0
server/public/model/channel_bookmark.go:376.3,386.4 1 0
server/public/model/channel_bookmark.go:388.2,388.12 1 0
server/public/model/channel_data.go:11.37,13.21 2 0
server/public/model/channel_data.go:13.21,15.3 1 0
server/public/model/channel_data.go:17.2,17.73 1 0
server/public/model/channel_join_request.go:63.53,64.11 1 0
server/public/model/channel_join_request.go:68.37,69.14 1 0
server/public/model/channel_join_request.go:71.2,71.14 1 0
server/public/model/channel_join_request.go:74.57,87.2 1 0
server/public/model/channel_join_request.go:89.45,91.2 1 0
server/public/model/channel_join_request.go:93.50,94.22 1 0
server/public/model/channel_join_request.go:94.22,96.3 1 0
server/public/model/channel_join_request.go:98.2,98.29 1 0
server/public/model/channel_join_request.go:98.29,100.3 1 0
server/public/model/channel_join_request.go:102.2,102.26 1 0
server/public/model/channel_join_request.go:102.26,104.3 1 0
server/public/model/channel_join_request.go:106.2,106.21 1 0
server/public/model/channel_join_request.go:106.21,108.3 1 0
server/public/model/channel_join_request.go:110.2,110.21 1 0
server/public/model/channel_join_request.go:110.21,112.3 1 0
server/public/model/channel_join_request.go:114.2,114.48 1 0
server/public/model/channel_join_request.go:114.48,116.3 1 0
server/public/model/channel_join_request.go:118.2,118.75 1 0
server/public/model/channel_join_request.go:118.75,120.3 1 0
server/public/model/channel_join_request.go:122.2,122.85 1 0
server/public/model/channel_join_request.go:122.85,124.3 1 0
server/public/model/channel_join_request.go:127.2,127.72 1 0
server/public/model/channel_join_request.go:127.72,129.3 1 0
server/public/model/channel_join_request.go:131.2,131.52 1 0
server/public/model/channel_join_request.go:131.52,133.3 1 0
server/public/model/channel_join_request.go:136.2,136.18 1 0
server/public/model/channel_join_request.go:137.72,138.46 1 0
server/public/model/channel_join_request.go:138.46,140.4 1 0
server/public/model/channel_join_request.go:143.2,143.12 1 0
server/public/model/channel_join_request.go:146.40,147.16 1 0
server/public/model/channel_join_request.go:147.16,149.3 1 0
server/public/model/channel_join_request.go:150.2,150.20 1 0
server/public/model/channel_join_request.go:150.20,152.3 1 0
server/public/model/channel_join_request.go:153.2,153.21 1 0
server/public/model/channel_join_request.go:153.21,155.3 1 0
server/public/model/channel_join_request.go:156.2,158.50 3 0
server/public/model/channel_join_request.go:161.42,165.2 3 0
server/public/model/channel_list.go:8.37,13.23 4 0
server/public/model/channel_list.go:13.23,14.23 1 0
server/public/model/channel_list.go:14.23,17.4 2 0
server/public/model/channel_list.go:19.3,19.21 1 0
server/public/model/channel_list.go:19.21,22.4 2 0
server/public/model/channel_list.go:25.2,25.36 1 0
server/public/model/channel_list.go:30.49,35.23 4 0
server/public/model/channel_list.go:35.23,36.23 1 0
server/public/model/channel_list.go:36.23,39.4 2 0
server/public/model/channel_list.go:41.3,41.21 1 0
server/public/model/channel_list.go:41.21,44.4 2 0
server/public/model/channel_list.go:46.3,46.25 1 0
server/public/model/channel_list.go:46.25,49.4 2 0
server/public/model/channel_list.go:52.2,52.36 1 0
server/public/model/channel_member.go:73.52,91.2 1 0
server/public/model/channel_member.go:95.70,98.31 1 0
server/public/model/channel_member.go:98.31,101.3 2 0
server/public/model/channel_member.go:129.45,130.29 1 0
server/public/model/channel_member.go:130.29,132.3 1 0
server/public/model/channel_member.go:134.2,134.26 1 0
server/public/model/channel_member.go:134.26,136.3 1 0
server/public/model/channel_member.go:138.2,138.84 1 0
server/public/model/channel_member.go:138.84,140.3 1 0
server/public/model/channel_member.go:142.2,142.39 1 0
server/public/model/channel_member.go:142.39,145.3 1 0
server/public/model/channel_member.go:147.2,147.12 1 0
server/public/model/channel_member.go:150.104,151.82 1 0
server/public/model/channel_member.go:151.82,152.71 1 0
server/public/model/channel_member.go:152.71,154.4 1 0
server/public/model/channel_member.go:157.2,157.89 1 0
server/public/model/channel_member.go:157.89,158.83 1 0
server/public/model/channel_member.go:158.83,160.4 1 0
server/public/model/channel_member.go:163.2,163.54 1 0
server/public/model/channel_member.go:163.54,164.67 1 0
server/public/model/channel_member.go:164.67,166.4 1 0
server/public/model/channel_member.go:169.2,169.55 1 0
server/public/model/channel_member.go:169.55,170.58 1 0
server/public/model/channel_member.go:170.58,172.4 1 0
server/public/model/channel_member.go:175.2,175.83 1 0
server/public/model/channel_member.go:175.83,176.94 1 0
server/public/model/channel_member.go:176.94,178.4 1 0
server/public/model/channel_member.go:181.2,181.79 1 0
server/public/model/channel_member.go:181.79,182.102 1 0
server/public/model/channel_member.go:182.102,184.4 1 0
server/public/model/channel_member.go:187.2,188.86 2 0
server/public/model/channel_member.go:188.86,190.3 1 0
server/public/model/channel_member.go:192.2,192.12 1 0
server/public/model/channel_member.go:195.35,197.2 1 0
server/public/model/channel_member.go:199.37,201.2 1 0
server/public/model/channel_member.go:203.45,205.2 1 0
server/public/model/channel_member.go:207.53,208.24 1 0
server/public/model/channel_member.go:208.24,210.3 1 0
server/public/model/channel_member.go:210.8,212.3 1 0
server/public/model/channel_member.go:215.47,217.2 1 0
server/public/model/channel_member.go:219.57,224.2 1 0
server/public/model/channel_member.go:226.65,228.2 1 0
server/public/model/channel_member.go:230.46,232.2 1 0
server/public/model/channel_member.go:234.70,236.2 1 0
server/public/model/channel_member.go:238.76,240.2 1 0
server/public/model/channel_member.go:242.47,251.2 1 0
server/public/model/channel_member.go:283.64,291.2 1 0
server/public/model/channel_mentions.go:13.47,16.36 2 0
server/public/model/channel_mentions.go:16.36,18.73 2 0
server/public/model/channel_mentions.go:18.73,20.31 2 0
server/public/model/channel_mentions.go:20.31,23.5 2 0
server/public/model/channel_mentions.go:27.2,27.14 1 0
server/public/model/channel_mentions.go:32.80,36.41 3 0
server/public/model/channel_mentions.go:36.41,37.24 1 0
server/public/model/channel_mentions.go:37.24,38.12 1 0
server/public/model/channel_mentions.go:42.3,42.84 1 0
server/public/model/channel_mentions.go:42.84,44.31 2 0
server/public/model/channel_mentions.go:44.31,47.5 2 0
server/public/model/channel_mentions.go:51.3,51.81 1 0
server/public/model/channel_mentions.go:51.81,53.31 2 0
server/public/model/channel_mentions.go:53.31,56.5 2 0
server/public/model/channel_mentions.go:60.3,60.43 1 0
server/public/model/channel_mentions.go:60.43,61.20 1 0
server/public/model/channel_mentions.go:61.20,62.13 1 0
server/public/model/channel_mentions.go:66.4,67.35 2 0
server/public/model/channel_mentions.go:68.16,69.17 1 0
server/public/model/channel_mentions.go:70.12,72.13 1 0
server/public/model/channel_mentions.go:75.4,75.75 1 0
server/public/model/channel_mentions.go:75.75,77.32 2 0
server/public/model/channel_mentions.go:77.32,80.6 2 0
server/public/model/channel_mentions.go:85.2,85.14 1 0
server/public/model/channel_sidebar.go:61.61,63.2 1 0
server/public/model/channel_sidebar.go:85.39,87.18 1 0
server/public/model/channel_sidebar.go:87.18,89.3 1 0
server/public/model/channel_sidebar.go:92.2,92.41 1 0
server/public/model/channel_sidebar.go:95.60,97.2 1 0
server/public/model/channel_sidebar.go:99.63,101.2 1 0
server/public/model/channel_stats.go:14.47,16.2 1 0
server/public/model/channel_stats.go:18.46,20.2 1 0
server/public/model/channel_stats.go:22.51,24.2 1 0
server/public/model/client4.go:89.62,90.11 1 0
server/public/model/client4.go:90.11,92.3 1 0
server/public/model/client4.go:92.8,94.3 1 0
server/public/model/client4.go:98.49,99.33 1 0
server/public/model/client4.go:99.33,101.3 1 0
server/public/model/client4.go:101.8,101.42 1 0
server/public/model/client4.go:101.42,103.3 1 0
server/public/model/client4.go:105.2,105.11 1 0
server/public/model/client4.go:105.11,107.3 1 0
server/public/model/client4.go:108.2,108.16 1 0
server/public/model/client4.go:111.34,112.19 1 0
server/public/model/client4.go:112.19,115.3 2 0
server/public/model/client4.go:118.42,121.2 2 0
server/public/model/client4.go:123.55,125.54 1 0
server/public/model/client4.go:125.54,127.4 1 0
server/public/model/client4.go:130.2,133.15 3 0
server/public/model/client4.go:136.48,137.14 1 0
server/public/model/client4.go:137.14,139.3 1 0
server/public/model/client4.go:141.2,147.3 1 0
server/public/model/client4.go:152.76,154.44 2 0
server/public/model/client4.go:154.44,156.3 1 0
server/public/model/client4.go:157.2,157.64 1 0
server/public/model/client4.go:157.64,159.3 1 0
server/public/model/client4.go:160.2,160.38 1 0
server/public/model/client4.go:165.73,166.44 1 0
server/public/model/client4.go:166.44,168.3 1 0
server/public/model/client4.go:169.2,170.16 2 0
server/public/model/client4.go:170.16,172.3 1 0
server/public/model/client4.go:173.2,173.36 1 0
server/public/model/client4.go:176.42,179.2 2 0
server/public/model/client4.go:182.45,184.2 1 0
server/public/model/client4.go:186.47,189.2 2 0
server/public/model/client4.go:191.37,194.2 2 0
server/public/model/client4.go:196.44,198.2 1 0
server/public/model/client4.go:200.46,202.2 1 0
server/public/model/client4.go:204.56,206.2 1 0
server/public/model/client4.go:208.71,210.2 1 0
server/public/model/client4.go:212.80,214.2 1 0
server/public/model/client4.go:216.72,218.2 1 0
server/public/model/client4.go:220.55,222.2 1 0
server/public/model/client4.go:224.68,226.2 1 0
server/public/model/client4.go:228.68,230.2 1 0
server/public/model/client4.go:232.62,234.2 1 0
server/public/model/client4.go:236.43,238.2 1 0
server/public/model/client4.go:240.58,242.2 1 0
server/public/model/client4.go:244.44,246.2 1 0
server/public/model/client4.go:248.56,250.2 1 0
server/public/model/client4.go:252.76,254.2 1 0
server/public/model/client4.go:256.64,258.2 1 0
server/public/model/client4.go:260.70,262.2 1 0
server/public/model/client4.go:264.63,266.2 1 0
server/public/model/client4.go:268.61,270.2 1 0
server/public/model/client4.go:272.62,274.2 1 0
server/public/model/client4.go:276.47,278.2 1 0
server/public/model/client4.go:280.67,282.2 1 0
server/public/model/client4.go:284.62,286.2 1 0
server/public/model/client4.go:288.78,290.2 1 0
server/public/model/client4.go:292.82,294.2 1 0
server/public/model/client4.go:296.91,298.2 1 0
server/public/model/client4.go:300.69,302.2 1 0
server/public/model/client4.go:304.76,306.2 1 0
server/public/model/client4.go:308.44,310.2 1 0
server/public/model/client4.go:312.54,314.2 1 0
server/public/model/client4.go:316.53,318.2 1 0
server/public/model/client4.go:320.45,322.2 1 0
server/public/model/client4.go:324.46,326.2 1 0
server/public/model/client4.go:328.56,330.2 1 0
server/public/model/client4.go:332.44,334.2 1 0
server/public/model/client4.go:336.56,338.2 1 0
server/public/model/client4.go:340.46,342.2 1 0
server/public/model/client4.go:344.60,346.2 1 0
server/public/model/client4.go:348.46,350.2 1 0
server/public/model/client4.go:352.60,354.2 1 0
server/public/model/client4.go:356.45,358.2 1 0
server/public/model/client4.go:360.57,362.2 1 0
server/public/model/client4.go:364.44,366.2 1 0
server/public/model/client4.go:368.48,370.2 1 0
server/public/model/client4.go:372.55,374.2 1 0
server/public/model/client4.go:376.44,378.2 1 0
server/public/model/client4.go:380.50,382.2 1 0
server/public/model/client4.go:384.45,386.2 1 0
server/public/model/client4.go:388.52,390.2 1 0
server/public/model/client4.go:392.47,394.2 1 0
server/public/model/client4.go:396.44,398.2 1 0
server/public/model/client4.go:400.46,402.2 1 0
server/public/model/client4.go:404.55,406.2 1 0
server/public/model/client4.go:408.67,410.2 1 0
server/public/model/client4.go:412.56,414.2 1 0
server/public/model/client4.go:416.70,418.2 1 0
server/public/model/client4.go:420.78,422.2 1 0
server/public/model/client4.go:424.55,426.2 1 0
server/public/model/client4.go:428.67,430.2 1 0
server/public/model/client4.go:432.63,434.2 1 0
server/public/model/client4.go:436.62,438.2 1 0
server/public/model/client4.go:440.51,442.2 1 0
server/public/model/client4.go:444.43,446.2 1 0
server/public/model/client4.go:448.43,450.2 1 0
server/public/model/client4.go:452.44,454.2 1 0
server/public/model/client4.go:456.52,458.2 1 0
server/public/model/client4.go:460.73,462.2 1 0
server/public/model/client4.go:464.52,466.2 1 0
server/public/model/client4.go:468.47,470.2 1 0
server/public/model/client4.go:472.62,474.2 1 0
server/public/model/client4.go:476.66,478.2 1 0
server/public/model/client4.go:480.45,482.2 1 0
server/public/model/client4.go:484.45,486.2 1 0
server/public/model/client4.go:488.58,490.2 1 0
server/public/model/client4.go:492.61,494.2 1 0
server/public/model/client4.go:496.48,498.2 1 0
server/public/model/client4.go:500.44,502.2 1 0
server/public/model/client4.go:504.48,506.2 1 0
server/public/model/client4.go:508.59,510.2 1 0
server/public/model/client4.go:512.52,514.2 1 0
server/public/model/client4.go:516.63,518.2 1 0
server/public/model/client4.go:520.71,522.2 1 0
server/public/model/client4.go:524.43,526.2 1 0
server/public/model/client4.go:528.44,530.2 1 0
server/public/model/client4.go:532.46,534.2 1 0
server/public/model/client4.go:536.54,538.2 1 0
server/public/model/client4.go:540.48,542.2 1 0
server/public/model/client4.go:544.48,546.2 1 0
server/public/model/client4.go:548.68,550.2 1 0
server/public/model/client4.go:552.62,554.2 1 0
server/public/model/client4.go:556.54,558.2 1 0
server/public/model/client4.go:560.55,562.2 1 0
server/public/model/client4.go:564.49,566.2 1 0
server/public/model/client4.go:568.70,570.2 1 0
server/public/model/client4.go:572.53,574.2 1 0
server/public/model/client4.go:576.45,578.2 1 0
server/public/model/client4.go:580.69,582.2 1 0
server/public/model/client4.go:584.58,586.2 1 0
server/public/model/client4.go:588.99,591.2 2 0
server/public/model/client4.go:593.110,595.2 1 0
server/public/model/client4.go:597.46,599.2 1 0
server/public/model/client4.go:601.46,603.2 1 0
server/public/model/client4.go:605.56,607.2 1 0
server/public/model/client4.go:609.56,611.2 1 0
server/public/model/client4.go:613.52,615.2 1 0
server/public/model/client4.go:617.74,619.2 1 0
server/public/model/client4.go:621.78,623.2 1 0
server/public/model/client4.go:625.53,627.2 1 0
server/public/model/client4.go:629.48,631.2 1 0
server/public/model/client4.go:633.50,635.2 1 0
server/public/model/client4.go:637.45,639.2 1 0
server/public/model/client4.go:641.62,643.2 1 0
server/public/model/client4.go:645.64,647.2 1 0
server/public/model/client4.go:649.75,651.2 1 0
server/public/model/client4.go:653.45,655.2 1 0
server/public/model/client4.go:657.60,659.2 1 0
server/public/model/client4.go:661.67,663.2 1 0
server/public/model/client4.go:665.56,667.2 1 0
server/public/model/client4.go:669.79,671.2 1 0
server/public/model/client4.go:673.67,675.2 1 0
server/public/model/client4.go:677.80,679.2 1 0
server/public/model/client4.go:681.67,683.2 1 0
server/public/model/client4.go:685.81,687.2 1 0
server/public/model/client4.go:689.89,691.2 1 0
server/public/model/client4.go:693.91,695.2 1 0
server/public/model/client4.go:697.75,699.2 1 0
server/public/model/client4.go:701.60,703.2 1 0
server/public/model/client4.go:705.42,707.2 1 0
server/public/model/client4.go:709.73,711.2 1 0
server/public/model/client4.go:713.43,715.2 1 0
server/public/model/client4.go:717.46,719.2 1 0
server/public/model/client4.go:721.46,723.2 1 0
server/public/model/client4.go:725.51,727.2 1 0
server/public/model/client4.go:729.48,731.2 1 0
server/public/model/client4.go:734.98,736.2 1 0
server/public/model/client4.go:740.92,742.2 1 0
server/public/model/client4.go:746.100,748.16 2 0
server/public/model/client4.go:748.16,750.3 1 0
server/public/model/client4.go:751.2,751.73 1 0
server/public/model/client4.go:756.91,758.2 1 0
server/public/model/client4.go:762.99,764.16 2 0
server/public/model/client4.go:764.16,766.3 1 0
server/public/model/client4.go:767.2,767.72 1 0
server/public/model/client4.go:772.101,774.16 2 0
server/public/model/client4.go:774.16,776.3 1 0
server/public/model/client4.go:777.2,777.74 1 0
server/public/model/client4.go:782.88,784.2 1 0
server/public/model/client4.go:788.102,790.16 2 0
server/public/model/client4.go:790.16,792.3 1 0
server/public/model/client4.go:793.2,793.75 1 0
server/public/model/client4.go:798.141,800.2 1 0
server/public/model/client4.go:802.167,804.16 2 0
server/public/model/client4.go:804.16,806.3 1 0
server/public/model/client4.go:807.2,807.73 1 0
server/public/model/client4.go:810.109,812.2 1 0
server/public/model/client4.go:814.128,816.2 1 0
server/public/model/client4.go:818.105,820.16 2 0
server/public/model/client4.go:820.16,822.3 1 0
server/public/model/client4.go:823.2,823.41 1 0
server/public/model/client4.go:826.132,828.16 2 0
server/public/model/client4.go:828.16,830.3 1 0
server/public/model/client4.go:831.2,832.49 2 0
server/public/model/client4.go:835.133,837.16 2 0
server/public/model/client4.go:837.16,839.3 1 0
server/public/model/client4.go:840.2,841.50 2 0
server/public/model/client4.go:844.134,846.16 2 0
server/public/model/client4.go:846.16,848.3 1 0
server/public/model/client4.go:849.2,850.54 2 0
server/public/model/client4.go:853.122,855.16 2 0
server/public/model/client4.go:855.16,857.3 1 0
server/public/model/client4.go:858.2,859.46 2 0
server/public/model/client4.go:862.106,864.16 2 0
server/public/model/client4.go:864.16,866.3 1 0
server/public/model/client4.go:867.2,867.42 1 0
server/public/model/client4.go:870.107,872.16 2 0
server/public/model/client4.go:872.16,874.3 1 0
server/public/model/client4.go:875.2,875.46 1 0
server/public/model/client4.go:878.105,880.16 2 0
server/public/model/client4.go:880.16,882.3 1 0
server/public/model/client4.go:883.2,883.41 1 0
server/public/model/client4.go:886.106,888.16 2 0
server/public/model/client4.go:888.16,890.3 1 0
server/public/model/client4.go:891.2,891.45 1 0
server/public/model/client4.go:894.108,896.16 2 0
server/public/model/client4.go:896.16,898.3 1 0
server/public/model/client4.go:899.2,899.47 1 0
server/public/model/client4.go:902.95,904.16 2 0
server/public/model/client4.go:904.16,906.3 1 0
server/public/model/client4.go:907.2,907.38 1 0
server/public/model/client4.go:910.109,912.16 2 0
server/public/model/client4.go:912.16,914.3 1 0
server/public/model/client4.go:915.2,915.48 1 0
server/public/model/client4.go:921.159,923.16 2 0
server/public/model/client4.go:923.16,925.3 1 0
server/public/model/client4.go:927.2,927.28 1 0
server/public/model/client4.go:927.28,929.3 1 0
server/public/model/client4.go:931.2,931.23 1 0
server/public/model/client4.go:931.23,933.3 1 0
server/public/model/client4.go:935.2,935.23 1 0
server/public/model/client4.go:935.23,937.3 1 0
server/public/model/client4.go:939.2,939.27 1 0
server/public/model/client4.go:939.27,940.34 1 0
server/public/model/client4.go:940.34,942.4 1 0
server/public/model/client4.go:945.2,946.16 2 0
server/public/model/client4.go:946.16,948.3 1 0
server/public/model/client4.go:950.2,950.26 1 0
server/public/model/client4.go:950.26,952.3 1 0
server/public/model/client4.go:954.2,954.26 1 0
server/public/model/client4.go:954.26,957.3 2 0
server/public/model/client4.go:959.2,959.16 1 0
server/public/model/client4.go:962.138,964.16 2 0
server/public/model/client4.go:964.16,966.3 1 0
server/public/model/client4.go:967.2,968.55 2 0
server/public/model/client4.go:971.145,973.16 2 0
server/public/model/client4.go:973.16,975.3 1 0
server/public/model/client4.go:976.2,977.55 2 0
server/public/model/client4.go:980.172,982.16 2 0
server/public/model/client4.go:982.16,984.3 1 0
server/public/model/client4.go:985.2,986.66 2 0
server/public/model/client4.go:989.185,991.16 2 0
server/public/model/client4.go:991.16,993.3 1 0
server/public/model/client4.go:994.2,994.89 1 0
server/public/model/client4.go:1000.104,1005.2 4 0
server/public/model/client4.go:1009.105,1014.2 4 0
server/public/model/client4.go:1017.111,1023.2 5 0
server/public/model/client4.go:1028.132,1034.2 5 0
server/public/model/client4.go:1037.115,1043.2 5 0
server/public/model/client4.go:1045.93,1047.16 2 0
server/public/model/client4.go:1047.16,1049.3 1 0
server/public/model/client4.go:1050.2,1054.41 4 0
server/public/model/client4.go:1057.112,1062.16 5 0
server/public/model/client4.go:1062.16,1064.3 1 0
server/public/model/client4.go:1065.2,1069.41 4 0
server/public/model/client4.go:1072.105,1076.16 4 0
server/public/model/client4.go:1076.16,1078.3 1 0
server/public/model/client4.go:1079.2,1080.54 2 0
server/public/model/client4.go:1084.66,1086.16 2 0
server/public/model/client4.go:1086.16,1088.3 1 0
server/public/model/client4.go:1089.2,1092.30 4 0
server/public/model/client4.go:1096.115,1098.16 2 0
server/public/model/client4.go:1098.16,1100.3 1 0
server/public/model/client4.go:1101.2,1103.16 3 0
server/public/model/client4.go:1103.16,1105.3 1 0
server/public/model/client4.go:1106.2,1106.41 1 0
server/public/model/client4.go:1112.89,1114.16 2 0
server/public/model/client4.go:1114.16,1116.3 1 0
server/public/model/client4.go:1117.2,1118.41 2 0
server/public/model/client4.go:1122.114,1123.19 1 0
server/public/model/client4.go:1123.19,1125.3 1 0
server/public/model/client4.go:1127.2,1130.16 4 0
server/public/model/client4.go:1130.16,1132.3 1 0
server/public/model/client4.go:1133.2,1134.41 2 0
server/public/model/client4.go:1138.118,1139.20 1 0
server/public/model/client4.go:1139.20,1141.3 1 0
server/public/model/client4.go:1143.2,1146.16 4 0
server/public/model/client4.go:1146.16,1148.3 1 0
server/public/model/client4.go:1149.2,1150.41 2 0
server/public/model/client4.go:1154.85,1156.16 2 0
server/public/model/client4.go:1156.16,1158.3 1 0
server/public/model/client4.go:1159.2,1160.41 2 0
server/public/model/client4.go:1164.95,1166.16 2 0
server/public/model/client4.go:1166.16,1168.3 1 0
server/public/model/client4.go:1169.2,1170.41 2 0
server/public/model/client4.go:1174.107,1176.16 2 0
server/public/model/client4.go:1176.16,1178.3 1 0
server/public/model/client4.go:1179.2,1180.41 2 0
server/public/model/client4.go:1184.101,1186.16 2 0
server/public/model/client4.go:1186.16,1188.3 1 0
server/public/model/client4.go:1189.2,1190.41 2 0
server/public/model/client4.go:1194.107,1198.16 4 0
server/public/model/client4.go:1198.16,1200.3 1 0
server/public/model/client4.go:1201.2,1202.41 2 0
server/public/model/client4.go:1206.158,1212.16 6 0
server/public/model/client4.go:1212.16,1214.3 1 0
server/public/model/client4.go:1215.2,1216.53 2 0
server/public/model/client4.go:1220.179,1227.16 7 0
server/public/model/client4.go:1227.16,1229.3 1 0
server/public/model/client4.go:1230.2,1231.53 2 0
server/public/model/client4.go:1235.137,1240.16 5 0
server/public/model/client4.go:1240.16,1242.3 1 0
server/public/model/client4.go:1243.2,1244.53 2 0
server/public/model/client4.go:1248.105,1250.16 2 0
server/public/model/client4.go:1250.16,1252.3 1 0
server/public/model/client4.go:1253.2,1254.33 2 0
server/public/model/client4.go:1258.104,1260.16 2 0
server/public/model/client4.go:1260.16,1262.3 1 0
server/public/model/client4.go:1263.2,1264.33 2 0
server/public/model/client4.go:1268.113,1273.16 5 0
server/public/model/client4.go:1273.16,1275.3 1 0
server/public/model/client4.go:1276.2,1277.43 2 0
server/public/model/client4.go:1281.155,1283.16 2 0
server/public/model/client4.go:1283.16,1285.3 1 0
server/public/model/client4.go:1286.2,1289.16 4 0
server/public/model/client4.go:1289.16,1291.3 1 0
server/public/model/client4.go:1292.2,1293.43 2 0
server/public/model/client4.go:1297.134,1303.16 6 0
server/public/model/client4.go:1303.16,1305.3 1 0
server/public/model/client4.go:1306.2,1307.43 2 0
server/public/model/client4.go:1311.137,1318.16 7 0
server/public/model/client4.go:1318.16,1320.3 1 0
server/public/model/client4.go:1321.2,1322.43 2 0
server/public/model/client4.go:1326.148,1333.16 7 0
server/public/model/client4.go:1333.16,1335.3 1 0
server/public/model/client4.go:1336.2,1337.43 2 0
server/public/model/client4.go:1341.140,1348.16 7 0
server/public/model/client4.go:1348.16,1350.3 1 0
server/public/model/client4.go:1351.2,1352.43 2 0
server/public/model/client4.go:1356.137,1362.16 6 0
server/public/model/client4.go:1362.16,1364.3 1 0
server/public/model/client4.go:1365.2,1366.43 2 0
server/public/model/client4.go:1370.140,1376.16 6 0
server/public/model/client4.go:1376.16,1378.3 1 0
server/public/model/client4.go:1379.2,1380.43 2 0
server/public/model/client4.go:1384.148,1391.16 7 0
server/public/model/client4.go:1391.16,1393.3 1 0
server/public/model/client4.go:1394.2,1395.43 2 0
server/public/model/client4.go:1399.151,1408.2 2 0
server/public/model/client4.go:1411.156,1413.20 2 0
server/public/model/client4.go:1413.20,1419.3 5 0
server/public/model/client4.go:1420.2,1421.16 2 0
server/public/model/client4.go:1421.16,1423.3 1 0
server/public/model/client4.go:1424.2,1425.43 2 0
server/public/model/client4.go:1429.124,1435.16 6 0
server/public/model/client4.go:1435.16,1437.3 1 0
server/public/model/client4.go:1438.2,1439.43 2 0
server/public/model/client4.go:1443.136,1449.16 6 0
server/public/model/client4.go:1449.16,1451.3 1 0
server/public/model/client4.go:1452.2,1453.43 2 0
server/public/model/client4.go:1457.149,1464.16 7 0
server/public/model/client4.go:1464.16,1466.3 1 0
server/public/model/client4.go:1467.2,1468.43 2 0
server/public/model/client4.go:1472.100,1474.16 2 0
server/public/model/client4.go:1474.16,1476.3 1 0
server/public/model/client4.go:1477.2,1478.43 2 0
server/public/model/client4.go:1482.141,1484.24 2 0
server/public/model/client4.go:1484.24,1486.3 1 0
server/public/model/client4.go:1487.2,1488.16 2 0
server/public/model/client4.go:1488.16,1490.3 1 0
server/public/model/client4.go:1491.2,1492.43 2 0
server/public/model/client4.go:1496.108,1498.16 2 0
server/public/model/client4.go:1498.16,1500.3 1 0
server/public/model/client4.go:1501.2,1502.43 2 0
server/public/model/client4.go:1507.131,1509.16 2 0
server/public/model/client4.go:1509.16,1511.3 1 0
server/public/model/client4.go:1512.2,1513.54 2 0
server/public/model/client4.go:1517.100,1519.16 2 0
server/public/model/client4.go:1519.16,1521.3 1 0
server/public/model/client4.go:1522.2,1523.43 2 0
server/public/model/client4.go:1527.89,1529.16 2 0
server/public/model/client4.go:1529.16,1531.3 1 0
server/public/model/client4.go:1532.2,1533.41 2 0
server/public/model/client4.go:1537.109,1539.16 2 0
server/public/model/client4.go:1539.16,1541.3 1 0
server/public/model/client4.go:1542.2,1543.41 2 0
server/public/model/client4.go:1547.120,1549.16 2 0
server/public/model/client4.go:1549.16,1551.3 1 0
server/public/model/client4.go:1552.2,1553.45 2 0
server/public/model/client4.go:1559.109,1565.16 5 0
server/public/model/client4.go:1565.16,1567.3 1 0
server/public/model/client4.go:1568.2,1569.30 2 0
server/public/model/client4.go:1574.104,1576.16 2 0
server/public/model/client4.go:1576.16,1578.3 1 0
server/public/model/client4.go:1579.2,1580.46 2 0
server/public/model/client4.go:1584.123,1587.16 3 0
server/public/model/client4.go:1587.16,1589.3 1 0
server/public/model/client4.go:1590.2,1591.30 2 0
server/public/model/client4.go:1595.118,1598.16 3 0
server/public/model/client4.go:1598.16,1600.3 1 0
server/public/model/client4.go:1601.2,1602.30 2 0
server/public/model/client4.go:1606.94,1608.16 2 0
server/public/model/client4.go:1608.16,1610.3 1 0
server/public/model/client4.go:1611.2,1612.30 2 0
server/public/model/client4.go:1616.93,1618.16 2 0
server/public/model/client4.go:1618.16,1620.3 1 0
server/public/model/client4.go:1621.2,1622.30 2 0
server/public/model/client4.go:1626.97,1629.16 3 0
server/public/model/client4.go:1629.16,1631.3 1 0
server/public/model/client4.go:1632.2,1633.30 2 0
server/public/model/client4.go:1637.104,1641.16 4 0
server/public/model/client4.go:1641.16,1643.3 1 0
server/public/model/client4.go:1644.2,1646.30 2 0
server/public/model/client4.go:1650.94,1652.16 2 0
server/public/model/client4.go:1652.16,1654.3 1 0
server/public/model/client4.go:1655.2,1656.30 2 0
server/public/model/client4.go:1660.85,1662.16 2 0
server/public/model/client4.go:1662.16,1664.3 1 0
server/public/model/client4.go:1665.2,1666.30 2 0
server/public/model/client4.go:1670.94,1674.16 4 0
server/public/model/client4.go:1674.16,1676.3 1 0
server/public/model/client4.go:1677.2,1678.30 2 0
server/public/model/client4.go:1682.97,1684.16 2 0
server/public/model/client4.go:1684.16,1686.3 1 0
server/public/model/client4.go:1687.2,1688.40 2 0
server/public/model/client4.go:1692.141,1694.20 2 0
server/public/model/client4.go:1694.20,1696.3 1 0
server/public/model/client4.go:1697.2,1698.16 2 0
server/public/model/client4.go:1698.16,1700.3 1 0
server/public/model/client4.go:1701.2,1702.41 2 0
server/public/model/client4.go:1706.83,1708.16 2 0
server/public/model/client4.go:1708.16,1710.3 1 0
server/public/model/client4.go:1711.2,1712.30 2 0
server/public/model/client4.go:1717.96,1720.16 3 0
server/public/model/client4.go:1720.16,1722.3 1 0
server/public/model/client4.go:1723.2,1724.30 2 0
server/public/model/client4.go:1728.100,1731.16 3 0
server/public/model/client4.go:1731.16,1733.3 1 0
server/public/model/client4.go:1734.2,1735.30 2 0
server/public/model/client4.go:1739.104,1741.16 2 0
server/public/model/client4.go:1741.16,1743.3 1 0
server/public/model/client4.go:1744.2,1745.46 2 0
server/public/model/client4.go:1749.99,1752.16 3 0
server/public/model/client4.go:1752.16,1754.3 1 0
server/public/model/client4.go:1755.2,1756.30 2 0
server/public/model/client4.go:1760.92,1762.16 2 0
server/public/model/client4.go:1762.16,1764.3 1 0
server/public/model/client4.go:1765.2,1766.30 2 0
server/public/model/client4.go:1770.86,1772.16 2 0
server/public/model/client4.go:1772.16,1774.3 1 0
server/public/model/client4.go:1775.2,1776.30 2 0
server/public/model/client4.go:1780.122,1782.16 2 0
server/public/model/client4.go:1782.16,1784.3 1 0
server/public/model/client4.go:1785.2,1787.16 3 0
server/public/model/client4.go:1787.16,1789.3 1 0
server/public/model/client4.go:1790.2,1790.40 1 0
server/public/model/client4.go:1794.105,1796.16 2 0
server/public/model/client4.go:1796.16,1798.3 1 0
server/public/model/client4.go:1799.2,1800.30 2 0
server/public/model/client4.go:1807.158,1809.27 2 0
server/public/model/client4.go:1809.27,1811.3 1 0
server/public/model/client4.go:1812.2,1814.16 3 0
server/public/model/client4.go:1814.16,1816.3 1 0
server/public/model/client4.go:1817.2,1818.49 2 0
server/public/model/client4.go:1822.132,1827.16 5 0
server/public/model/client4.go:1827.16,1829.3 1 0
server/public/model/client4.go:1830.2,1831.42 2 0
server/public/model/client4.go:1835.89,1838.16 3 0
server/public/model/client4.go:1838.16,1840.3 1 0
server/public/model/client4.go:1841.2,1842.30 2 0
server/public/model/client4.go:1846.109,1848.16 2 0
server/public/model/client4.go:1848.16,1850.3 1 0
server/public/model/client4.go:1851.2,1852.41 2 0
server/public/model/client4.go:1858.95,1861.16 3 0
server/public/model/client4.go:1861.16,1863.3 1 0
server/public/model/client4.go:1864.2,1865.30 2 0
server/public/model/client4.go:1869.97,1871.16 2 0
server/public/model/client4.go:1871.16,1873.3 1 0
server/public/model/client4.go:1874.2,1874.30 1 0
server/public/model/client4.go:1878.103,1883.16 4 0
server/public/model/client4.go:1883.16,1885.3 1 0
server/public/model/client4.go:1887.2,1887.63 1 0
server/public/model/client4.go:1887.63,1889.3 1 0
server/public/model/client4.go:1891.2,1891.38 1 0
server/public/model/client4.go:1891.38,1893.3 1 0
server/public/model/client4.go:1895.2,1896.16 2 0
server/public/model/client4.go:1896.16,1898.3 1 0
server/public/model/client4.go:1899.2,1901.30 2 0
server/public/model/client4.go:1912.144,1915.16 3 0
server/public/model/client4.go:1915.16,1917.3 1 0
server/public/model/client4.go:1918.2,1919.52 2 0
server/public/model/client4.go:1925.122,1930.16 5 0
server/public/model/client4.go:1930.16,1932.3 1 0
server/public/model/client4.go:1933.2,1934.54 2 0
server/public/model/client4.go:1941.112,1943.16 2 0
server/public/model/client4.go:1943.16,1945.3 1 0
server/public/model/client4.go:1946.2,1947.52 2 0
server/public/model/client4.go:1954.140,1959.16 5 0
server/public/model/client4.go:1959.16,1961.3 1 0
server/public/model/client4.go:1962.2,1963.54 2 0
server/public/model/client4.go:1969.97,1972.16 3 0
server/public/model/client4.go:1972.16,1974.3 1 0
server/public/model/client4.go:1975.2,1976.30 2 0
server/public/model/client4.go:1980.133,1982.16 2 0
server/public/model/client4.go:1982.16,1984.3 1 0
server/public/model/client4.go:1985.2,1986.54 2 0
server/public/model/client4.go:1992.98,1995.16 3 0
server/public/model/client4.go:1995.16,1997.3 1 0
server/public/model/client4.go:1998.2,1999.30 2 0
server/public/model/client4.go:2005.97,2008.16 3 0
server/public/model/client4.go:2008.16,2010.3 1 0
server/public/model/client4.go:2011.2,2012.30 2 0
server/public/model/client4.go:2015.123,2017.29 2 0
server/public/model/client4.go:2017.29,2019.3 1 0
server/public/model/client4.go:2020.2,2020.30 1 0
server/public/model/client4.go:2020.30,2022.3 1 0
server/public/model/client4.go:2023.2,2023.26 1 0
server/public/model/client4.go:2023.26,2025.3 1 0
server/public/model/client4.go:2026.2,2026.24 1 0
server/public/model/client4.go:2026.24,2028.3 1 0
server/public/model/client4.go:2029.2,2029.24 1 0
server/public/model/client4.go:2029.24,2031.3 1 0
server/public/model/client4.go:2032.2,2032.26 1 0
server/public/model/client4.go:2032.26,2034.3 1 0
server/public/model/client4.go:2035.2,2035.22 1 0
server/public/model/client4.go:2035.22,2037.3 1 0
server/public/model/client4.go:2038.2,2038.35 1 0
server/public/model/client4.go:2038.35,2040.3 1 0
server/public/model/client4.go:2041.2,2041.26 1 0
server/public/model/client4.go:2041.26,2043.3 1 0
server/public/model/client4.go:2044.2,2044.24 1 0
server/public/model/client4.go:2044.24,2046.3 1 0
server/public/model/client4.go:2047.2,2047.23 1 0
server/public/model/client4.go:2047.23,2049.3 1 0
server/public/model/client4.go:2050.2,2050.29 1 0
server/public/model/client4.go:2050.29,2052.3 1 0
server/public/model/client4.go:2053.2,2053.31 1 0
server/public/model/client4.go:2053.31,2055.3 1 0
server/public/model/client4.go:2056.2,2056.30 1 0
server/public/model/client4.go:2056.30,2058.3 1 0
server/public/model/client4.go:2060.2,2061.16 2 0
server/public/model/client4.go:2061.16,2063.3 1 0
server/public/model/client4.go:2064.2,2065.49 2 0
server/public/model/client4.go:2071.85,2073.16 2 0
server/public/model/client4.go:2073.16,2075.3 1 0
server/public/model/client4.go:2076.2,2077.40 2 0
server/public/model/client4.go:2081.106,2083.16 2 0
server/public/model/client4.go:2083.16,2085.3 1 0
server/public/model/client4.go:2086.2,2087.40 2 0
server/public/model/client4.go:2091.100,2093.16 2 0
server/public/model/client4.go:2093.16,2095.3 1 0
server/public/model/client4.go:2096.2,2097.40 2 0
server/public/model/client4.go:2101.114,2105.16 4 0
server/public/model/client4.go:2105.16,2107.3 1 0
server/public/model/client4.go:2108.2,2109.40 2 0
server/public/model/client4.go:2113.107,2118.16 5 0
server/public/model/client4.go:2118.16,2120.3 1 0
server/public/model/client4.go:2121.2,2122.43 2 0
server/public/model/client4.go:2126.121,2132.16 6 0
server/public/model/client4.go:2132.16,2134.3 1 0
server/public/model/client4.go:2135.2,2136.43 2 0
server/public/model/client4.go:2140.115,2146.16 6 0
server/public/model/client4.go:2146.16,2148.3 1 0
server/public/model/client4.go:2149.2,2150.43 2 0
server/public/model/client4.go:2154.94,2156.16 2 0
server/public/model/client4.go:2156.16,2158.3 1 0
server/public/model/client4.go:2159.2,2160.40 2 0
server/public/model/client4.go:2164.93,2166.16 2 0
server/public/model/client4.go:2166.16,2168.3 1 0
server/public/model/client4.go:2169.2,2170.40 2 0
server/public/model/client4.go:2174.105,2176.16 2 0
server/public/model/client4.go:2176.16,2178.3 1 0
server/public/model/client4.go:2179.2,2180.40 2 0
server/public/model/client4.go:2186.89,2188.16 2 0
server/public/model/client4.go:2188.16,2190.3 1 0
server/public/model/client4.go:2191.2,2192.41 2 0
server/public/model/client4.go:2196.95,2198.16 2 0
server/public/model/client4.go:2198.16,2200.3 1 0
server/public/model/client4.go:2201.2,2202.41 2 0
server/public/model/client4.go:2206.127,2212.16 5 0
server/public/model/client4.go:2212.16,2214.3 1 0
server/public/model/client4.go:2215.2,2216.41 2 0
server/public/model/client4.go:2220.116,2225.16 5 0
server/public/model/client4.go:2225.16,2227.3 1 0
server/public/model/client4.go:2228.2,2229.43 2 0
server/public/model/client4.go:2233.137,2239.16 6 0
server/public/model/client4.go:2239.16,2241.3 1 0
server/public/model/client4.go:2242.2,2244.16 3 0
server/public/model/client4.go:2244.16,2246.3 1 0
server/public/model/client4.go:2247.2,2247.65 1 0
server/public/model/client4.go:2252.140,2258.16 6 0
server/public/model/client4.go:2258.16,2260.3 1 0
server/public/model/client4.go:2261.2,2262.43 2 0
server/public/model/client4.go:2266.99,2268.16 2 0
server/public/model/client4.go:2268.16,2270.3 1 0
server/public/model/client4.go:2271.2,2272.41 2 0
server/public/model/client4.go:2276.100,2278.16 2 0
server/public/model/client4.go:2278.16,2280.3 1 0
server/public/model/client4.go:2281.2,2282.43 2 0
server/public/model/client4.go:2286.112,2287.24 1 0
server/public/model/client4.go:2287.24,2289.3 1 0
server/public/model/client4.go:2290.2,2290.27 1 0
server/public/model/client4.go:2290.27,2292.3 1 0
server/public/model/client4.go:2293.2,2294.16 2 0
server/public/model/client4.go:2294.16,2296.3 1 0
server/public/model/client4.go:2297.2,2299.16 3 0
server/public/model/client4.go:2299.16,2301.3 1 0
server/public/model/client4.go:2302.2,2302.65 1 0
server/public/model/client4.go:2306.95,2308.16 2 0
server/public/model/client4.go:2308.16,2310.3 1 0
server/public/model/client4.go:2311.2,2312.65 2 0
server/public/model/client4.go:2317.105,2319.16 2 0
server/public/model/client4.go:2319.16,2321.3 1 0
server/public/model/client4.go:2322.2,2323.43 2 0
server/public/model/client4.go:2327.115,2329.16 2 0
server/public/model/client4.go:2329.16,2331.3 1 0
server/public/model/client4.go:2332.2,2333.47 2 0
server/public/model/client4.go:2337.114,2340.16 3 0
server/public/model/client4.go:2340.16,2342.3 1 0
server/public/model/client4.go:2343.2,2344.30 2 0
server/public/model/client4.go:2348.143,2350.16 2 0
server/public/model/client4.go:2350.16,2352.3 1 0
server/public/model/client4.go:2353.2,2354.30 2 0
server/public/model/client4.go:2358.89,2360.16 2 0
server/public/model/client4.go:2360.16,2362.3 1 0
server/public/model/client4.go:2363.2,2364.41 2 0
server/public/model/client4.go:2368.109,2370.16 2 0
server/public/model/client4.go:2370.16,2372.3 1 0
server/public/model/client4.go:2373.2,2374.41 2 0
server/public/model/client4.go:2378.93,2380.16 2 0
server/public/model/client4.go:2380.16,2382.3 1 0
server/public/model/client4.go:2383.2,2384.41 2 0
server/public/model/client4.go:2388.104,2390.16 2 0
server/public/model/client4.go:2390.16,2392.3 1 0
server/public/model/client4.go:2393.2,2394.41 2 0
server/public/model/client4.go:2398.89,2400.16 2 0
server/public/model/client4.go:2400.16,2402.3 1 0
server/public/model/client4.go:2403.2,2404.30 2 0
server/public/model/client4.go:2409.94,2413.16 4 0
server/public/model/client4.go:2413.16,2415.3 1 0
server/public/model/client4.go:2416.2,2417.30 2 0
server/public/model/client4.go:2422.115,2425.16 3 0
server/public/model/client4.go:2425.16,2427.3 1 0
server/public/model/client4.go:2428.2,2429.41 2 0
server/public/model/client4.go:2433.140,2438.16 5 0
server/public/model/client4.go:2438.16,2440.3 1 0
server/public/model/client4.go:2441.2,2442.49 2 0
server/public/model/client4.go:2447.205,2454.16 7 0
server/public/model/client4.go:2454.16,2456.3 1 0
server/public/model/client4.go:2457.2,2458.49 2 0
server/public/model/client4.go:2462.124,2464.16 2 0
server/public/model/client4.go:2464.16,2466.3 1 0
server/public/model/client4.go:2467.2,2468.49 2 0
server/public/model/client4.go:2473.127,2475.16 2 0
server/public/model/client4.go:2475.16,2477.3 1 0
server/public/model/client4.go:2478.2,2479.49 2 0
server/public/model/client4.go:2483.109,2486.16 3 0
server/public/model/client4.go:2486.16,2488.3 1 0
server/public/model/client4.go:2489.2,2490.47 2 0
server/public/model/client4.go:2495.120,2500.16 5 0
server/public/model/client4.go:2500.16,2502.3 1 0
server/public/model/client4.go:2503.2,2504.47 2 0
server/public/model/client4.go:2508.122,2510.33 2 0
server/public/model/client4.go:2510.33,2513.3 2 0
server/public/model/client4.go:2514.2,2515.16 2 0
server/public/model/client4.go:2515.16,2517.3 1 0
server/public/model/client4.go:2518.2,2519.49 2 0
server/public/model/client4.go:2523.141,2525.33 2 0
server/public/model/client4.go:2525.33,2528.3 2 0
server/public/model/client4.go:2529.2,2532.16 4 0
server/public/model/client4.go:2532.16,2534.3 1 0
server/public/model/client4.go:2535.2,2536.58 2 0
server/public/model/client4.go:2540.99,2542.16 2 0
server/public/model/client4.go:2542.16,2544.3 1 0
server/public/model/client4.go:2545.2,2546.30 2 0
server/public/model/client4.go:2551.105,2553.16 2 0
server/public/model/client4.go:2553.16,2555.3 1 0
server/public/model/client4.go:2556.2,2557.46 2 0
server/public/model/client4.go:2562.104,2564.16 2 0
server/public/model/client4.go:2564.16,2566.3 1 0
server/public/model/client4.go:2567.2,2568.47 2 0
server/public/model/client4.go:2574.109,2576.16 2 0
server/public/model/client4.go:2576.16,2578.3 1 0
server/public/model/client4.go:2579.2,2580.47 2 0
server/public/model/client4.go:2584.153,2589.16 4 0
server/public/model/client4.go:2589.16,2591.3 1 0
server/public/model/client4.go:2593.2,2593.63 1 0
server/public/model/client4.go:2593.63,2595.3 1 0
server/public/model/client4.go:2597.2,2598.16 2 0
server/public/model/client4.go:2598.16,2600.3 1 0
server/public/model/client4.go:2602.2,2602.83 1 0
server/public/model/client4.go:2602.83,2604.3 1 0
server/public/model/client4.go:2606.2,2607.16 2 0
server/public/model/client4.go:2607.16,2609.3 1 0
server/public/model/client4.go:2611.2,2611.71 1 0
server/public/model/client4.go:2611.71,2613.3 1 0
server/public/model/client4.go:2615.2,2615.38 1 0
server/public/model/client4.go:2615.38,2617.3 1 0
server/public/model/client4.go:2619.2,2620.16 2 0
server/public/model/client4.go:2620.16,2622.3 1 0
server/public/model/client4.go:2623.2,2624.53 2 0
server/public/model/client4.go:2628.113,2630.16 2 0
server/public/model/client4.go:2630.16,2632.3 1 0
server/public/model/client4.go:2633.2,2634.30 2 0
server/public/model/client4.go:2638.149,2645.16 3 0
server/public/model/client4.go:2645.16,2647.3 1 0
server/public/model/client4.go:2648.2,2649.30 2 0
server/public/model/client4.go:2653.148,2657.16 4 0
server/public/model/client4.go:2657.16,2659.3 1 0
server/public/model/client4.go:2660.2,2661.59 2 0
server/public/model/client4.go:2665.196,2674.16 5 0
server/public/model/client4.go:2674.16,2676.3 1 0
server/public/model/client4.go:2677.2,2678.59 2 0
server/public/model/client4.go:2682.184,2691.16 5 0
server/public/model/client4.go:2691.16,2693.3 1 0
server/public/model/client4.go:2694.2,2695.59 2 0
server/public/model/client4.go:2699.82,2701.16 2 0
server/public/model/client4.go:2701.16,2703.3 1 0
server/public/model/client4.go:2704.2,2705.30 2 0
server/public/model/client4.go:2709.101,2711.16 2 0
server/public/model/client4.go:2711.16,2713.3 1 0
server/public/model/client4.go:2714.2,2715.41 2 0
server/public/model/client4.go:2719.99,2724.16 4 0
server/public/model/client4.go:2724.16,2726.3 1 0
server/public/model/client4.go:2728.2,2728.63 1 0
server/public/model/client4.go:2728.63,2730.3 1 0
server/public/model/client4.go:2732.2,2732.38 1 0
server/public/model/client4.go:2732.38,2734.3 1 0
server/public/model/client4.go:2736.2,2737.16 2 0
server/public/model/client4.go:2737.16,2739.3 1 0
server/public/model/client4.go:2740.2,2741.30 2 0
server/public/model/client4.go:2745.100,2747.16 2 0
server/public/model/client4.go:2747.16,2749.3 1 0
server/public/model/client4.go:2750.2,2751.33 2 0
server/public/model/client4.go:2755.89,2757.16 2 0
server/public/model/client4.go:2757.16,2759.3 1 0
server/public/model/client4.go:2760.2,2761.30 2 0
server/public/model/client4.go:2767.135,2769.2 1 0
server/public/model/client4.go:2772.149,2774.2 1 0
server/public/model/client4.go:2778.155,2780.2 1 0
server/public/model/client4.go:2782.159,2789.16 7 0
server/public/model/client4.go:2789.16,2791.3 1 0
server/public/model/client4.go:2792.2,2793.59 2 0
server/public/model/client4.go:2797.151,2803.16 6 0
server/public/model/client4.go:2803.16,2805.3 1 0
server/public/model/client4.go:2806.2,2809.16 3 0
server/public/model/client4.go:2809.16,2811.3 1 0
server/public/model/client4.go:2812.2,2812.48 1 0
server/public/model/client4.go:2816.101,2818.16 2 0
server/public/model/client4.go:2818.16,2820.3 1 0
server/public/model/client4.go:2821.2,2822.44 2 0
server/public/model/client4.go:2828.99,2830.16 2 0
server/public/model/client4.go:2830.16,2832.3 1 0
server/public/model/client4.go:2833.2,2834.44 2 0
server/public/model/client4.go:2838.101,2840.16 2 0
server/public/model/client4.go:2840.16,2842.3 1 0
server/public/model/client4.go:2843.2,2844.44 2 0
server/public/model/client4.go:2848.121,2850.16 2 0
server/public/model/client4.go:2850.16,2852.3 1 0
server/public/model/client4.go:2853.2,2854.44 2 0
server/public/model/client4.go:2858.129,2861.16 3 0
server/public/model/client4.go:2861.16,2863.3 1 0
server/public/model/client4.go:2864.2,2865.44 2 0
server/public/model/client4.go:2869.102,2871.16 2 0
server/public/model/client4.go:2871.16,2873.3 1 0
server/public/model/client4.go:2874.2,2875.44 2 0
server/public/model/client4.go:2880.114,2883.16 3 0
server/public/model/client4.go:2883.16,2885.3 1 0
server/public/model/client4.go:2886.2,2887.44 2 0
server/public/model/client4.go:2891.106,2893.16 2 0
server/public/model/client4.go:2893.16,2895.3 1 0
server/public/model/client4.go:2896.2,2897.44 2 0
server/public/model/client4.go:2901.98,2903.16 2 0
server/public/model/client4.go:2903.16,2905.3 1 0
server/public/model/client4.go:2906.2,2907.44 2 0
server/public/model/client4.go:2911.136,2917.16 5 0
server/public/model/client4.go:2917.16,2919.3 1 0
server/public/model/client4.go:2920.2,2921.44 2 0
server/public/model/client4.go:2925.145,2929.16 4 0
server/public/model/client4.go:2929.16,2931.3 1 0
server/public/model/client4.go:2932.2,2933.49 2 0
server/public/model/client4.go:2937.121,2939.16 2 0
server/public/model/client4.go:2939.16,2941.3 1 0
server/public/model/client4.go:2942.2,2943.52 2 0
server/public/model/client4.go:2947.114,2949.16 2 0
server/public/model/client4.go:2949.16,2951.3 1 0
server/public/model/client4.go:2952.2,2953.44 2 0
server/public/model/client4.go:2957.116,2959.16 2 0
server/public/model/client4.go:2959.16,2961.3 1 0
server/public/model/client4.go:2962.2,2963.45 2 0
server/public/model/client4.go:2967.148,2972.16 5 0
server/public/model/client4.go:2972.16,2974.3 1 0
server/public/model/client4.go:2975.2,2976.46 2 0
server/public/model/client4.go:2980.147,2985.16 5 0
server/public/model/client4.go:2985.16,2987.3 1 0
server/public/model/client4.go:2988.2,2989.46 2 0
server/public/model/client4.go:2993.148,2998.16 5 0
server/public/model/client4.go:2998.16,3000.3 1 0
server/public/model/client4.go:3001.2,3002.46 2 0
server/public/model/client4.go:3006.137,3008.16 2 0
server/public/model/client4.go:3008.16,3010.3 1 0
server/public/model/client4.go:3011.2,3012.46 2 0
server/public/model/client4.go:3016.154,3020.16 4 0
server/public/model/client4.go:3020.16,3022.3 1 0
server/public/model/client4.go:3023.2,3024.46 2 0
server/public/model/client4.go:3028.188,3033.16 5 0
server/public/model/client4.go:3033.16,3035.3 1 0
server/public/model/client4.go:3036.2,3037.46 2 0
server/public/model/client4.go:3041.139,3045.16 4 0
server/public/model/client4.go:3045.16,3047.3 1 0
server/public/model/client4.go:3048.2,3049.46 2 0
server/public/model/client4.go:3053.124,3055.16 2 0
server/public/model/client4.go:3055.16,3057.3 1 0
server/public/model/client4.go:3058.2,3059.46 2 0
server/public/model/client4.go:3063.125,3065.16 2 0
server/public/model/client4.go:3065.16,3067.3 1 0
server/public/model/client4.go:3068.2,3069.59 2 0
server/public/model/client4.go:3074.140,3079.16 4 0
server/public/model/client4.go:3079.16,3081.3 1 0
server/public/model/client4.go:3082.2,3083.59 2 0
server/public/model/client4.go:3087.122,3096.16 5 0
server/public/model/client4.go:3096.16,3098.3 1 0
server/public/model/client4.go:3099.2,3100.59 2 0
server/public/model/client4.go:3104.125,3106.16 2 0
server/public/model/client4.go:3106.16,3108.3 1 0
server/public/model/client4.go:3109.2,3110.54 2 0
server/public/model/client4.go:3114.114,3116.16 2 0
server/public/model/client4.go:3116.16,3118.3 1 0
server/public/model/client4.go:3119.2,3120.46 2 0
server/public/model/client4.go:3124.91,3126.16 2 0
server/public/model/client4.go:3126.16,3128.3 1 0
server/public/model/client4.go:3129.2,3130.30 2 0
server/public/model/client4.go:3134.100,3138.16 4 0
server/public/model/client4.go:3138.16,3140.3 1 0
server/public/model/client4.go:3141.2,3142.30 2 0
server/public/model/client4.go:3146.119,3152.16 3 0
server/public/model/client4.go:3152.16,3154.3 1 0
server/public/model/client4.go:3155.2,3156.44 2 0
server/public/model/client4.go:3160.128,3162.16 2 0
server/public/model/client4.go:3162.16,3164.3 1 0
server/public/model/client4.go:3165.2,3166.43 2 0
server/public/model/client4.go:3170.127,3172.16 2 0
server/public/model/client4.go:3172.16,3174.3 1 0
server/public/model/client4.go:3175.2,3176.44 2 0
server/public/model/client4.go:3180.141,3184.16 4 0
server/public/model/client4.go:3184.16,3186.3 1 0
server/public/model/client4.go:3187.2,3188.44 2 0
server/public/model/client4.go:3192.140,3194.16 2 0
server/public/model/client4.go:3194.16,3196.3 1 0
server/public/model/client4.go:3197.2,3198.44 2 0
server/public/model/client4.go:3202.154,3206.16 4 0
server/public/model/client4.go:3206.16,3208.3 1 0
server/public/model/client4.go:3209.2,3210.44 2 0
server/public/model/client4.go:3214.143,3219.16 5 0
server/public/model/client4.go:3219.16,3221.3 1 0
server/public/model/client4.go:3222.2,3223.50 2 0
server/public/model/client4.go:3227.151,3232.16 5 0
server/public/model/client4.go:3232.16,3234.3 1 0
server/public/model/client4.go:3235.2,3240.16 3 0
server/public/model/client4.go:3240.16,3243.44 2 0
server/public/model/client4.go:3243.44,3247.23 3 0
server/public/model/client4.go:3247.23,3249.19 2 0
server/public/model/client4.go:3249.19,3250.14 1 0
server/public/model/client4.go:3253.5,3254.64 2 0
server/public/model/client4.go:3254.64,3256.6 1 0
server/public/model/client4.go:3257.5,3257.28 1 0
server/public/model/client4.go:3260.4,3260.39 1 0
server/public/model/client4.go:3260.39,3262.5 1 0
server/public/model/client4.go:3264.4,3264.36 1 0
server/public/model/client4.go:3269.2,3269.62 1 0
server/public/model/client4.go:3273.134,3275.16 2 0
server/public/model/client4.go:3275.16,3277.3 1 0
server/public/model/client4.go:3278.2,3279.50 2 0
server/public/model/client4.go:3283.124,3285.16 2 0
server/public/model/client4.go:3285.16,3287.3 1 0
server/public/model/client4.go:3288.2,3289.50 2 0
server/public/model/client4.go:3293.129,3295.16 2 0
server/public/model/client4.go:3295.16,3297.3 1 0
server/public/model/client4.go:3298.2,3299.50 2 0
server/public/model/client4.go:3303.127,3305.16 2 0
server/public/model/client4.go:3305.16,3307.3 1 0
server/public/model/client4.go:3308.2,3309.56 2 0
server/public/model/client4.go:3313.138,3315.16 2 0
server/public/model/client4.go:3315.16,3317.3 1 0
server/public/model/client4.go:3318.2,3319.56 2 0
server/public/model/client4.go:3323.112,3325.16 2 0
server/public/model/client4.go:3325.16,3327.3 1 0
server/public/model/client4.go:3328.2,3329.56 2 0
server/public/model/client4.go:3332.125,3334.16 2 0
server/public/model/client4.go:3334.16,3336.3 1 0
server/public/model/client4.go:3337.2,3338.56 2 0
server/public/model/client4.go:3343.118,3345.16 2 0
server/public/model/client4.go:3345.16,3347.3 1 0
server/public/model/client4.go:3348.2,3349.50 2 0
server/public/model/client4.go:3353.111,3356.16 3 0
server/public/model/client4.go:3356.16,3358.3 1 0
server/public/model/client4.go:3359.2,3360.30 2 0
server/public/model/client4.go:3364.149,3366.16 2 0
server/public/model/client4.go:3366.16,3368.3 1 0
server/public/model/client4.go:3369.2,3370.30 2 0
server/public/model/client4.go:3374.135,3376.16 2 0
server/public/model/client4.go:3376.16,3378.3 1 0
server/public/model/client4.go:3379.2,3380.30 2 0
server/public/model/client4.go:3384.150,3387.16 3 0
server/public/model/client4.go:3387.16,3389.3 1 0
server/public/model/client4.go:3390.2,3391.30 2 0
server/public/model/client4.go:3395.118,3398.16 3 0
server/public/model/client4.go:3398.16,3400.3 1 0
server/public/model/client4.go:3401.2,3402.50 2 0
server/public/model/client4.go:3406.143,3409.16 3 0
server/public/model/client4.go:3409.16,3411.3 1 0
server/public/model/client4.go:3412.2,3413.52 2 0
server/public/model/client4.go:3420.185,3423.16 3 0
server/public/model/client4.go:3423.16,3425.3 1 0
server/public/model/client4.go:3427.2,3427.39 1 0
server/public/model/client4.go:3427.39,3429.20 2 0
server/public/model/client4.go:3429.20,3431.4 1 0
server/public/model/client4.go:3432.3,3432.23 1 0
server/public/model/client4.go:3432.23,3434.4 1 0
server/public/model/client4.go:3435.3,3435.63 1 0
server/public/model/client4.go:3438.2,3439.16 2 0
server/public/model/client4.go:3439.16,3441.3 1 0
server/public/model/client4.go:3442.2,3446.6 4 0
server/public/model/client4.go:3446.6,3448.45 2 0
server/public/model/client4.go:3448.45,3449.30 1 0
server/public/model/client4.go:3449.30,3450.10 1 0
server/public/model/client4.go:3452.4,3452.41 1 0
server/public/model/client4.go:3454.3,3454.37 1 0
server/public/model/client4.go:3456.2,3456.39 1 0
server/public/model/client4.go:3460.140,3463.16 3 0
server/public/model/client4.go:3463.16,3465.3 1 0
server/public/model/client4.go:3466.2,3467.50 2 0
server/public/model/client4.go:3471.107,3473.16 2 0
server/public/model/client4.go:3473.16,3475.3 1 0
server/public/model/client4.go:3476.2,3477.30 2 0
server/public/model/client4.go:3481.121,3485.16 4 0
server/public/model/client4.go:3485.16,3487.3 1 0
server/public/model/client4.go:3488.2,3489.47 2 0
server/public/model/client4.go:3493.130,3497.16 4 0
server/public/model/client4.go:3497.16,3499.3 1 0
server/public/model/client4.go:3500.2,3501.47 2 0
server/public/model/client4.go:3507.89,3509.16 2 0
server/public/model/client4.go:3509.16,3511.3 1 0
server/public/model/client4.go:3512.2,3513.41 2 0
server/public/model/client4.go:3517.107,3519.16 2 0
server/public/model/client4.go:3519.16,3521.3 1 0
server/public/model/client4.go:3522.2,3523.41 2 0
server/public/model/client4.go:3527.104,3529.16 2 0
server/public/model/client4.go:3529.16,3531.3 1 0
server/public/model/client4.go:3532.2,3533.41 2 0
server/public/model/client4.go:3537.109,3539.16 2 0
server/public/model/client4.go:3539.16,3541.3 1 0
server/public/model/client4.go:3542.2,3543.41 2 0
server/public/model/client4.go:3547.135,3550.16 3 0
server/public/model/client4.go:3550.16,3552.3 1 0
server/public/model/client4.go:3553.2,3554.30 2 0
server/public/model/client4.go:3560.99,3562.16 2 0
server/public/model/client4.go:3562.16,3564.3 1 0
server/public/model/client4.go:3565.2,3566.30 2 0
server/public/model/client4.go:3570.82,3572.16 2 0
server/public/model/client4.go:3572.16,3574.3 1 0
server/public/model/client4.go:3575.2,3576.30 2 0
server/public/model/client4.go:3580.84,3582.16 2 0
server/public/model/client4.go:3582.16,3584.3 1 0
server/public/model/client4.go:3585.2,3586.30 2 0
server/public/model/client4.go:3590.102,3592.16 2 0
server/public/model/client4.go:3592.16,3594.3 1 0
server/public/model/client4.go:3595.2,3596.41 2 0
server/public/model/client4.go:3600.116,3604.16 4 0
server/public/model/client4.go:3604.16,3606.3 1 0
server/public/model/client4.go:3607.2,3608.41 2 0
server/public/model/client4.go:3612.85,3614.16 2 0
server/public/model/client4.go:3614.16,3616.3 1 0
server/public/model/client4.go:3617.2,3618.30 2 0
server/public/model/client4.go:3622.94,3626.16 4 0
server/public/model/client4.go:3626.16,3628.3 1 0
server/public/model/client4.go:3629.2,3630.30 2 0
server/public/model/client4.go:3634.135,3638.16 4 0
server/public/model/client4.go:3638.16,3640.3 1 0
server/public/model/client4.go:3641.2,3642.45 2 0
server/public/model/client4.go:3646.142,3648.27 2 0
server/public/model/client4.go:3648.27,3650.3 1 0
server/public/model/client4.go:3651.2,3651.35 1 0
server/public/model/client4.go:3651.35,3653.3 1 0
server/public/model/client4.go:3654.2,3654.27 1 0
server/public/model/client4.go:3654.27,3656.3 1 0
server/public/model/client4.go:3657.2,3657.22 1 0
server/public/model/client4.go:3657.22,3659.3 1 0
server/public/model/client4.go:3660.2,3660.23 1 0
server/public/model/client4.go:3660.23,3662.3 1 0
server/public/model/client4.go:3663.2,3663.25 1 0
server/public/model/client4.go:3663.25,3665.3 1 0
server/public/model/client4.go:3666.2,3666.28 1 0
server/public/model/client4.go:3666.28,3668.3 1 0
server/public/model/client4.go:3669.2,3669.28 1 0
server/public/model/client4.go:3669.28,3671.3 1 0
server/public/model/client4.go:3672.2,3672.26 1 0
server/public/model/client4.go:3672.26,3674.3 1 0
server/public/model/client4.go:3675.2,3676.16 2 0
server/public/model/client4.go:3676.16,3678.3 1 0
server/public/model/client4.go:3679.2,3680.45 2 0
server/public/model/client4.go:3684.183,3691.16 7 0
server/public/model/client4.go:3691.16,3693.3 1 0
server/public/model/client4.go:3694.2,3695.45 2 0
server/public/model/client4.go:3699.100,3701.16 2 0
server/public/model/client4.go:3701.16,3703.3 1 0
server/public/model/client4.go:3704.2,3705.43 2 0
server/public/model/client4.go:3709.105,3711.16 2 0
server/public/model/client4.go:3711.16,3713.3 1 0
server/public/model/client4.go:3714.2,3715.16 2 0
server/public/model/client4.go:3715.16,3717.3 1 0
server/public/model/client4.go:3718.2,3719.43 2 0
server/public/model/client4.go:3723.131,3728.16 5 0
server/public/model/client4.go:3728.16,3730.3 1 0
server/public/model/client4.go:3731.2,3732.45 2 0
server/public/model/client4.go:3736.152,3737.24 1 0
server/public/model/client4.go:3737.24,3739.3 1 0
server/public/model/client4.go:3741.2,3746.16 6 0
server/public/model/client4.go:3746.16,3748.3 1 0
server/public/model/client4.go:3749.2,3750.45 2 0
server/public/model/client4.go:3754.158,3755.27 1 0
server/public/model/client4.go:3755.27,3757.3 1 0
server/public/model/client4.go:3759.2,3764.16 6 0
server/public/model/client4.go:3764.16,3766.3 1 0
server/public/model/client4.go:3767.2,3768.45 2 0
server/public/model/client4.go:3772.137,3777.16 5 0
server/public/model/client4.go:3777.16,3779.3 1 0
server/public/model/client4.go:3780.2,3781.45 2 0
server/public/model/client4.go:3785.186,3793.16 8 0
server/public/model/client4.go:3793.16,3795.3 1 0
server/public/model/client4.go:3796.2,3797.45 2 0
server/public/model/client4.go:3801.187,3809.16 8 0
server/public/model/client4.go:3809.16,3811.3 1 0
server/public/model/client4.go:3812.2,3813.45 2 0
server/public/model/client4.go:3817.111,3819.16 2 0
server/public/model/client4.go:3819.16,3821.3 1 0
server/public/model/client4.go:3822.2,3823.30 2 0
server/public/model/client4.go:3827.173,3833.16 6 0
server/public/model/client4.go:3833.16,3835.3 1 0
server/public/model/client4.go:3836.2,3837.45 2 0
server/public/model/client4.go:3840.125,3842.16 2 0
server/public/model/client4.go:3842.16,3844.3 1 0
server/public/model/client4.go:3845.2,3846.50 2 0
server/public/model/client4.go:3849.153,3853.16 4 0
server/public/model/client4.go:3853.16,3855.3 1 0
server/public/model/client4.go:3856.2,3857.63 2 0
server/public/model/client4.go:3860.125,3862.16 2 0
server/public/model/client4.go:3862.16,3864.3 1 0
server/public/model/client4.go:3865.2,3866.50 2 0
server/public/model/client4.go:3869.119,3871.16 2 0
server/public/model/client4.go:3871.16,3873.3 1 0
server/public/model/client4.go:3874.2,3875.50 2 0
server/public/model/client4.go:3878.164,3887.16 3 0
server/public/model/client4.go:3887.16,3889.3 1 0
server/public/model/client4.go:3890.2,3891.59 2 0
server/public/model/client4.go:3894.132,3896.16 2 0
server/public/model/client4.go:3896.16,3898.3 1 0
server/public/model/client4.go:3899.2,3900.30 2 0
server/public/model/client4.go:3903.103,3905.16 2 0
server/public/model/client4.go:3905.16,3907.3 1 0
server/public/model/client4.go:3908.2,3909.41 2 0
server/public/model/client4.go:3912.117,3914.16 2 0
server/public/model/client4.go:3914.16,3916.3 1 0
server/public/model/client4.go:3917.2,3918.67 2 0
server/public/model/client4.go:3921.139,3925.16 4 0
server/public/model/client4.go:3925.16,3927.3 1 0
server/public/model/client4.go:3928.2,3929.67 2 0
server/public/model/client4.go:3932.124,3934.16 2 0
server/public/model/client4.go:3934.16,3936.3 1 0
server/public/model/client4.go:3937.2,3938.51 2 0
server/public/model/client4.go:3941.127,3943.16 2 0
server/public/model/client4.go:3943.16,3945.3 1 0
server/public/model/client4.go:3946.2,3947.30 2 0
server/public/model/client4.go:3950.119,3952.16 2 0
server/public/model/client4.go:3952.16,3954.3 1 0
server/public/model/client4.go:3955.2,3956.67 2 0
server/public/model/client4.go:3959.116,3961.16 2 0
server/public/model/client4.go:3961.16,3963.3 1 0
server/public/model/client4.go:3964.2,3965.30 2 0
server/public/model/client4.go:3968.120,3972.16 4 0
server/public/model/client4.go:3972.16,3974.3 1 0
server/public/model/client4.go:3976.2,3977.43 2 0
server/public/model/client4.go:3980.133,3982.16 2 0
server/public/model/client4.go:3982.16,3984.3 1 0
server/public/model/client4.go:3986.2,3987.30 2 0
server/public/model/client4.go:3990.131,3992.16 2 0
server/public/model/client4.go:3992.16,3994.3 1 0
server/public/model/client4.go:3996.2,3997.30 2 0
server/public/model/client4.go:4002.149,4004.16 2 0
server/public/model/client4.go:4004.16,4006.3 1 0
server/public/model/client4.go:4007.2,4008.33 2 0
server/public/model/client4.go:4012.132,4018.2 2 0
server/public/model/client4.go:4021.136,4023.18 2 0
server/public/model/client4.go:4023.18,4025.3 1 0
server/public/model/client4.go:4025.8,4027.3 1 0
server/public/model/client4.go:4028.2,4029.16 2 0
server/public/model/client4.go:4029.16,4031.3 1 0
server/public/model/client4.go:4032.2,4033.49 2 0
server/public/model/client4.go:4037.128,4043.2 2 0
server/public/model/client4.go:4046.128,4052.2 2 0
server/public/model/client4.go:4055.132,4057.18 2 0
server/public/model/client4.go:4057.18,4059.3 1 0
server/public/model/client4.go:4059.8,4061.3 1 0
server/public/model/client4.go:4062.2,4063.16 2 0
server/public/model/client4.go:4063.16,4065.3 1 0
server/public/model/client4.go:4066.2,4067.45 2 0
server/public/model/client4.go:4071.148,4074.18 3 0
server/public/model/client4.go:4074.18,4076.3 1 0
server/public/model/client4.go:4076.8,4078.3 1 0
server/public/model/client4.go:4079.2,4080.16 2 0
server/public/model/client4.go:4080.16,4082.3 1 0
server/public/model/client4.go:4083.2,4084.54 2 0
server/public/model/client4.go:4088.97,4090.16 2 0
server/public/model/client4.go:4090.16,4092.3 1 0
server/public/model/client4.go:4093.2,4094.30 2 0
server/public/model/client4.go:4098.128,4100.39 2 0
server/public/model/client4.go:4100.39,4102.17 2 0
server/public/model/client4.go:4102.17,4104.4 1 0
server/public/model/client4.go:4105.3,4106.31 2 0
server/public/model/client4.go:4109.2,4114.16 3 0
server/public/model/client4.go:4114.16,4116.3 1 0
server/public/model/client4.go:4117.2,4118.30 2 0
server/public/model/client4.go:4125.108,4127.16 2 0
server/public/model/client4.go:4127.16,4129.3 1 0
server/public/model/client4.go:4130.2,4131.30 2 0
server/public/model/client4.go:4136.135,4138.16 2 0
server/public/model/client4.go:4138.16,4140.3 1 0
server/public/model/client4.go:4141.2,4142.57 2 0
server/public/model/client4.go:4147.135,4149.16 2 0
server/public/model/client4.go:4149.16,4151.3 1 0
server/public/model/client4.go:4152.2,4154.57 2 0
server/public/model/client4.go:4159.139,4164.16 4 0
server/public/model/client4.go:4164.16,4166.3 1 0
server/public/model/client4.go:4168.2,4169.16 2 0
server/public/model/client4.go:4169.16,4171.3 1 0
server/public/model/client4.go:4173.2,4174.16 2 0
server/public/model/client4.go:4174.16,4176.3 1 0
server/public/model/client4.go:4177.2,4178.16 2 0
server/public/model/client4.go:4178.16,4180.3 1 0
server/public/model/client4.go:4182.2,4183.16 2 0
server/public/model/client4.go:4183.16,4185.3 1 0
server/public/model/client4.go:4187.2,4187.88 1 0
server/public/model/client4.go:4192.152,4197.2 4 0
server/public/model/client4.go:4200.90,4202.16 2 0
server/public/model/client4.go:4202.16,4204.3 1 0
server/public/model/client4.go:4205.2,4206.33 2 0
server/public/model/client4.go:4209.122,4215.16 5 0
server/public/model/client4.go:4215.16,4217.3 1 0
server/public/model/client4.go:4218.2,4219.33 2 0
server/public/model/client4.go:4223.110,4227.16 4 0
server/public/model/client4.go:4227.16,4229.3 1 0
server/public/model/client4.go:4230.2,4231.33 2 0
server/public/model/client4.go:4235.99,4237.16 2 0
server/public/model/client4.go:4237.16,4239.3 1 0
server/public/model/client4.go:4240.2,4241.33 2 0
server/public/model/client4.go:4245.119,4249.16 4 0
server/public/model/client4.go:4249.16,4251.3 1 0
server/public/model/client4.go:4252.2,4253.33 2 0
server/public/model/client4.go:4257.94,4259.16 2 0
server/public/model/client4.go:4259.16,4261.3 1 0
server/public/model/client4.go:4262.2,4264.16 3 0
server/public/model/client4.go:4264.16,4266.3 1 0
server/public/model/client4.go:4267.2,4267.34 1 0
server/public/model/client4.go:4271.97,4273.16 2 0
server/public/model/client4.go:4273.16,4275.3 1 0
server/public/model/client4.go:4276.2,4277.33 2 0
server/public/model/client4.go:4281.117,4285.16 4 0
server/public/model/client4.go:4285.16,4287.3 1 0
server/public/model/client4.go:4288.2,4289.33 2 0
server/public/model/client4.go:4293.97,4295.16 2 0
server/public/model/client4.go:4295.16,4297.3 1 0
server/public/model/client4.go:4298.2,4299.45 2 0
server/public/model/client4.go:4303.120,4305.16 2 0
server/public/model/client4.go:4305.16,4307.3 1 0
server/public/model/client4.go:4308.2,4309.47 2 0
server/public/model/client4.go:4313.134,4317.16 4 0
server/public/model/client4.go:4317.16,4319.3 1 0
server/public/model/client4.go:4320.2,4321.47 2 0
server/public/model/client4.go:4328.104,4330.16 2 0
server/public/model/client4.go:4330.16,4332.3 1 0
server/public/model/client4.go:4334.2,4335.16 2 0
server/public/model/client4.go:4335.16,4337.3 1 0
server/public/model/client4.go:4339.2,4339.58 1 0
server/public/model/client4.go:4344.75,4347.17 3 0
server/public/model/client4.go:4347.17,4349.3 1 0
server/public/model/client4.go:4350.2,4350.26 1 0
server/public/model/client4.go:4356.91,4359.17 3 0
server/public/model/client4.go:4359.17,4361.3 1 0
server/public/model/client4.go:4362.2,4362.26 1 0
server/public/model/client4.go:4368.103,4370.2 1 0
server/public/model/client4.go:4373.121,4378.37 5 0
server/public/model/client4.go:4378.37,4381.3 2 0
server/public/model/client4.go:4382.2,4382.16 1 0
server/public/model/client4.go:4382.16,4384.3 1 0
server/public/model/client4.go:4385.2,4386.50 2 0
server/public/model/client4.go:4389.90,4391.16 2 0
server/public/model/client4.go:4391.16,4393.3 1 0
server/public/model/client4.go:4394.2,4395.49 2 0
server/public/model/client4.go:4399.85,4401.16 2 0
server/public/model/client4.go:4401.16,4403.3 1 0
server/public/model/client4.go:4404.2,4405.30 2 0
server/public/model/client4.go:4408.77,4410.16 2 0
server/public/model/client4.go:4410.16,4412.3 1 0
server/public/model/client4.go:4413.2,4414.30 2 0
server/public/model/client4.go:4418.87,4422.16 4 0
server/public/model/client4.go:4422.16,4424.3 1 0
server/public/model/client4.go:4425.2,4426.30 2 0
server/public/model/client4.go:4434.92,4436.16 2 0
server/public/model/client4.go:4436.16,4438.3 1 0
server/public/model/client4.go:4439.2,4440.30 2 0
server/public/model/client4.go:4446.99,4448.16 2 0
server/public/model/client4.go:4448.16,4450.3 1 0
server/public/model/client4.go:4451.2,4452.30 2 0
server/public/model/client4.go:4456.78,4458.16 2 0
server/public/model/client4.go:4458.16,4460.3 1 0
server/public/model/client4.go:4461.2,4462.43 2 0
server/public/model/client4.go:4466.122,4468.28 2 0
server/public/model/client4.go:4468.28,4470.3 1 0
server/public/model/client4.go:4471.2,4471.26 1 0
server/public/model/client4.go:4471.26,4473.3 1 0
server/public/model/client4.go:4474.2,4475.16 2 0
server/public/model/client4.go:4475.16,4477.3 1 0
server/public/model/client4.go:4478.2,4479.50 2 0
server/public/model/client4.go:4483.72,4485.16 2 0
server/public/model/client4.go:4485.16,4487.3 1 0
server/public/model/client4.go:4488.2,4489.30 2 0
server/public/model/client4.go:4493.107,4495.16 2 0
server/public/model/client4.go:4495.16,4497.3 1 0
server/public/model/client4.go:4498.2,4499.53 2 0
server/public/model/client4.go:4505.96,4507.16 2 0
server/public/model/client4.go:4507.16,4509.3 1 0
server/public/model/client4.go:4510.2,4511.63 2 0
server/public/model/client4.go:4516.111,4521.16 4 0
server/public/model/client4.go:4521.16,4523.3 1 0
server/public/model/client4.go:4524.2,4525.53 2 0
server/public/model/client4.go:4529.75,4531.16 2 0
server/public/model/client4.go:4531.16,4533.3 1 0
server/public/model/client4.go:4534.2,4535.30 2 0
server/public/model/client4.go:4539.76,4541.16 2 0
server/public/model/client4.go:4541.16,4543.3 1 0
server/public/model/client4.go:4544.2,4545.30 2 0
server/public/model/client4.go:4549.97,4551.16 2 0
server/public/model/client4.go:4551.16,4553.3 1 0
server/public/model/client4.go:4554.2,4555.43 2 0
server/public/model/client4.go:4562.90,4567.16 5 0
server/public/model/client4.go:4567.16,4569.3 1 0
server/public/model/client4.go:4570.2,4571.30 2 0
server/public/model/client4.go:4575.90,4580.16 4 0
server/public/model/client4.go:4580.16,4582.3 1 0
server/public/model/client4.go:4584.2,4584.63 1 0
server/public/model/client4.go:4584.63,4586.3 1 0
server/public/model/client4.go:4588.2,4588.38 1 0
server/public/model/client4.go:4588.38,4590.3 1 0
server/public/model/client4.go:4592.2,4593.16 2 0
server/public/model/client4.go:4593.16,4595.3 1 0
server/public/model/client4.go:4596.2,4597.30 2 0
server/public/model/client4.go:4602.101,4607.16 4 0
server/public/model/client4.go:4607.16,4609.3 1 0
server/public/model/client4.go:4611.2,4611.63 1 0
server/public/model/client4.go:4611.63,4613.3 1 0
server/public/model/client4.go:4615.2,4615.38 1 0
server/public/model/client4.go:4615.38,4617.3 1 0
server/public/model/client4.go:4619.2,4620.16 2 0
server/public/model/client4.go:4620.16,4622.3 1 0
server/public/model/client4.go:4623.2,4624.44 2 0
server/public/model/client4.go:4629.77,4631.16 2 0
server/public/model/client4.go:4631.16,4633.3 1 0
server/public/model/client4.go:4634.2,4635.30 2 0
server/public/model/client4.go:4640.96,4642.16 2 0
server/public/model/client4.go:4642.16,4644.3 1 0
server/public/model/client4.go:4645.2,4646.50 2 0
server/public/model/client4.go:4653.111,4658.16 5 0
server/public/model/client4.go:4658.16,4660.3 1 0
server/public/model/client4.go:4661.2,4662.49 2 0
server/public/model/client4.go:4668.122,4670.16 2 0
server/public/model/client4.go:4670.16,4672.3 1 0
server/public/model/client4.go:4673.2,4674.52 2 0
server/public/model/client4.go:4678.122,4680.16 2 0
server/public/model/client4.go:4680.16,4682.3 1 0
server/public/model/client4.go:4683.2,4684.52 2 0
server/public/model/client4.go:4688.135,4693.16 5 0
server/public/model/client4.go:4693.16,4695.3 1 0
server/public/model/client4.go:4696.2,4697.54 2 0
server/public/model/client4.go:4701.152,4707.16 6 0
server/public/model/client4.go:4707.16,4709.3 1 0
server/public/model/client4.go:4710.2,4711.62 2 0
server/public/model/client4.go:4715.157,4721.16 6 0
server/public/model/client4.go:4721.16,4723.3 1 0
server/public/model/client4.go:4724.2,4725.54 2 0
server/public/model/client4.go:4729.124,4731.16 2 0
server/public/model/client4.go:4731.16,4733.3 1 0
server/public/model/client4.go:4734.2,4735.52 2 0
server/public/model/client4.go:4739.96,4741.16 2 0
server/public/model/client4.go:4741.16,4743.3 1 0
server/public/model/client4.go:4744.2,4745.30 2 0
server/public/model/client4.go:4749.122,4751.16 2 0
server/public/model/client4.go:4751.16,4753.3 1 0
server/public/model/client4.go:4754.2,4755.52 2 0
server/public/model/client4.go:4759.122,4761.16 2 0
server/public/model/client4.go:4761.16,4763.3 1 0
server/public/model/client4.go:4764.2,4765.52 2 0
server/public/model/client4.go:4769.135,4774.16 5 0
server/public/model/client4.go:4774.16,4776.3 1 0
server/public/model/client4.go:4777.2,4778.54 2 0
server/public/model/client4.go:4782.111,4784.16 2 0
server/public/model/client4.go:4784.16,4786.3 1 0
server/public/model/client4.go:4787.2,4788.52 2 0
server/public/model/client4.go:4792.163,4798.16 6 0
server/public/model/client4.go:4798.16,4800.3 1 0
server/public/model/client4.go:4801.2,4802.54 2 0
server/public/model/client4.go:4806.157,4812.16 6 0
server/public/model/client4.go:4812.16,4814.3 1 0
server/public/model/client4.go:4815.2,4816.54 2 0
server/public/model/client4.go:4820.115,4822.16 2 0
server/public/model/client4.go:4822.16,4824.3 1 0
server/public/model/client4.go:4825.2,4826.52 2 0
server/public/model/client4.go:4830.96,4832.16 2 0
server/public/model/client4.go:4832.16,4834.3 1 0
server/public/model/client4.go:4835.2,4836.30 2 0
server/public/model/client4.go:4842.102,4844.16 2 0
server/public/model/client4.go:4844.16,4846.3 1 0
server/public/model/client4.go:4847.2,4848.47 2 0
server/public/model/client4.go:4852.117,4854.16 2 0
server/public/model/client4.go:4854.16,4856.3 1 0
server/public/model/client4.go:4857.2,4858.30 2 0
server/public/model/client4.go:4862.117,4864.16 2 0
server/public/model/client4.go:4864.16,4866.3 1 0
server/public/model/client4.go:4867.2,4868.30 2 0
server/public/model/client4.go:4872.129,4874.16 2 0
server/public/model/client4.go:4874.16,4876.3 1 0
server/public/model/client4.go:4877.2,4878.47 2 0
server/public/model/client4.go:4882.158,4884.16 2 0
server/public/model/client4.go:4884.16,4886.3 1 0
server/public/model/client4.go:4887.2,4888.47 2 0
server/public/model/client4.go:4894.83,4896.16 2 0
server/public/model/client4.go:4896.16,4898.3 1 0
server/public/model/client4.go:4899.2,4903.16 4 0
server/public/model/client4.go:4903.16,4905.3 1 0
server/public/model/client4.go:4907.2,4907.44 1 0
server/public/model/client4.go:4910.87,4915.16 4 0
server/public/model/client4.go:4915.16,4917.3 1 0
server/public/model/client4.go:4919.2,4919.63 1 0
server/public/model/client4.go:4919.63,4921.3 1 0
server/public/model/client4.go:4923.2,4923.38 1 0
server/public/model/client4.go:4923.38,4925.3 1 0
server/public/model/client4.go:4927.2,4927.34 1 0
server/public/model/client4.go:4932.114,4934.16 2 0
server/public/model/client4.go:4934.16,4936.3 1 0
server/public/model/client4.go:4938.2,4939.18 2 0
server/public/model/client4.go:4944.117,4946.16 2 0
server/public/model/client4.go:4946.16,4948.3 1 0
server/public/model/client4.go:4950.2,4951.18 2 0
server/public/model/client4.go:4956.118,4958.16 2 0
server/public/model/client4.go:4958.16,4960.3 1 0
server/public/model/client4.go:4962.2,4963.18 2 0
server/public/model/client4.go:4967.84,4969.16 2 0
server/public/model/client4.go:4969.16,4971.3 1 0
server/public/model/client4.go:4972.2,4973.30 2 0
server/public/model/client4.go:4977.87,4979.16 2 0
server/public/model/client4.go:4979.16,4981.3 1 0
server/public/model/client4.go:4982.2,4983.30 2 0
server/public/model/client4.go:4987.88,4989.16 2 0
server/public/model/client4.go:4989.16,4991.3 1 0
server/public/model/client4.go:4992.2,4993.30 2 0
server/public/model/client4.go:4997.108,4999.16 2 0
server/public/model/client4.go:4999.16,5001.3 1 0
server/public/model/client4.go:5002.2,5003.58 2 0
server/public/model/client4.go:5006.129,5010.16 4 0
server/public/model/client4.go:5010.16,5012.3 1 0
server/public/model/client4.go:5014.2,5015.57 2 0
server/public/model/client4.go:5019.143,5026.16 3 0
server/public/model/client4.go:5026.16,5028.3 1 0
server/public/model/client4.go:5029.2,5031.16 3 0
server/public/model/client4.go:5031.16,5033.3 1 0
server/public/model/client4.go:5034.2,5034.44 1 0
server/public/model/client4.go:5040.115,5042.16 2 0
server/public/model/client4.go:5042.16,5044.3 1 0
server/public/model/client4.go:5045.2,5046.47 2 0
server/public/model/client4.go:5050.112,5055.16 5 0
server/public/model/client4.go:5055.16,5057.3 1 0
server/public/model/client4.go:5058.2,5059.47 2 0
server/public/model/client4.go:5063.109,5065.16 2 0
server/public/model/client4.go:5065.16,5067.3 1 0
server/public/model/client4.go:5068.2,5069.47 2 0
server/public/model/client4.go:5073.109,5075.16 2 0
server/public/model/client4.go:5075.16,5077.3 1 0
server/public/model/client4.go:5078.2,5079.33 2 0
server/public/model/client4.go:5085.92,5087.16 2 0
server/public/model/client4.go:5087.16,5089.3 1 0
server/public/model/client4.go:5090.2,5091.50 2 0
server/public/model/client4.go:5097.68,5099.16 2 0
server/public/model/client4.go:5099.16,5101.3 1 0
server/public/model/client4.go:5102.2,5103.30 2 0
server/public/model/client4.go:5108.68,5110.16 2 0
server/public/model/client4.go:5110.16,5112.3 1 0
server/public/model/client4.go:5113.2,5114.30 2 0
server/public/model/client4.go:5118.83,5120.16 2 0
server/public/model/client4.go:5120.16,5122.3 1 0
server/public/model/client4.go:5123.2,5129.16 3 0
server/public/model/client4.go:5129.16,5131.3 1 0
server/public/model/client4.go:5132.2,5132.37 1 0
server/public/model/client4.go:5132.37,5134.3 1 0
server/public/model/client4.go:5136.2,5136.39 1 0
server/public/model/client4.go:5140.92,5142.16 2 0
server/public/model/client4.go:5142.16,5144.3 1 0
server/public/model/client4.go:5145.2,5146.42 2 0
server/public/model/client4.go:5150.94,5152.16 2 0
server/public/model/client4.go:5152.16,5154.3 1 0
server/public/model/client4.go:5155.2,5156.42 2 0
server/public/model/client4.go:5160.93,5164.16 2 0
server/public/model/client4.go:5164.16,5166.3 1 0
server/public/model/client4.go:5167.2,5168.30 2 0
server/public/model/client4.go:5171.102,5173.16 2 0
server/public/model/client4.go:5173.16,5175.3 1 0
server/public/model/client4.go:5176.2,5177.44 2 0
server/public/model/client4.go:5181.148,5186.26 5 0
server/public/model/client4.go:5186.26,5189.3 2 0
server/public/model/client4.go:5190.2,5191.16 2 0
server/public/model/client4.go:5191.16,5193.3 1 0
server/public/model/client4.go:5194.2,5200.16 3 0
server/public/model/client4.go:5200.16,5202.3 1 0
server/public/model/client4.go:5204.2,5204.59 1 0
server/public/model/client4.go:5208.142,5213.26 5 0
server/public/model/client4.go:5213.26,5216.3 2 0
server/public/model/client4.go:5217.2,5218.16 2 0
server/public/model/client4.go:5218.16,5220.3 1 0
server/public/model/client4.go:5221.2,5227.16 3 0
server/public/model/client4.go:5227.16,5229.3 1 0
server/public/model/client4.go:5231.2,5231.59 1 0
server/public/model/client4.go:5235.168,5239.26 4 0
server/public/model/client4.go:5239.26,5242.3 2 0
server/public/model/client4.go:5243.2,5244.16 2 0
server/public/model/client4.go:5244.16,5246.3 1 0
server/public/model/client4.go:5247.2,5252.16 3 0
server/public/model/client4.go:5252.16,5254.3 1 0
server/public/model/client4.go:5256.2,5256.59 1 0
server/public/model/client4.go:5260.101,5274.20 14 0
server/public/model/client4.go:5274.20,5276.3 1 0
server/public/model/client4.go:5277.2,5277.26 1 0
server/public/model/client4.go:5277.26,5280.3 2 0
server/public/model/client4.go:5281.2,5282.16 2 0
server/public/model/client4.go:5282.16,5284.3 1 0
server/public/model/client4.go:5285.2,5286.44 2 0
server/public/model/client4.go:5290.102,5292.16 2 0
server/public/model/client4.go:5292.16,5294.3 1 0
server/public/model/client4.go:5295.2,5296.44 2 0
server/public/model/client4.go:5299.132,5305.16 2 0
server/public/model/client4.go:5305.16,5307.3 1 0
server/public/model/client4.go:5308.2,5309.30 2 0
server/public/model/client4.go:5312.140,5318.16 2 0
server/public/model/client4.go:5318.16,5320.3 1 0
server/public/model/client4.go:5321.2,5322.30 2 0
server/public/model/client4.go:5326.100,5328.16 2 0
server/public/model/client4.go:5328.16,5330.3 1 0
server/public/model/client4.go:5332.2,5333.18 2 0
server/public/model/client4.go:5337.101,5339.16 2 0
server/public/model/client4.go:5339.16,5341.3 1 0
server/public/model/client4.go:5343.2,5344.18 2 0
server/public/model/client4.go:5348.87,5350.16 2 0
server/public/model/client4.go:5350.16,5352.3 1 0
server/public/model/client4.go:5353.2,5354.30 2 0
server/public/model/client4.go:5358.88,5360.16 2 0
server/public/model/client4.go:5360.16,5362.3 1 0
server/public/model/client4.go:5363.2,5364.30 2 0
server/public/model/client4.go:5370.113,5376.16 5 0
server/public/model/client4.go:5376.16,5378.3 1 0
server/public/model/client4.go:5379.2,5380.42 2 0
server/public/model/client4.go:5386.81,5388.16 2 0
server/public/model/client4.go:5388.16,5390.3 1 0
server/public/model/client4.go:5391.2,5393.25 2 0
server/public/model/client4.go:5393.25,5395.3 1 0
server/public/model/client4.go:5397.2,5397.33 1 0
server/public/model/client4.go:5401.76,5403.16 2 0
server/public/model/client4.go:5403.16,5405.3 1 0
server/public/model/client4.go:5406.2,5406.30 1 0
server/public/model/client4.go:5410.89,5415.16 4 0
server/public/model/client4.go:5415.16,5417.3 1 0
server/public/model/client4.go:5419.2,5419.63 1 0
server/public/model/client4.go:5419.63,5421.3 1 0
server/public/model/client4.go:5423.2,5423.38 1 0
server/public/model/client4.go:5423.38,5425.3 1 0
server/public/model/client4.go:5427.2,5428.16 2 0
server/public/model/client4.go:5428.16,5430.3 1 0
server/public/model/client4.go:5431.2,5432.30 2 0
server/public/model/client4.go:5438.96,5444.16 5 0
server/public/model/client4.go:5444.16,5446.3 1 0
server/public/model/client4.go:5447.2,5448.44 2 0
server/public/model/client4.go:5452.80,5454.16 2 0
server/public/model/client4.go:5454.16,5456.3 1 0
server/public/model/client4.go:5457.2,5457.33 1 0
server/public/model/client4.go:5463.113,5465.16 2 0
server/public/model/client4.go:5465.16,5467.3 1 0
server/public/model/client4.go:5468.2,5469.53 2 0
server/public/model/client4.go:5475.100,5477.16 2 0
server/public/model/client4.go:5477.16,5479.3 1 0
server/public/model/client4.go:5480.2,5481.45 2 0
server/public/model/client4.go:5485.100,5487.16 2 0
server/public/model/client4.go:5487.16,5489.3 1 0
server/public/model/client4.go:5490.2,5491.45 2 0
server/public/model/client4.go:5495.104,5500.16 5 0
server/public/model/client4.go:5500.16,5502.3 1 0
server/public/model/client4.go:5503.2,5504.47 2 0
server/public/model/client4.go:5508.96,5510.16 2 0
server/public/model/client4.go:5510.16,5512.3 1 0
server/public/model/client4.go:5513.2,5514.45 2 0
server/public/model/client4.go:5518.100,5520.16 2 0
server/public/model/client4.go:5520.16,5522.3 1 0
server/public/model/client4.go:5523.2,5524.45 2 0
server/public/model/client4.go:5528.88,5530.16 2 0
server/public/model/client4.go:5530.16,5532.3 1 0
server/public/model/client4.go:5533.2,5534.30 2 0
server/public/model/client4.go:5538.109,5540.16 2 0
server/public/model/client4.go:5540.16,5542.3 1 0
server/public/model/client4.go:5543.2,5544.45 2 0
server/public/model/client4.go:5548.144,5550.16 2 0
server/public/model/client4.go:5550.16,5552.3 1 0
server/public/model/client4.go:5553.2,5556.66 3 0
server/public/model/client4.go:5556.66,5558.3 1 0
server/public/model/client4.go:5559.2,5559.41 1 0
server/public/model/client4.go:5563.136,5568.16 5 0
server/public/model/client4.go:5568.16,5570.3 1 0
server/public/model/client4.go:5571.2,5572.47 2 0
server/public/model/client4.go:5576.116,5578.16 2 0
server/public/model/client4.go:5578.16,5580.3 1 0
server/public/model/client4.go:5582.2,5583.16 2 0
server/public/model/client4.go:5583.16,5585.3 1 0
server/public/model/client4.go:5586.2,5589.16 3 0
server/public/model/client4.go:5589.16,5591.3 1 0
server/public/model/client4.go:5592.2,5592.38 1 0
server/public/model/client4.go:5596.93,5599.16 3 0
server/public/model/client4.go:5599.16,5601.3 1 0
server/public/model/client4.go:5603.2,5604.16 2 0
server/public/model/client4.go:5604.16,5606.3 1 0
server/public/model/client4.go:5607.2,5608.30 2 0
server/public/model/client4.go:5612.113,5615.16 2 0
server/public/model/client4.go:5615.16,5617.3 1 0
server/public/model/client4.go:5618.2,5620.51 2 0
server/public/model/client4.go:5626.168,5628.16 2 0
server/public/model/client4.go:5628.16,5630.3 1 0
server/public/model/client4.go:5631.2,5632.62 2 0
server/public/model/client4.go:5636.123,5638.16 2 0
server/public/model/client4.go:5638.16,5640.3 1 0
server/public/model/client4.go:5641.2,5642.60 2 0
server/public/model/client4.go:5646.100,5648.16 2 0
server/public/model/client4.go:5648.16,5650.3 1 0
server/public/model/client4.go:5651.2,5652.30 2 0
server/public/model/client4.go:5656.152,5658.16 2 0
server/public/model/client4.go:5658.16,5660.3 1 0
server/public/model/client4.go:5661.2,5662.60 2 0
server/public/model/client4.go:5666.152,5668.16 2 0
server/public/model/client4.go:5668.16,5670.3 1 0
server/public/model/client4.go:5671.2,5672.60 2 0
server/public/model/client4.go:5679.77,5681.16 2 0
server/public/model/client4.go:5681.16,5683.3 1 0
server/public/model/client4.go:5684.2,5685.30 2 0
server/public/model/client4.go:5689.85,5691.16 2 0
server/public/model/client4.go:5691.16,5693.3 1 0
server/public/model/client4.go:5694.2,5695.30 2 0
server/public/model/client4.go:5701.106,5703.16 2 0
server/public/model/client4.go:5703.16,5705.3 1 0
server/public/model/client4.go:5706.2,5707.58 2 0
server/public/model/client4.go:5711.145,5713.16 2 0
server/public/model/client4.go:5713.16,5715.3 1 0
server/public/model/client4.go:5716.2,5717.76 2 0
server/public/model/client4.go:5721.96,5726.16 3 0
server/public/model/client4.go:5726.16,5728.3 1 0
server/public/model/client4.go:5729.2,5730.16 2 0
server/public/model/client4.go:5730.16,5732.3 1 0
server/public/model/client4.go:5733.2,5733.39 1 0
server/public/model/client4.go:5737.149,5742.16 5 0
server/public/model/client4.go:5742.16,5744.3 1 0
server/public/model/client4.go:5745.2,5746.80 2 0
server/public/model/client4.go:5751.173,5753.16 2 0
server/public/model/client4.go:5753.16,5755.3 1 0
server/public/model/client4.go:5756.2,5757.76 2 0
server/public/model/client4.go:5761.102,5763.16 2 0
server/public/model/client4.go:5763.16,5765.3 1 0
server/public/model/client4.go:5766.2,5767.30 2 0
server/public/model/client4.go:5772.171,5774.16 2 0
server/public/model/client4.go:5774.16,5776.3 1 0
server/public/model/client4.go:5777.2,5778.76 2 0
server/public/model/client4.go:5782.139,5787.16 5 0
server/public/model/client4.go:5787.16,5789.3 1 0
server/public/model/client4.go:5790.2,5790.51 1 0
server/public/model/client4.go:5794.128,5796.16 2 0
server/public/model/client4.go:5796.16,5798.3 1 0
server/public/model/client4.go:5799.2,5799.43 1 0
server/public/model/client4.go:5804.120,5806.16 2 0
server/public/model/client4.go:5806.16,5808.3 1 0
server/public/model/client4.go:5809.2,5810.30 2 0
server/public/model/client4.go:5815.125,5817.16 2 0
server/public/model/client4.go:5817.16,5819.3 1 0
server/public/model/client4.go:5820.2,5821.30 2 0
server/public/model/client4.go:5825.145,5830.16 5 0
server/public/model/client4.go:5830.16,5832.3 1 0
server/public/model/client4.go:5833.2,5833.54 1 0
server/public/model/client4.go:5837.147,5839.16 2 0
server/public/model/client4.go:5839.16,5841.3 1 0
server/public/model/client4.go:5842.2,5842.59 1 0
server/public/model/client4.go:5847.126,5849.16 2 0
server/public/model/client4.go:5849.16,5851.3 1 0
server/public/model/client4.go:5852.2,5853.30 2 0
server/public/model/client4.go:5858.131,5860.16 2 0
server/public/model/client4.go:5860.16,5862.3 1 0
server/public/model/client4.go:5863.2,5864.30 2 0
server/public/model/client4.go:5868.145,5870.16 2 0
server/public/model/client4.go:5870.16,5872.3 1 0
server/public/model/client4.go:5873.2,5873.63 1 0
server/public/model/client4.go:5877.151,5879.16 2 0
server/public/model/client4.go:5879.16,5881.3 1 0
server/public/model/client4.go:5882.2,5882.66 1 0
server/public/model/client4.go:5888.93,5890.16 2 0
server/public/model/client4.go:5890.16,5892.3 1 0
server/public/model/client4.go:5893.2,5894.42 2 0
server/public/model/client4.go:5898.102,5900.16 2 0
server/public/model/client4.go:5900.16,5902.3 1 0
server/public/model/client4.go:5903.2,5904.44 2 0
server/public/model/client4.go:5907.113,5909.16 2 0
server/public/model/client4.go:5909.16,5911.3 1 0
server/public/model/client4.go:5912.2,5913.42 2 0
server/public/model/client4.go:5919.97,5921.16 2 0
server/public/model/client4.go:5921.16,5923.3 1 0
server/public/model/client4.go:5924.2,5925.44 2 0
server/public/model/client4.go:5929.97,5931.16 2 0
server/public/model/client4.go:5931.16,5933.3 1 0
server/public/model/client4.go:5934.2,5935.44 2 0
server/public/model/client4.go:5939.104,5942.16 3 0
server/public/model/client4.go:5942.16,5944.3 1 0
server/public/model/client4.go:5945.2,5946.30 2 0
server/public/model/client4.go:5950.91,5952.16 2 0
server/public/model/client4.go:5952.16,5954.3 1 0
server/public/model/client4.go:5955.2,5956.30 2 0
server/public/model/client4.go:5960.116,5965.16 5 0
server/public/model/client4.go:5965.16,5967.3 1 0
server/public/model/client4.go:5968.2,5969.46 2 0
server/public/model/client4.go:5973.146,5977.16 4 0
server/public/model/client4.go:5977.16,5979.3 1 0
server/public/model/client4.go:5980.2,5981.60 2 0
server/public/model/client4.go:5985.98,5987.16 2 0
server/public/model/client4.go:5987.16,5989.3 1 0
server/public/model/client4.go:5990.2,5991.44 2 0
server/public/model/client4.go:5995.119,6001.16 3 0
server/public/model/client4.go:6001.16,6003.3 1 0
server/public/model/client4.go:6004.2,6007.16 3 0
server/public/model/client4.go:6007.16,6009.3 1 0
server/public/model/client4.go:6010.2,6010.40 1 0
server/public/model/client4.go:6015.135,6022.16 3 0
server/public/model/client4.go:6022.16,6024.3 1 0
server/public/model/client4.go:6025.2,6028.16 3 0
server/public/model/client4.go:6028.16,6030.3 1 0
server/public/model/client4.go:6031.2,6031.40 1 0
server/public/model/client4.go:6035.111,6037.16 2 0
server/public/model/client4.go:6037.16,6039.3 1 0
server/public/model/client4.go:6040.2,6041.46 2 0
server/public/model/client4.go:6045.103,6047.16 2 0
server/public/model/client4.go:6047.16,6049.3 1 0
server/public/model/client4.go:6050.2,6052.16 3 0
server/public/model/client4.go:6052.16,6054.3 1 0
server/public/model/client4.go:6055.2,6055.35 1 0
server/public/model/client4.go:6061.103,6063.16 2 0
server/public/model/client4.go:6063.16,6065.3 1 0
server/public/model/client4.go:6066.2,6067.43 2 0
server/public/model/client4.go:6071.110,6073.16 2 0
server/public/model/client4.go:6073.16,6075.3 1 0
server/public/model/client4.go:6076.2,6077.45 2 0
server/public/model/client4.go:6081.120,6083.16 2 0
server/public/model/client4.go:6083.16,6085.3 1 0
server/public/model/client4.go:6086.2,6087.43 2 0
server/public/model/client4.go:6093.144,6095.16 2 0
server/public/model/client4.go:6095.16,6097.3 1 0
server/public/model/client4.go:6098.2,6102.48 2 0
server/public/model/client4.go:6106.97,6108.16 2 0
server/public/model/client4.go:6108.16,6110.3 1 0
server/public/model/client4.go:6111.2,6112.30 2 0
server/public/model/client4.go:6116.103,6118.16 2 0
server/public/model/client4.go:6118.16,6120.3 1 0
server/public/model/client4.go:6121.2,6122.30 2 0
server/public/model/client4.go:6130.124,6135.16 4 0
server/public/model/client4.go:6135.16,6137.3 1 0
server/public/model/client4.go:6139.2,6140.16 2 0
server/public/model/client4.go:6140.16,6142.3 1 0
server/public/model/client4.go:6144.2,6145.16 2 0
server/public/model/client4.go:6145.16,6147.3 1 0
server/public/model/client4.go:6149.2,6149.69 1 0
server/public/model/client4.go:6149.69,6151.3 1 0
server/public/model/client4.go:6153.2,6153.38 1 0
server/public/model/client4.go:6153.38,6155.3 1 0
server/public/model/client4.go:6157.2,6158.16 2 0
server/public/model/client4.go:6158.16,6160.3 1 0
server/public/model/client4.go:6161.2,6162.42 2 0
server/public/model/client4.go:6166.101,6171.16 5 0
server/public/model/client4.go:6171.16,6173.3 1 0
server/public/model/client4.go:6174.2,6175.44 2 0
server/public/model/client4.go:6180.120,6186.16 6 0
server/public/model/client4.go:6186.16,6188.3 1 0
server/public/model/client4.go:6189.2,6190.44 2 0
server/public/model/client4.go:6194.102,6196.16 2 0
server/public/model/client4.go:6196.16,6198.3 1 0
server/public/model/client4.go:6199.2,6200.44 2 0
server/public/model/client4.go:6204.87,6206.16 2 0
server/public/model/client4.go:6206.16,6208.3 1 0
server/public/model/client4.go:6209.2,6210.30 2 0
server/public/model/client4.go:6214.92,6216.16 2 0
server/public/model/client4.go:6216.16,6218.3 1 0
server/public/model/client4.go:6219.2,6220.42 2 0
server/public/model/client4.go:6224.95,6226.16 2 0
server/public/model/client4.go:6226.16,6228.3 1 0
server/public/model/client4.go:6229.2,6230.42 2 0
server/public/model/client4.go:6234.97,6236.16 2 0
server/public/model/client4.go:6236.16,6238.3 1 0
server/public/model/client4.go:6239.2,6240.33 2 0
server/public/model/client4.go:6244.102,6246.16 2 0
server/public/model/client4.go:6246.16,6248.3 1 0
server/public/model/client4.go:6249.2,6250.44 2 0
server/public/model/client4.go:6254.113,6258.16 4 0
server/public/model/client4.go:6258.16,6260.3 1 0
server/public/model/client4.go:6261.2,6262.44 2 0
server/public/model/client4.go:6268.103,6270.16 2 0
server/public/model/client4.go:6270.16,6272.3 1 0
server/public/model/client4.go:6273.2,6274.45 2 0
server/public/model/client4.go:6278.100,6280.16 2 0
server/public/model/client4.go:6280.16,6282.3 1 0
server/public/model/client4.go:6283.2,6284.47 2 0
server/public/model/client4.go:6288.94,6290.16 2 0
server/public/model/client4.go:6290.16,6292.3 1 0
server/public/model/client4.go:6293.2,6294.30 2 0
server/public/model/client4.go:6298.118,6300.16 2 0
server/public/model/client4.go:6300.16,6302.3 1 0
server/public/model/client4.go:6303.2,6304.58 2 0
server/public/model/client4.go:6310.90,6312.16 2 0
server/public/model/client4.go:6312.16,6314.3 1 0
server/public/model/client4.go:6315.2,6316.44 2 0
server/public/model/client4.go:6322.83,6324.16 2 0
server/public/model/client4.go:6324.16,6326.3 1 0
server/public/model/client4.go:6327.2,6328.40 2 0
server/public/model/client4.go:6332.129,6339.16 7 0
server/public/model/client4.go:6339.16,6341.3 1 0
server/public/model/client4.go:6342.2,6343.42 2 0
server/public/model/client4.go:6347.120,6349.2 1 0
server/public/model/client4.go:6351.142,6355.18 4 0
server/public/model/client4.go:6355.18,6357.3 1 0
server/public/model/client4.go:6358.2,6359.16 2 0
server/public/model/client4.go:6359.16,6361.3 1 0
server/public/model/client4.go:6362.2,6363.42 2 0
server/public/model/client4.go:6367.85,6369.16 2 0
server/public/model/client4.go:6369.16,6371.3 1 0
server/public/model/client4.go:6372.2,6373.40 2 0
server/public/model/client4.go:6377.83,6379.16 2 0
server/public/model/client4.go:6379.16,6381.3 1 0
server/public/model/client4.go:6382.2,6383.30 2 0
server/public/model/client4.go:6387.93,6389.16 2 0
server/public/model/client4.go:6389.16,6391.3 1 0
server/public/model/client4.go:6392.2,6393.33 2 0
server/public/model/client4.go:6397.116,6403.16 3 0
server/public/model/client4.go:6403.16,6405.3 1 0
server/public/model/client4.go:6406.2,6407.30 2 0
server/public/model/client4.go:6413.80,6415.16 2 0
server/public/model/client4.go:6415.16,6417.3 1 0
server/public/model/client4.go:6418.2,6419.43 2 0
server/public/model/client4.go:6423.85,6425.16 2 0
server/public/model/client4.go:6425.16,6427.3 1 0
server/public/model/client4.go:6428.2,6429.41 2 0
server/public/model/client4.go:6433.93,6435.16 2 0
server/public/model/client4.go:6435.16,6437.3 1 0
server/public/model/client4.go:6438.2,6439.41 2 0
server/public/model/client4.go:6443.104,6445.16 2 0
server/public/model/client4.go:6445.16,6447.3 1 0
server/public/model/client4.go:6448.2,6449.43 2 0
server/public/model/client4.go:6453.109,6455.16 2 0
server/public/model/client4.go:6455.16,6457.3 1 0
server/public/model/client4.go:6458.2,6459.41 2 0
server/public/model/client4.go:6465.97,6467.16 2 0
server/public/model/client4.go:6467.16,6469.3 1 0
server/public/model/client4.go:6470.2,6471.43 2 0
server/public/model/client4.go:6475.89,6477.16 2 0
server/public/model/client4.go:6477.16,6479.3 1 0
server/public/model/client4.go:6480.2,6481.43 2 0
server/public/model/client4.go:6485.118,6491.16 6 0
server/public/model/client4.go:6491.16,6493.3 1 0
server/public/model/client4.go:6494.2,6495.45 2 0
server/public/model/client4.go:6499.83,6501.16 2 0
server/public/model/client4.go:6501.16,6503.3 1 0
server/public/model/client4.go:6504.2,6505.30 2 0
server/public/model/client4.go:6509.111,6511.16 2 0
server/public/model/client4.go:6511.16,6513.3 1 0
server/public/model/client4.go:6514.2,6515.43 2 0
server/public/model/client4.go:6519.126,6524.16 5 0
server/public/model/client4.go:6524.16,6526.3 1 0
server/public/model/client4.go:6527.2,6528.43 2 0
server/public/model/client4.go:6532.133,6537.16 5 0
server/public/model/client4.go:6537.16,6539.3 1 0
server/public/model/client4.go:6540.2,6541.47 2 0
server/public/model/client4.go:6547.99,6549.2 1 0
server/public/model/client4.go:6551.105,6553.2 1 0
server/public/model/client4.go:6555.111,6559.11 3 0
server/public/model/client4.go:6559.11,6561.17 2 0
server/public/model/client4.go:6561.17,6563.4 1 0
server/public/model/client4.go:6566.2,6567.16 2 0
server/public/model/client4.go:6567.16,6569.3 1 0
server/public/model/client4.go:6571.2,6571.46 1 0
server/public/model/client4.go:6571.46,6573.3 1 0
server/public/model/client4.go:6575.2,6575.38 1 0
server/public/model/client4.go:6575.38,6577.3 1 0
server/public/model/client4.go:6579.2,6580.16 2 0
server/public/model/client4.go:6580.16,6582.3 1 0
server/public/model/client4.go:6584.2,6584.45 1 0
server/public/model/client4.go:6587.123,6592.16 5 0
server/public/model/client4.go:6592.16,6594.3 1 0
server/public/model/client4.go:6595.2,6596.45 2 0
server/public/model/client4.go:6600.137,6602.16 2 0
server/public/model/client4.go:6602.16,6604.3 1 0
server/public/model/client4.go:6605.2,6606.45 2 0
server/public/model/client4.go:6612.106,6614.16 2 0
server/public/model/client4.go:6614.16,6616.3 1 0
server/public/model/client4.go:6617.2,6619.30 2 0
server/public/model/client4.go:6625.89,6627.16 2 0
server/public/model/client4.go:6627.16,6629.3 1 0
server/public/model/client4.go:6630.2,6632.30 2 0
server/public/model/client4.go:6636.88,6638.16 2 0
server/public/model/client4.go:6638.16,6640.3 1 0
server/public/model/client4.go:6641.2,6642.52 2 0
server/public/model/client4.go:6647.93,6649.16 2 0
server/public/model/client4.go:6649.16,6651.3 1 0
server/public/model/client4.go:6652.2,6653.50 2 0
server/public/model/client4.go:6657.83,6659.16 2 0
server/public/model/client4.go:6659.16,6661.3 1 0
server/public/model/client4.go:6662.2,6663.30 2 0
server/public/model/client4.go:6667.89,6669.16 2 0
server/public/model/client4.go:6669.16,6671.3 1 0
server/public/model/client4.go:6672.2,6673.47 2 0
server/public/model/client4.go:6677.83,6679.16 2 0
server/public/model/client4.go:6679.16,6681.3 1 0
server/public/model/client4.go:6682.2,6683.30 2 0
server/public/model/client4.go:6687.84,6689.16 2 0
server/public/model/client4.go:6689.16,6691.3 1 0
server/public/model/client4.go:6692.2,6693.30 2 0
server/public/model/client4.go:6697.136,6699.16 2 0
server/public/model/client4.go:6699.16,6701.3 1 0
server/public/model/client4.go:6702.2,6705.16 3 0
server/public/model/client4.go:6705.16,6707.3 1 0
server/public/model/client4.go:6709.2,6709.39 1 0
server/public/model/client4.go:6713.107,6716.16 3 0
server/public/model/client4.go:6716.16,6718.3 1 0
server/public/model/client4.go:6719.2,6720.30 2 0
server/public/model/client4.go:6724.101,6727.16 3 0
server/public/model/client4.go:6727.16,6729.3 1 0
server/public/model/client4.go:6730.2,6731.30 2 0
server/public/model/client4.go:6735.110,6739.16 4 0
server/public/model/client4.go:6739.16,6741.3 1 0
server/public/model/client4.go:6742.2,6744.16 3 0
server/public/model/client4.go:6744.16,6746.3 1 0
server/public/model/client4.go:6747.2,6747.38 1 0
server/public/model/client4.go:6751.83,6755.16 4 0
server/public/model/client4.go:6755.16,6757.3 1 0
server/public/model/client4.go:6758.2,6759.30 2 0
server/public/model/client4.go:6763.75,6765.16 2 0
server/public/model/client4.go:6765.16,6767.3 1 0
server/public/model/client4.go:6768.2,6769.30 2 0
server/public/model/client4.go:6774.91,6776.16 2 0
server/public/model/client4.go:6776.16,6778.3 1 0
server/public/model/client4.go:6779.2,6780.52 2 0
server/public/model/client4.go:6784.136,6787.16 3 0
server/public/model/client4.go:6787.16,6789.3 1 0
server/public/model/client4.go:6790.2,6791.30 2 0
server/public/model/client4.go:6795.107,6797.16 2 0
server/public/model/client4.go:6797.16,6799.3 1 0
server/public/model/client4.go:6800.2,6801.51 2 0
server/public/model/client4.go:6805.123,6807.16 2 0
server/public/model/client4.go:6807.16,6809.3 1 0
server/public/model/client4.go:6810.2,6811.55 2 0
server/public/model/client4.go:6815.118,6818.16 3 0
server/public/model/client4.go:6818.16,6820.3 1 0
server/public/model/client4.go:6821.2,6822.51 2 0
server/public/model/client4.go:6825.98,6827.16 2 0
server/public/model/client4.go:6827.16,6829.3 1 0
server/public/model/client4.go:6830.2,6831.42 2 0
server/public/model/client4.go:6834.93,6836.16 2 0
server/public/model/client4.go:6836.16,6838.3 1 0
server/public/model/client4.go:6839.2,6840.42 2 0
server/public/model/client4.go:6843.95,6845.16 2 0
server/public/model/client4.go:6845.16,6847.3 1 0
server/public/model/client4.go:6848.2,6849.42 2 0
server/public/model/client4.go:6852.109,6854.16 2 0
server/public/model/client4.go:6854.16,6856.3 1 0
server/public/model/client4.go:6857.2,6858.42 2 0
server/public/model/client4.go:6861.113,6863.16 2 0
server/public/model/client4.go:6863.16,6865.3 1 0
server/public/model/client4.go:6866.2,6867.42 2 0
server/public/model/client4.go:6870.109,6872.16 2 0
server/public/model/client4.go:6872.16,6874.3 1 0
server/public/model/client4.go:6875.2,6876.52 2 0
server/public/model/client4.go:6879.139,6881.16 2 0
server/public/model/client4.go:6881.16,6883.3 1 0
server/public/model/client4.go:6884.2,6885.50 2 0
server/public/model/client4.go:6888.139,6890.16 2 0
server/public/model/client4.go:6890.16,6892.3 1 0
server/public/model/client4.go:6893.2,6894.50 2 0
server/public/model/client4.go:6897.180,6899.16 2 0
server/public/model/client4.go:6899.16,6901.3 1 0
server/public/model/client4.go:6902.2,6903.50 2 0
server/public/model/client4.go:6906.139,6908.16 2 0
server/public/model/client4.go:6908.16,6910.3 1 0
server/public/model/client4.go:6911.2,6912.30 2 0
server/public/model/client4.go:6915.165,6917.16 2 0
server/public/model/client4.go:6917.16,6919.3 1 0
server/public/model/client4.go:6920.2,6921.50 2 0
server/public/model/client4.go:6924.156,6926.16 2 0
server/public/model/client4.go:6926.16,6928.3 1 0
server/public/model/client4.go:6929.2,6930.52 2 0
server/public/model/client4.go:6933.181,6935.16 2 0
server/public/model/client4.go:6935.16,6937.3 1 0
server/public/model/client4.go:6938.2,6939.50 2 0
server/public/model/client4.go:6942.180,6949.16 7 0
server/public/model/client4.go:6949.16,6951.3 1 0
server/public/model/client4.go:6952.2,6955.16 3 0
server/public/model/client4.go:6955.16,6957.3 1 0
server/public/model/client4.go:6958.2,6958.40 1 0
server/public/model/client4.go:6961.186,6968.16 7 0
server/public/model/client4.go:6968.16,6970.3 1 0
server/public/model/client4.go:6971.2,6973.16 3 0
server/public/model/client4.go:6973.16,6975.3 1 0
server/public/model/client4.go:6976.2,6976.40 1 0
server/public/model/client4.go:6979.96,6981.16 2 0
server/public/model/client4.go:6981.16,6983.3 1 0
server/public/model/client4.go:6984.2,6985.43 2 0
server/public/model/client4.go:6988.134,6990.16 2 0
server/public/model/client4.go:6990.16,6992.3 1 0
server/public/model/client4.go:6993.2,6994.56 2 0
server/public/model/client4.go:6997.156,6999.16 2 0
server/public/model/client4.go:6999.16,7001.3 1 0
server/public/model/client4.go:7002.2,7003.56 2 0
server/public/model/client4.go:7006.83,7008.16 2 0
server/public/model/client4.go:7008.16,7010.3 1 0
server/public/model/client4.go:7011.2,7012.44 2 0
server/public/model/client4.go:7016.121,7018.16 2 0
server/public/model/client4.go:7018.16,7020.3 1 0
server/public/model/client4.go:7021.2,7022.30 2 0
server/public/model/client4.go:7025.173,7029.16 4 0
server/public/model/client4.go:7029.16,7031.3 1 0
server/public/model/client4.go:7032.2,7033.64 2 0
server/public/model/client4.go:7036.129,7038.16 2 0
server/public/model/client4.go:7038.16,7040.3 1 0
server/public/model/client4.go:7042.2,7043.30 2 0
server/public/model/client4.go:7048.90,7051.16 3 0
server/public/model/client4.go:7051.16,7053.3 1 0
server/public/model/client4.go:7054.2,7055.30 2 0
server/public/model/client4.go:7059.102,7061.16 2 0
server/public/model/client4.go:7061.16,7063.3 1 0
server/public/model/client4.go:7064.2,7065.47 2 0
server/public/model/client4.go:7068.150,7070.16 2 0
server/public/model/client4.go:7070.16,7072.3 1 0
server/public/model/client4.go:7074.2,7074.61 1 0
server/public/model/client4.go:7077.187,7079.16 2 0
server/public/model/client4.go:7079.16,7081.3 1 0
server/public/model/client4.go:7082.2,7083.64 2 0
server/public/model/client4.go:7086.195,7088.16 2 0
server/public/model/client4.go:7088.16,7090.3 1 0
server/public/model/client4.go:7091.2,7092.66 2 0
server/public/model/client4.go:7095.136,7097.16 2 0
server/public/model/client4.go:7097.16,7099.3 1 0
server/public/model/client4.go:7100.2,7101.44 2 0
server/public/model/client4.go:7104.149,7106.16 2 0
server/public/model/client4.go:7106.16,7108.3 1 0
server/public/model/client4.go:7109.2,7110.44 2 0
server/public/model/client4.go:7113.163,7115.16 2 0
server/public/model/client4.go:7115.16,7117.3 1 0
server/public/model/client4.go:7118.2,7119.64 2 0
server/public/model/client4.go:7122.199,7124.16 2 0
server/public/model/client4.go:7124.16,7126.3 1 0
server/public/model/client4.go:7127.2,7128.64 2 0
server/public/model/client4.go:7132.144,7134.16 2 0
server/public/model/client4.go:7134.16,7136.3 1 0
server/public/model/client4.go:7137.2,7138.30 2 0
server/public/model/client4.go:7142.98,7144.16 2 0
server/public/model/client4.go:7144.16,7146.3 1 0
server/public/model/client4.go:7147.2,7148.58 2 0
server/public/model/client4.go:7151.180,7158.16 7 0
server/public/model/client4.go:7158.16,7160.3 1 0
server/public/model/client4.go:7161.2,7163.16 3 0
server/public/model/client4.go:7163.16,7165.3 1 0
server/public/model/client4.go:7166.2,7166.39 1 0
server/public/model/client4.go:7169.91,7171.16 2 0
server/public/model/client4.go:7171.16,7173.3 1 0
server/public/model/client4.go:7174.2,7175.30 2 0
server/public/model/client4.go:7178.114,7180.16 2 0
server/public/model/client4.go:7180.16,7182.3 1 0
server/public/model/client4.go:7183.2,7185.30 2 0
server/public/model/client4.go:7189.107,7191.16 2 0
server/public/model/client4.go:7191.16,7193.3 1 0
server/public/model/client4.go:7194.2,7195.50 2 0
server/public/model/client4.go:7199.102,7201.16 2 0
server/public/model/client4.go:7201.16,7203.3 1 0
server/public/model/client4.go:7204.2,7205.50 2 0
server/public/model/client4.go:7210.110,7212.16 2 0
server/public/model/client4.go:7212.16,7214.3 1 0
server/public/model/client4.go:7215.2,7216.52 2 0
server/public/model/client4.go:7221.114,7223.16 2 0
server/public/model/client4.go:7223.16,7225.3 1 0
server/public/model/client4.go:7226.2,7227.42 2 0
server/public/model/client4.go:7227.42,7229.3 1 0
server/public/model/client4.go:7230.2,7230.45 1 0
server/public/model/client4.go:7233.119,7236.16 3 0
server/public/model/client4.go:7236.16,7238.3 1 0
server/public/model/client4.go:7239.2,7240.30 2 0
server/public/model/client4.go:7245.88,7247.16 2 0
server/public/model/client4.go:7247.16,7249.3 1 0
server/public/model/client4.go:7250.2,7251.46 2 0
server/public/model/client4.go:7254.93,7256.16 2 0
server/public/model/client4.go:7256.16,7258.3 1 0
server/public/model/client4.go:7259.2,7260.46 2 0
server/public/model/client4.go:7263.92,7265.16 2 0
server/public/model/client4.go:7265.16,7267.3 1 0
server/public/model/client4.go:7268.2,7269.50 2 0
server/public/model/client4.go:7272.90,7274.16 2 0
server/public/model/client4.go:7274.16,7276.3 1 0
server/public/model/client4.go:7278.2,7279.52 2 0
server/public/model/client4.go:7282.124,7284.16 2 0
server/public/model/client4.go:7284.16,7286.3 1 0
server/public/model/client4.go:7288.2,7289.52 2 0
server/public/model/client4.go:7292.90,7294.16 2 0
server/public/model/client4.go:7294.16,7296.3 1 0
server/public/model/client4.go:7298.2,7299.57 2 0
server/public/model/client4.go:7302.90,7304.16 2 0
server/public/model/client4.go:7304.16,7306.3 1 0
server/public/model/client4.go:7307.2,7309.30 2 0
server/public/model/client4.go:7312.98,7314.16 2 0
server/public/model/client4.go:7314.16,7316.3 1 0
server/public/model/client4.go:7318.2,7320.26 2 0
server/public/model/client4.go:7323.105,7325.16 2 0
server/public/model/client4.go:7325.16,7327.3 1 0
server/public/model/client4.go:7329.2,7331.26 2 0
server/public/model/client4.go:7334.118,7336.16 2 0
server/public/model/client4.go:7336.16,7338.3 1 0
server/public/model/client4.go:7339.2,7341.30 2 0
server/public/model/client4.go:7344.92,7346.16 2 0
server/public/model/client4.go:7346.16,7348.3 1 0
server/public/model/client4.go:7349.2,7350.50 2 0
server/public/model/client4.go:7353.90,7355.16 2 0
server/public/model/client4.go:7355.16,7357.3 1 0
server/public/model/client4.go:7358.2,7359.49 2 0
server/public/model/client4.go:7362.98,7364.16 2 0
server/public/model/client4.go:7364.16,7366.3 1 0
server/public/model/client4.go:7367.2,7368.46 2 0
server/public/model/client4.go:7371.128,7373.16 2 0
server/public/model/client4.go:7373.16,7375.3 1 0
server/public/model/client4.go:7376.2,7377.50 2 0
server/public/model/client4.go:7380.120,7382.16 2 0
server/public/model/client4.go:7382.16,7384.3 1 0
server/public/model/client4.go:7385.2,7386.50 2 0
server/public/model/client4.go:7389.81,7391.16 2 0
server/public/model/client4.go:7391.16,7393.3 1 0
server/public/model/client4.go:7394.2,7395.44 2 0
server/public/model/client4.go:7398.85,7400.16 2 0
server/public/model/client4.go:7400.16,7402.3 1 0
server/public/model/client4.go:7403.2,7404.30 2 0
server/public/model/client4.go:7407.81,7409.16 2 0
server/public/model/client4.go:7409.16,7411.3 1 0
server/public/model/client4.go:7412.2,7413.44 2 0
server/public/model/client4.go:7416.85,7418.16 2 0
server/public/model/client4.go:7418.16,7420.3 1 0
server/public/model/client4.go:7421.2,7422.30 2 0
server/public/model/client4.go:7425.122,7427.16 2 0
server/public/model/client4.go:7427.16,7431.3 1 0
server/public/model/client4.go:7432.2,7433.16 2 0
server/public/model/client4.go:7433.16,7435.3 1 0
server/public/model/client4.go:7436.2,7438.16 3 0
server/public/model/client4.go:7438.16,7440.3 1 0
server/public/model/client4.go:7441.2,7441.33 1 0
server/public/model/client4.go:7444.114,7446.16 2 0
server/public/model/client4.go:7446.16,7448.3 1 0
server/public/model/client4.go:7449.2,7450.55 2 0
server/public/model/client4.go:7453.135,7455.24 2 0
server/public/model/client4.go:7455.24,7457.3 1 0
server/public/model/client4.go:7458.2,7458.26 1 0
server/public/model/client4.go:7458.26,7460.3 1 0
server/public/model/client4.go:7461.2,7461.25 1 0
server/public/model/client4.go:7461.25,7463.3 1 0
server/public/model/client4.go:7464.2,7464.27 1 0
server/public/model/client4.go:7464.27,7466.3 1 0
server/public/model/client4.go:7467.2,7467.22 1 0
server/public/model/client4.go:7467.22,7469.3 1 0
server/public/model/client4.go:7470.2,7470.21 1 0
server/public/model/client4.go:7470.21,7472.3 1 0
server/public/model/client4.go:7473.2,7473.20 1 0
server/public/model/client4.go:7473.20,7475.3 1 0
server/public/model/client4.go:7476.2,7476.25 1 0
server/public/model/client4.go:7476.25,7478.3 1 0
server/public/model/client4.go:7479.2,7479.24 1 0
server/public/model/client4.go:7479.24,7481.3 1 0
server/public/model/client4.go:7482.2,7482.27 1 0
server/public/model/client4.go:7482.27,7484.3 1 0
server/public/model/client4.go:7485.2,7486.16 2 0
server/public/model/client4.go:7486.16,7488.3 1 0
server/public/model/client4.go:7489.2,7490.44 2 0
server/public/model/client4.go:7493.109,7495.16 2 0
server/public/model/client4.go:7495.16,7497.3 1 0
server/public/model/client4.go:7498.2,7502.57 3 0
server/public/model/client4.go:7502.57,7504.59 2 0
server/public/model/client4.go:7504.59,7505.32 1 0
server/public/model/client4.go:7505.32,7507.5 1 0
server/public/model/client4.go:7511.2,7512.16 2 0
server/public/model/client4.go:7512.16,7514.3 1 0
server/public/model/client4.go:7515.2,7515.22 1 0
server/public/model/client4.go:7518.138,7520.14 2 0
server/public/model/client4.go:7520.14,7522.3 1 0
server/public/model/client4.go:7523.2,7524.16 2 0
server/public/model/client4.go:7524.16,7526.3 1 0
server/public/model/client4.go:7527.2,7528.51 2 0
server/public/model/client4.go:7531.107,7533.16 2 0
server/public/model/client4.go:7533.16,7535.3 1 0
server/public/model/client4.go:7536.2,7538.30 2 0
server/public/model/client4.go:7541.141,7543.16 2 0
server/public/model/client4.go:7543.16,7545.3 1 0
server/public/model/client4.go:7546.2,7547.51 2 0
server/public/model/client4.go:7550.150,7552.16 2 0
server/public/model/client4.go:7552.16,7554.3 1 0
server/public/model/client4.go:7555.2,7556.51 2 0
server/public/model/client4.go:7559.130,7562.11 3 0
server/public/model/client4.go:7562.11,7564.3 1 0
server/public/model/client4.go:7564.8,7566.3 1 0
server/public/model/client4.go:7567.2,7567.16 1 0
server/public/model/client4.go:7567.16,7569.3 1 0
server/public/model/client4.go:7570.2,7572.30 2 0
server/public/model/client4.go:7575.132,7580.16 5 0
server/public/model/client4.go:7580.16,7582.3 1 0
server/public/model/client4.go:7583.2,7584.52 2 0
server/public/model/client4.go:7587.116,7589.16 2 0
server/public/model/client4.go:7589.16,7591.3 1 0
server/public/model/client4.go:7592.2,7593.53 2 0
server/public/model/client4.go:7596.147,7598.15 2 0
server/public/model/client4.go:7598.15,7600.3 1 0
server/public/model/client4.go:7601.2,7601.18 1 0
server/public/model/client4.go:7601.18,7603.3 1 0
server/public/model/client4.go:7604.2,7604.27 1 0
server/public/model/client4.go:7604.27,7606.3 1 0
server/public/model/client4.go:7607.2,7607.28 1 0
server/public/model/client4.go:7607.28,7609.3 1 0
server/public/model/client4.go:7610.2,7610.31 1 0
server/public/model/client4.go:7610.31,7612.3 1 0
server/public/model/client4.go:7613.2,7613.24 1 0
server/public/model/client4.go:7613.24,7615.3 1 0
server/public/model/client4.go:7616.2,7616.28 1 0
server/public/model/client4.go:7616.28,7618.3 1 0
server/public/model/client4.go:7619.2,7619.26 1 0
server/public/model/client4.go:7619.26,7621.3 1 0
server/public/model/client4.go:7622.2,7622.27 1 0
server/public/model/client4.go:7622.27,7624.3 1 0
server/public/model/client4.go:7625.2,7625.24 1 0
server/public/model/client4.go:7625.24,7627.3 1 0
server/public/model/client4.go:7628.2,7628.27 1 0
server/public/model/client4.go:7628.27,7630.3 1 0
server/public/model/client4.go:7631.2,7631.27 1 0
server/public/model/client4.go:7631.27,7633.3 1 0
server/public/model/client4.go:7634.2,7635.16 2 0
server/public/model/client4.go:7635.16,7637.3 1 0
server/public/model/client4.go:7638.2,7639.52 2 0
server/public/model/client4.go:7642.148,7644.16 2 0
server/public/model/client4.go:7644.16,7646.3 1 0
server/public/model/client4.go:7647.2,7648.60 2 0
server/public/model/client4.go:7651.144,7653.16 2 0
server/public/model/client4.go:7653.16,7655.3 1 0
server/public/model/client4.go:7656.2,7657.50 2 0
server/public/model/client4.go:7660.129,7662.16 2 0
server/public/model/client4.go:7662.16,7664.3 1 0
server/public/model/client4.go:7665.2,7666.42 2 0
server/public/model/client4.go:7669.116,7671.16 2 0
server/public/model/client4.go:7671.16,7673.3 1 0
server/public/model/client4.go:7674.2,7675.50 2 0
server/public/model/client4.go:7678.145,7680.16 2 0
server/public/model/client4.go:7680.16,7682.3 1 0
server/public/model/client4.go:7683.2,7684.50 2 0
server/public/model/client4.go:7687.103,7689.16 2 0
server/public/model/client4.go:7689.16,7691.3 1 0
server/public/model/client4.go:7692.2,7693.30 2 0
server/public/model/client4.go:7696.196,7698.31 2 0
server/public/model/client4.go:7698.31,7700.3 1 0
server/public/model/client4.go:7701.2,7701.29 1 0
server/public/model/client4.go:7701.29,7703.3 1 0
server/public/model/client4.go:7704.2,7704.24 1 0
server/public/model/client4.go:7704.24,7706.3 1 0
server/public/model/client4.go:7707.2,7707.26 1 0
server/public/model/client4.go:7707.26,7709.3 1 0
server/public/model/client4.go:7710.2,7710.27 1 0
server/public/model/client4.go:7710.27,7712.3 1 0
server/public/model/client4.go:7713.2,7713.15 1 0
server/public/model/client4.go:7713.15,7715.3 1 0
server/public/model/client4.go:7716.2,7716.18 1 0
server/public/model/client4.go:7716.18,7718.3 1 0
server/public/model/client4.go:7719.2,7720.16 2 0
server/public/model/client4.go:7720.16,7722.3 1 0
server/public/model/client4.go:7723.2,7724.58 2 0
server/public/model/client4.go:7727.116,7729.16 2 0
server/public/model/client4.go:7729.16,7731.3 1 0
server/public/model/client4.go:7732.2,7733.30 2 0
server/public/model/client4.go:7736.118,7738.16 2 0
server/public/model/client4.go:7738.16,7740.3 1 0
server/public/model/client4.go:7741.2,7742.30 2 0
server/public/model/client4.go:7745.125,7748.16 3 0
server/public/model/client4.go:7748.16,7750.3 1 0
server/public/model/client4.go:7751.2,7752.44 2 0
server/public/model/client4.go:7755.113,7760.16 5 0
server/public/model/client4.go:7760.16,7762.3 1 0
server/public/model/client4.go:7763.2,7764.43 2 0
server/public/model/client4.go:7767.106,7769.16 2 0
server/public/model/client4.go:7769.16,7771.3 1 0
server/public/model/client4.go:7772.2,7773.54 2 0
server/public/model/client4.go:7776.141,7778.16 2 0
server/public/model/client4.go:7778.16,7780.3 1 0
server/public/model/client4.go:7781.2,7782.60 2 0
server/public/model/client4.go:7785.107,7787.16 2 0
server/public/model/client4.go:7787.16,7789.3 1 0
server/public/model/client4.go:7790.2,7791.60 2 0
server/public/model/client4.go:7794.84,7796.16 2 0
server/public/model/client4.go:7796.16,7798.3 1 0
server/public/model/client4.go:7799.2,7800.30 2 0
server/public/model/client4.go:7806.86,7808.16 2 0
server/public/model/client4.go:7808.16,7810.3 1 0
server/public/model/client4.go:7811.2,7812.47 2 0
server/public/model/client4.go:7817.90,7819.16 2 0
server/public/model/client4.go:7819.16,7821.3 1 0
server/public/model/client4.go:7822.2,7823.49 2 0
server/public/model/client4.go:7827.86,7829.16 2 0
server/public/model/client4.go:7829.16,7831.3 1 0
server/public/model/client4.go:7832.2,7833.47 2 0
server/public/model/client4.go:7836.97,7838.16 2 0
server/public/model/client4.go:7838.16,7840.3 1 0
server/public/model/client4.go:7841.2,7842.45 2 0
server/public/model/client4.go:7845.120,7847.16 2 0
server/public/model/client4.go:7847.16,7849.3 1 0
server/public/model/client4.go:7850.2,7851.56 2 0
server/public/model/client4.go:7854.100,7856.16 2 0
server/public/model/client4.go:7856.16,7858.3 1 0
server/public/model/client4.go:7859.2,7860.30 2 0
server/public/model/client4.go:7863.98,7865.16 2 0
server/public/model/client4.go:7865.16,7867.3 1 0
server/public/model/client4.go:7868.2,7869.30 2 0
server/public/model/client4.go:7872.93,7874.16 2 0
server/public/model/client4.go:7874.16,7876.3 1 0
server/public/model/client4.go:7877.2,7879.30 2 0
server/public/model/client4.go:7883.145,7885.16 2 0
server/public/model/client4.go:7885.16,7887.3 1 0
server/public/model/client4.go:7888.2,7889.64 2 0
server/public/model/client4.go:7893.172,7895.16 2 0
server/public/model/client4.go:7895.16,7897.3 1 0
server/public/model/client4.go:7898.2,7899.66 2 0
server/public/model/client4.go:7903.169,7905.16 2 0
server/public/model/client4.go:7905.16,7907.3 1 0
server/public/model/client4.go:7908.2,7909.66 2 0
server/public/model/client4.go:7913.141,7915.16 2 0
server/public/model/client4.go:7915.16,7917.3 1 0
server/public/model/client4.go:7918.2,7919.64 2 0
server/public/model/client4.go:7922.153,7926.16 4 0
server/public/model/client4.go:7926.16,7928.3 1 0
server/public/model/client4.go:7929.2,7930.66 2 0
server/public/model/client4.go:7934.107,7936.16 2 0
server/public/model/client4.go:7936.16,7938.3 1 0
server/public/model/client4.go:7939.2,7940.41 2 0
server/public/model/client4.go:7944.100,7946.16 2 0
server/public/model/client4.go:7946.16,7948.3 1 0
server/public/model/client4.go:7949.2,7950.41 2 0
server/public/model/client4.go:7954.128,7956.16 2 0
server/public/model/client4.go:7956.16,7958.3 1 0
server/public/model/client4.go:7959.2,7960.43 2 0
server/public/model/client4.go:7964.144,7969.16 4 0
server/public/model/client4.go:7969.16,7971.3 1 0
server/public/model/client4.go:7972.2,7975.16 3 0
server/public/model/client4.go:7975.16,7977.3 1 0
server/public/model/client4.go:7978.2,7978.45 1 0
server/public/model/client4.go:7981.69,7983.19 2 0
server/public/model/client4.go:7983.19,7985.20 2 0
server/public/model/client4.go:7985.20,7987.4 1 0
server/public/model/client4.go:7988.3,7988.17 1 0
server/public/model/client4.go:7988.17,7990.4 1 0
server/public/model/client4.go:7992.2,7992.14 1 0
server/public/model/client4.go:7997.131,8002.16 5 0
server/public/model/client4.go:8002.16,8004.3 1 0
server/public/model/client4.go:8005.2,8006.45 2 0
server/public/model/client4.go:8010.121,8012.16 2 0
server/public/model/client4.go:8012.16,8014.3 1 0
server/public/model/client4.go:8015.2,8016.41 2 0
server/public/model/client4.go:8020.96,8022.16 2 0
server/public/model/client4.go:8022.16,8024.3 1 0
server/public/model/client4.go:8025.2,8026.30 2 0
server/public/model/client4.go:8030.131,8032.16 2 0
server/public/model/client4.go:8032.16,8034.3 1 0
server/public/model/client4.go:8035.2,8036.43 2 0
server/public/model/client4.go:8039.106,8041.16 2 0
server/public/model/client4.go:8041.16,8043.3 1 0
server/public/model/client4.go:8045.2,8045.32 1 0
server/public/model/client4.go:8048.121,8056.28 7 0
server/public/model/client4.go:8056.28,8058.3 1 0
server/public/model/client4.go:8059.2,8059.35 1 0
server/public/model/client4.go:8059.35,8061.3 1 0
server/public/model/client4.go:8062.2,8062.32 1 0
server/public/model/client4.go:8062.32,8064.3 1 0
server/public/model/client4.go:8066.2,8067.16 2 0
server/public/model/client4.go:8067.16,8069.3 1 0
server/public/model/client4.go:8070.2,8071.47 2 0
server/public/model/client4.go:8074.111,8076.16 2 0
server/public/model/client4.go:8076.16,8078.3 1 0
server/public/model/client4.go:8080.2,8081.41 2 0
server/public/model/client4.go:8084.112,8086.16 2 0
server/public/model/client4.go:8086.16,8088.3 1 0
server/public/model/client4.go:8089.2,8090.50 2 0
server/public/model/client4.go:8093.91,8095.16 2 0
server/public/model/client4.go:8095.16,8097.3 1 0
server/public/model/client4.go:8098.2,8099.52 2 0
server/public/model/client4.go:8102.132,8104.16 2 0
server/public/model/client4.go:8104.16,8106.3 1 0
server/public/model/client4.go:8107.2,8108.50 2 0
server/public/model/client4.go:8111.90,8113.16 2 0
server/public/model/client4.go:8113.16,8115.3 1 0
server/public/model/client4.go:8116.2,8117.30 2 0
server/public/model/client4.go:8120.116,8122.16 2 0
server/public/model/client4.go:8122.16,8124.3 1 0
server/public/model/client4.go:8125.2,8126.62 2 0
server/public/model/client4.go:8129.137,8131.16 2 0
server/public/model/client4.go:8131.16,8133.3 1 0
server/public/model/client4.go:8134.2,8135.62 2 0
server/public/model/client4.go:8138.159,8140.16 2 0
server/public/model/client4.go:8140.16,8142.3 1 0
server/public/model/client4.go:8143.2,8144.62 2 0
server/public/model/client4.go:8147.147,8149.16 2 0
server/public/model/client4.go:8149.16,8151.3 1 0
server/public/model/client4.go:8152.2,8153.50 2 0
server/public/model/client4.go:8157.153,8159.24 2 0
server/public/model/client4.go:8159.24,8161.3 1 0
server/public/model/client4.go:8162.2,8162.29 1 0
server/public/model/client4.go:8162.29,8164.3 1 0
server/public/model/client4.go:8165.2,8165.27 1 0
server/public/model/client4.go:8165.27,8167.3 1 0
server/public/model/client4.go:8168.2,8168.56 1 0
server/public/model/client4.go:8168.56,8171.3 2 0
server/public/model/client4.go:8171.8,8171.63 1 0
server/public/model/client4.go:8171.63,8173.3 1 0
server/public/model/client4.go:8174.2,8175.16 2 0
server/public/model/client4.go:8175.16,8177.3 1 0
server/public/model/client4.go:8178.2,8179.52 2 0
server/public/model/client4.go:8182.160,8184.16 2 0
server/public/model/client4.go:8184.16,8186.3 1 0
server/public/model/client4.go:8187.2,8188.50 2 0
server/public/model/client4.go:8191.118,8193.16 2 0
server/public/model/client4.go:8193.16,8195.3 1 0
server/public/model/client4.go:8196.2,8197.30 2 0
server/public/model/client4.go:8200.163,8202.24 2 0
server/public/model/client4.go:8202.24,8204.3 1 0
server/public/model/client4.go:8205.2,8205.56 1 0
server/public/model/client4.go:8205.56,8208.3 2 0
server/public/model/client4.go:8208.8,8208.63 1 0
server/public/model/client4.go:8208.63,8210.3 1 0
server/public/model/client4.go:8211.2,8212.16 2 0
server/public/model/client4.go:8212.16,8214.3 1 0
server/public/model/client4.go:8215.2,8216.52 2 0
server/public/model/client4.go:8219.169,8221.16 2 0
server/public/model/client4.go:8221.16,8223.3 1 0
server/public/model/client4.go:8224.2,8225.52 2 0
server/public/model/client4.go:8230.147,8232.24 2 0
server/public/model/client4.go:8232.24,8234.3 1 0
server/public/model/client4.go:8235.2,8235.56 1 0
server/public/model/client4.go:8235.56,8238.3 2 0
server/public/model/client4.go:8238.8,8238.63 1 0
server/public/model/client4.go:8238.63,8240.3 1 0
server/public/model/client4.go:8241.2,8242.16 2 0
server/public/model/client4.go:8242.16,8244.3 1 0
server/public/model/client4.go:8245.2,8246.52 2 0
server/public/model/client4.go:8251.153,8253.16 2 0
server/public/model/client4.go:8253.16,8255.3 1 0
server/public/model/client4.go:8256.2,8257.52 2 0
server/public/model/client4.go:8260.113,8262.16 2 0
server/public/model/client4.go:8262.16,8264.3 1 0
server/public/model/client4.go:8265.2,8266.51 2 0
server/public/model/client4.go:8272.136,8274.16 2 0
server/public/model/client4.go:8274.16,8276.3 1 0
server/public/model/client4.go:8277.2,8278.56 2 0
server/public/model/client4.go:8281.115,8283.16 2 0
server/public/model/client4.go:8283.16,8285.3 1 0
server/public/model/client4.go:8286.2,8287.56 2 0
server/public/model/client4.go:8290.96,8292.16 2 0
server/public/model/client4.go:8292.16,8294.3 1 0
server/public/model/client4.go:8295.2,8297.30 2 0
server/public/model/client4.go:8300.137,8307.46 2 0
server/public/model/client4.go:8307.46,8309.3 1 0
server/public/model/client4.go:8310.2,8311.16 2 0
server/public/model/client4.go:8311.16,8313.3 1 0
server/public/model/client4.go:8314.2,8315.56 2 0
server/public/model/client4.go:8318.138,8320.16 2 0
server/public/model/client4.go:8320.16,8322.3 1 0
server/public/model/client4.go:8323.2,8324.68 2 0
server/public/model/client4.go:8327.155,8329.16 2 0
server/public/model/client4.go:8329.16,8331.3 1 0
server/public/model/client4.go:8332.2,8333.67 2 0
server/public/model/client4.go:8336.126,8343.16 4 0
server/public/model/client4.go:8343.16,8345.3 1 0
server/public/model/client4.go:8346.2,8348.30 2 0
server/public/model/client4.go:8351.128,8358.16 4 0
server/public/model/client4.go:8358.16,8360.3 1 0
server/public/model/client4.go:8361.2,8363.30 2 0
server/public/model/client4.go:8366.155,8371.16 5 0
server/public/model/client4.go:8371.16,8373.3 1 0
server/public/model/client4.go:8374.2,8375.54 2 0
server/public/model/client4.go:8378.156,8380.2 1 0
server/public/model/client4.go:8382.171,8384.18 2 0
server/public/model/client4.go:8384.18,8386.3 1 0
server/public/model/client4.go:8387.2,8388.16 2 0
server/public/model/client4.go:8388.16,8390.3 1 0
server/public/model/client4.go:8391.2,8392.54 2 0
server/public/model/client4.go:8395.159,8397.16 2 0
server/public/model/client4.go:8397.16,8399.3 1 0
server/public/model/client4.go:8400.2,8403.66 3 0
server/public/model/client4.go:8403.66,8405.3 1 0
server/public/model/client4.go:8407.2,8407.40 1 0
server/public/model/client4.go:8410.92,8412.16 2 0
server/public/model/client4.go:8412.16,8414.3 1 0
server/public/model/client4.go:8415.2,8417.41 2 0
server/public/model/client4.go:8422.83,8424.16 2 0
server/public/model/client4.go:8424.16,8426.3 1 0
server/public/model/client4.go:8427.2,8428.30 2 0
server/public/model/client4_route.go:12.42,15.2 2 0
server/public/model/client4_route.go:17.49,19.2 1 0
server/public/model/client4_route.go:21.56,22.35 1 0
server/public/model/client4_route.go:22.35,23.36 1 0
server/public/model/client4_route.go:23.36,25.4 1 0
server/public/model/client4_route.go:27.3,27.41 1 0
server/public/model/client4_route.go:27.41,29.4 1 0
server/public/model/client4_route.go:32.2,32.10 1 0
server/public/model/client4_route.go:35.46,37.16 2 0
server/public/model/client4_route.go:37.16,39.3 1 0
server/public/model/client4_route.go:40.2,40.34 1 0
server/public/model/client4_route.go:43.47,46.2 1 0
server/public/model/cloud.go:197.49,199.55 2 0
server/public/model/cloud.go:199.55,202.38 1 0
server/public/model/cloud.go:202.38,204.4 1 0
server/public/model/cloud.go:206.2,207.21 2 0
server/public/model/cloud.go:225.57,227.2 1 0
server/public/model/cloud.go:364.35,366.2 1 0
server/public/model/cloud.go:368.36,370.2 1 0
server/public/model/cloud.go:372.44,375.16 3 0
server/public/model/cloud.go:375.16,377.3 1 0
server/public/model/cloud.go:379.2,380.16 2 0
server/public/model/cloud.go:380.16,382.3 1 0
server/public/model/cloud.go:384.2,384.12 1 0
server/public/model/cluster_discovery.go:27.38,28.16 1 0
server/public/model/cluster_discovery.go:28.16,30.3 1 0
server/public/model/cluster_discovery.go:32.2,32.21 1 0
server/public/model/cluster_discovery.go:32.21,35.3 2 0
server/public/model/cluster_discovery.go:38.47,40.22 1 0
server/public/model/cluster_discovery.go:40.22,41.43 1 0
server/public/model/cluster_discovery.go:41.43,43.4 1 0
server/public/model/cluster_discovery.go:47.78,49.22 1 0
server/public/model/cluster_discovery.go:49.22,50.22 1 0
server/public/model/cluster_discovery.go:50.22,52.4 1 0
server/public/model/cluster_discovery.go:52.9,54.4 1 0
server/public/model/cluster_discovery.go:58.63,59.15 1 0
server/public/model/cluster_discovery.go:59.15,61.3 1 0
server/public/model/cluster_discovery.go:63.2,63.23 1 0
server/public/model/cluster_discovery.go:63.23,65.3 1 0
server/public/model/cluster_discovery.go:67.2,67.37 1 0
server/public/model/cluster_discovery.go:67.37,69.3 1 0
server/public/model/cluster_discovery.go:71.2,71.31 1 0
server/public/model/cluster_discovery.go:71.31,73.3 1 0
server/public/model/cluster_discovery.go:75.2,75.13 1 0
server/public/model/cluster_discovery.go:78.105,80.23 2 0
server/public/model/cluster_discovery.go:80.23,81.11 1 0
server/public/model/cluster_discovery.go:81.11,83.4 1 0
server/public/model/cluster_discovery.go:86.2,86.15 1 0
server/public/model/cluster_discovery.go:89.48,90.22 1 0
server/public/model/cluster_discovery.go:90.22,92.3 1 0
server/public/model/cluster_discovery.go:94.2,94.25 1 0
server/public/model/cluster_discovery.go:94.25,96.3 1 0
server/public/model/cluster_discovery.go:98.2,98.18 1 0
server/public/model/cluster_discovery.go:98.18,100.3 1 0
server/public/model/cluster_discovery.go:102.2,102.22 1 0
server/public/model/cluster_discovery.go:102.22,104.3 1 0
server/public/model/cluster_discovery.go:106.2,106.21 1 0
server/public/model/cluster_discovery.go:106.21,108.3 1 0
server/public/model/cluster_discovery.go:110.2,110.23 1 0
server/public/model/cluster_discovery.go:110.23,112.3 1 0
server/public/model/cluster_discovery.go:114.2,114.12 1 0
server/public/model/cluster_message.go:96.51,103.17 2 0
server/public/model/cluster_message.go:104.27,113.57 2 0
server/public/model/cluster_message.go:113.57,114.26 1 0
server/public/model/cluster_message.go:114.26,116.5 1 0
server/public/model/cluster_message.go:117.4,117.40 1 0
server/public/model/cluster_message.go:117.40,119.5 1 0
server/public/model/cluster_message.go:120.4,120.37 1 0
server/public/model/cluster_message.go:120.37,122.5 1 0
server/public/model/cluster_message.go:123.4,123.51 1 0
server/public/model/cluster_message.go:123.51,125.5 1 0
server/public/model/cluster_message.go:127.31,128.54 1 0
server/public/model/cluster_message.go:128.54,130.4 1 0
server/public/model/cluster_message.go:131.3,131.51 1 0
server/public/model/cluster_message.go:131.51,133.4 1 0
server/public/model/cluster_message.go:136.2,136.15 1 0
server/public/model/command.go:47.46,65.2 1 0
server/public/model/command.go:67.39,68.22 1 0
server/public/model/command.go:68.22,70.3 1 0
server/public/model/command.go:72.2,72.24 1 0
server/public/model/command.go:72.24,74.3 1 0
server/public/model/command.go:76.2,76.21 1 0
server/public/model/command.go:76.21,78.3 1 0
server/public/model/command.go:80.2,80.21 1 0
server/public/model/command.go:80.21,82.3 1 0
server/public/model/command.go:85.2,85.55 1 0
server/public/model/command.go:85.55,87.3 1 0
server/public/model/command.go:90.2,90.49 1 0
server/public/model/command.go:90.49,92.3 1 0
server/public/model/command.go:94.2,94.43 1 0
server/public/model/command.go:94.43,96.3 1 0
server/public/model/command.go:98.2,98.26 1 0
server/public/model/command.go:98.26,100.3 1 0
server/public/model/command.go:102.2,102.166 1 0
server/public/model/command.go:102.166,104.3 1 0
server/public/model/command.go:106.2,106.38 1 0
server/public/model/command.go:106.38,108.3 1 0
server/public/model/command.go:110.2,110.28 1 0
server/public/model/command.go:110.28,112.3 1 0
server/public/model/command.go:114.2,114.70 1 0
server/public/model/command.go:114.70,116.3 1 0
server/public/model/command.go:118.2,118.29 1 0
server/public/model/command.go:118.29,120.3 1 0
server/public/model/command.go:122.2,122.30 1 0
server/public/model/command.go:122.30,124.3 1 0
server/public/model/command.go:126.2,126.31 1 0
server/public/model/command.go:126.31,127.54 1 0
server/public/model/command.go:127.54,129.4 1 0
server/public/model/command.go:132.2,132.12 1 0
server/public/model/command.go:135.29,136.16 1 0
server/public/model/command.go:136.16,138.3 1 0
server/public/model/command.go:140.2,140.19 1 0
server/public/model/command.go:140.19,142.3 1 0
server/public/model/command.go:144.2,145.25 2 0
server/public/model/command.go:148.31,150.2 1 0
server/public/model/command.go:152.30,159.2 6 0
server/public/model/command_args.go:25.50,37.2 1 0
server/public/model/command_args.go:41.63,42.27 1 0
server/public/model/command_args.go:42.27,44.3 1 0
server/public/model/command_args.go:46.2,46.35 1 0
server/public/model/command_args.go:51.72,52.30 1 0
server/public/model/command_args.go:52.30,54.3 1 0
server/public/model/command_args.go:56.2,56.44 1 0
server/public/model/command_autocomplete.go:107.76,116.2 1 0
server/public/model/command_autocomplete.go:119.67,121.2 1 0
server/public/model/command_autocomplete.go:124.77,126.2 1 0
server/public/model/command_autocomplete.go:129.103,138.2 2 0
server/public/model/command_autocomplete.go:141.113,143.2 1 0
server/public/model/command_autocomplete.go:146.124,155.2 2 0
server/public/model/command_autocomplete.go:158.89,160.2 1 0
server/public/model/command_autocomplete.go:163.100,172.2 2 0
server/public/model/command_autocomplete.go:175.68,176.131 1 0
server/public/model/command_autocomplete.go:176.131,178.3 1 0
server/public/model/command_autocomplete.go:179.2,179.100 1 0
server/public/model/command_autocomplete.go:179.100,181.3 1 0
server/public/model/command_autocomplete.go:182.2,182.30 1 0
server/public/model/command_autocomplete.go:182.30,183.52 1 0
server/public/model/command_autocomplete.go:183.52,185.4 1 0
server/public/model/command_autocomplete.go:187.2,187.32 1 0
server/public/model/command_autocomplete.go:187.32,188.56 1 0
server/public/model/command_autocomplete.go:188.56,190.4 1 0
server/public/model/command_autocomplete.go:192.2,192.13 1 0
server/public/model/command_autocomplete.go:196.89,197.35 1 0
server/public/model/command_autocomplete.go:197.35,198.49 1 0
server/public/model/command_autocomplete.go:198.49,199.12 1 0
server/public/model/command_autocomplete.go:201.3,202.10 2 0
server/public/model/command_autocomplete.go:202.10,204.4 1 0
server/public/model/command_autocomplete.go:205.3,206.17 2 0
server/public/model/command_autocomplete.go:206.17,208.4 1 0
server/public/model/command_autocomplete.go:209.3,209.30 1 0
server/public/model/command_autocomplete.go:209.30,214.4 4 0
server/public/model/command_autocomplete.go:216.2,216.41 1 0
server/public/model/command_autocomplete.go:216.41,218.17 2 0
server/public/model/command_autocomplete.go:218.17,220.4 1 0
server/public/model/command_autocomplete.go:222.2,222.12 1 0
server/public/model/command_autocomplete.go:226.45,227.15 1 0
server/public/model/command_autocomplete.go:227.15,229.3 1 0
server/public/model/command_autocomplete.go:230.2,230.22 1 0
server/public/model/command_autocomplete.go:230.22,232.3 1 0
server/public/model/command_autocomplete.go:233.2,233.47 1 0
server/public/model/command_autocomplete.go:233.47,235.3 1 0
server/public/model/command_autocomplete.go:236.2,237.40 2 0
server/public/model/command_autocomplete.go:237.40,239.3 1 0
server/public/model/command_autocomplete.go:240.2,240.54 1 0
server/public/model/command_autocomplete.go:240.54,242.3 1 0
server/public/model/command_autocomplete.go:243.2,243.27 1 0
server/public/model/command_autocomplete.go:243.27,245.36 2 0
server/public/model/command_autocomplete.go:245.36,246.22 1 0
server/public/model/command_autocomplete.go:246.22,247.33 1 0
server/public/model/command_autocomplete.go:247.33,249.6 1 0
server/public/model/command_autocomplete.go:250.10,251.33 1 0
server/public/model/command_autocomplete.go:251.33,253.6 1 0
server/public/model/command_autocomplete.go:255.4,255.50 1 0
server/public/model/command_autocomplete.go:255.50,257.12 2 0
server/public/model/command_autocomplete.go:257.12,259.6 1 0
server/public/model/command_autocomplete.go:260.5,261.19 2 0
server/public/model/command_autocomplete.go:261.19,263.6 1 0
server/public/model/command_autocomplete.go:264.10,264.56 1 0
server/public/model/command_autocomplete.go:264.56,266.12 2 0
server/public/model/command_autocomplete.go:266.12,268.6 1 0
server/public/model/command_autocomplete.go:269.5,269.54 1 0
server/public/model/command_autocomplete.go:269.54,270.24 1 0
server/public/model/command_autocomplete.go:270.24,272.7 1 0
server/public/model/command_autocomplete.go:274.10,274.50 1 0
server/public/model/command_autocomplete.go:274.50,275.54 1 0
server/public/model/command_autocomplete.go:275.54,277.6 1 0
server/public/model/command_autocomplete.go:278.5,278.40 1 0
server/public/model/command_autocomplete.go:278.40,280.6 1 0
server/public/model/command_autocomplete.go:284.2,284.41 1 0
server/public/model/command_autocomplete.go:284.41,286.17 2 0
server/public/model/command_autocomplete.go:286.17,288.4 1 0
server/public/model/command_autocomplete.go:290.2,290.12 1 0
server/public/model/command_autocomplete.go:294.61,299.40 1 0
server/public/model/command_autocomplete.go:299.40,301.3 1 0
server/public/model/command_autocomplete.go:302.2,302.13 1 0
server/public/model/command_autocomplete.go:306.57,308.48 2 0
server/public/model/command_autocomplete.go:308.48,310.3 1 0
server/public/model/command_autocomplete.go:311.2,313.9 3 0
server/public/model/command_autocomplete.go:313.9,315.3 1 0
server/public/model/command_autocomplete.go:317.2,318.9 2 0
server/public/model/command_autocomplete.go:318.9,320.3 1 0
server/public/model/command_autocomplete.go:322.2,323.9 2 0
server/public/model/command_autocomplete.go:323.9,325.3 1 0
server/public/model/command_autocomplete.go:326.2,329.9 3 0
server/public/model/command_autocomplete.go:329.9,331.3 1 0
server/public/model/command_autocomplete.go:333.2,334.9 2 0
server/public/model/command_autocomplete.go:334.9,336.3 1 0
server/public/model/command_autocomplete.go:338.2,338.39 1 0
server/public/model/command_autocomplete.go:338.39,340.10 2 0
server/public/model/command_autocomplete.go:340.10,342.4 1 0
server/public/model/command_autocomplete.go:343.3,344.10 2 0
server/public/model/command_autocomplete.go:344.10,346.4 1 0
server/public/model/command_autocomplete.go:347.3,348.10 2 0
server/public/model/command_autocomplete.go:348.10,350.4 1 0
server/public/model/command_autocomplete.go:351.3,351.62 1 0
server/public/model/command_autocomplete.go:352.8,352.52 1 0
server/public/model/command_autocomplete.go:352.52,354.10 2 0
server/public/model/command_autocomplete.go:354.10,356.4 1 0
server/public/model/command_autocomplete.go:357.3,358.10 2 0
server/public/model/command_autocomplete.go:358.10,360.4 1 0
server/public/model/command_autocomplete.go:362.3,363.23 2 0
server/public/model/command_autocomplete.go:363.23,365.11 2 0
server/public/model/command_autocomplete.go:365.11,367.5 1 0
server/public/model/command_autocomplete.go:368.4,369.11 2 0
server/public/model/command_autocomplete.go:369.11,371.5 1 0
server/public/model/command_autocomplete.go:373.4,374.11 2 0
server/public/model/command_autocomplete.go:374.11,376.5 1 0
server/public/model/command_autocomplete.go:377.4,378.11 2 0
server/public/model/command_autocomplete.go:378.11,380.5 1 0
server/public/model/command_autocomplete.go:382.4,386.6 1 0
server/public/model/command_autocomplete.go:388.3,388.76 1 0
server/public/model/command_autocomplete.go:389.8,389.53 1 0
server/public/model/command_autocomplete.go:389.53,391.10 2 0
server/public/model/command_autocomplete.go:391.10,393.4 1 0
server/public/model/command_autocomplete.go:394.3,395.10 2 0
server/public/model/command_autocomplete.go:395.10,397.4 1 0
server/public/model/command_autocomplete.go:398.3,398.54 1 0
server/public/model/command_autocomplete.go:400.2,400.12 1 0
server/public/model/command_response.go:34.96,35.81 1 0
server/public/model/command_response.go:35.81,37.3 1 0
server/public/model/command_response.go:38.2,38.44 1 0
server/public/model/command_response.go:38.44,40.3 1 0
server/public/model/command_response.go:41.2,41.17 1 0
server/public/model/command_response.go:44.65,48.2 1 0
server/public/model/command_response.go:50.72,52.16 2 0
server/public/model/command_response.go:52.16,54.3 1 0
server/public/model/command_response.go:56.2,58.16 3 0
server/public/model/command_response.go:58.16,60.3 1 0
server/public/model/command_response.go:62.2,64.40 2 0
server/public/model/command_response.go:64.40,65.18 1 0
server/public/model/command_response.go:65.18,66.12 1 0
server/public/model/command_response.go:68.3,68.76 1 0
server/public/model/command_response.go:71.2,71.16 1 0
server/public/model/command_webhook.go:24.36,25.16 1 0
server/public/model/command_webhook.go:25.16,27.3 1 0
server/public/model/command_webhook.go:29.2,29.21 1 0
server/public/model/command_webhook.go:29.21,31.3 1 0
server/public/model/command_webhook.go:34.46,35.22 1 0
server/public/model/command_webhook.go:35.22,37.3 1 0
server/public/model/command_webhook.go:39.2,39.21 1 0
server/public/model/command_webhook.go:39.21,41.3 1 0
server/public/model/command_webhook.go:43.2,43.29 1 0
server/public/model/command_webhook.go:43.29,45.3 1 0
server/public/model/command_webhook.go:47.2,47.26 1 0
server/public/model/command_webhook.go:47.26,49.3 1 0
server/public/model/command_webhook.go:51.2,51.29 1 0
server/public/model/command_webhook.go:51.29,53.3 1 0
server/public/model/command_webhook.go:55.2,55.44 1 0
server/public/model/command_webhook.go:55.44,57.3 1 0
server/public/model/command_webhook.go:59.2,59.12 1 0
server/public/model/compliance.go:38.49,52.2 1 0
server/public/model/compliance.go:69.32,70.16 1 0
server/public/model/compliance.go:70.16,72.3 1 0
server/public/model/compliance.go:74.2,74.20 1 0
server/public/model/compliance.go:74.20,76.3 1 0
server/public/model/compliance.go:78.2,82.26 4 0
server/public/model/compliance.go:85.45,88.2 2 0
server/public/model/compliance.go:90.39,92.35 2 0
server/public/model/compliance.go:92.35,94.3 1 0
server/public/model/compliance.go:96.2,98.16 2 0
server/public/model/compliance.go:101.42,102.22 1 0
server/public/model/compliance.go:102.22,104.3 1 0
server/public/model/compliance.go:106.2,106.21 1 0
server/public/model/compliance.go:106.21,108.3 1 0
server/public/model/compliance.go:110.2,110.39 1 0
server/public/model/compliance.go:110.39,112.3 1 0
server/public/model/compliance.go:114.2,114.20 1 0
server/public/model/compliance.go:114.20,116.3 1 0
server/public/model/compliance.go:118.2,118.18 1 0
server/public/model/compliance.go:118.18,120.3 1 0
server/public/model/compliance.go:122.2,122.26 1 0
server/public/model/compliance.go:122.26,124.3 1 0
server/public/model/compliance.go:126.2,126.12 1 0
server/public/model/compliance.go:130.50,131.14 1 0
server/public/model/compliance.go:131.14,133.3 1 0
server/public/model/compliance.go:135.2,140.3 1 0
server/public/model/compliance_post.go:43.38,69.2 1 0
server/public/model/compliance_post.go:71.47,72.71 1 0
server/public/model/compliance_post.go:72.71,74.3 1 0
server/public/model/compliance_post.go:75.2,75.11 1 0
server/public/model/compliance_post.go:78.42,80.25 2 0
server/public/model/compliance_post.go:80.25,82.3 1 0
server/public/model/compliance_post.go:84.2,85.40 2 0
server/public/model/compliance_post.go:85.40,87.3 1 0
server/public/model/compliance_post.go:89.2,90.14 2 0
server/public/model/compliance_post.go:90.14,92.3 1 0
server/public/model/compliance_post.go:94.2,119.3 1 0
server/public/model/config.go:330.47,332.2 1 0
server/public/model/config.go:497.54,498.37 1 0
server/public/model/config.go:498.37,500.23 1 0
server/public/model/config.go:500.23,502.4 1 0
server/public/model/config.go:502.9,504.4 1 0
server/public/model/config.go:507.2,507.22 1 0
server/public/model/config.go:507.22,508.53 1 0
server/public/model/config.go:508.53,510.4 1 0
server/public/model/config.go:510.9,512.4 1 0
server/public/model/config.go:515.2,515.27 1 0
server/public/model/config.go:515.27,517.3 1 0
server/public/model/config.go:519.2,519.34 1 0
server/public/model/config.go:519.34,521.3 1 0
server/public/model/config.go:523.2,523.28 1 0
server/public/model/config.go:523.28,525.3 1 0
server/public/model/config.go:527.2,527.33 1 0
server/public/model/config.go:527.33,529.3 1 0
server/public/model/config.go:531.2,531.38 1 0
server/public/model/config.go:531.38,533.3 1 0
server/public/model/config.go:535.2,535.35 1 0
server/public/model/config.go:535.35,537.3 1 0
server/public/model/config.go:539.2,539.28 1 0
server/public/model/config.go:539.28,541.3 1 0
server/public/model/config.go:543.2,543.30 1 0
server/public/model/config.go:543.30,545.3 1 0
server/public/model/config.go:547.2,547.29 1 0
server/public/model/config.go:547.29,549.3 1 0
server/public/model/config.go:551.2,551.47 1 0
server/public/model/config.go:551.47,553.3 1 0
server/public/model/config.go:555.2,555.37 1 0
server/public/model/config.go:555.37,557.3 1 0
server/public/model/config.go:559.2,559.48 1 0
server/public/model/config.go:559.48,561.3 1 0
server/public/model/config.go:563.2,563.50 1 0
server/public/model/config.go:563.50,565.3 1 0
server/public/model/config.go:567.2,567.46 1 0
server/public/model/config.go:567.46,569.3 1 0
server/public/model/config.go:571.2,571.47 1 0
server/public/model/config.go:571.47,573.3 1 0
server/public/model/config.go:575.2,575.37 1 0
server/public/model/config.go:575.37,577.3 1 0
server/public/model/config.go:579.2,579.53 1 0
server/public/model/config.go:579.53,581.3 1 0
server/public/model/config.go:583.2,583.39 1 0
server/public/model/config.go:583.39,585.3 1 0
server/public/model/config.go:587.2,587.33 1 0
server/public/model/config.go:587.33,589.3 1 0
server/public/model/config.go:591.2,591.41 1 0
server/public/model/config.go:591.41,593.3 1 0
server/public/model/config.go:595.2,595.46 1 0
server/public/model/config.go:595.46,597.3 1 0
server/public/model/config.go:599.2,599.38 1 0
server/public/model/config.go:599.38,601.3 1 0
server/public/model/config.go:603.2,603.37 1 0
server/public/model/config.go:603.37,605.3 1 0
server/public/model/config.go:607.2,607.37 1 0
server/public/model/config.go:607.37,609.3 1 0
server/public/model/config.go:611.2,611.45 1 0
server/public/model/config.go:611.45,613.3 1 0
server/public/model/config.go:615.2,615.49 1 0
server/public/model/config.go:615.49,617.3 1 0
server/public/model/config.go:619.2,619.33 1 0
server/public/model/config.go:619.33,621.3 1 0
server/public/model/config.go:623.2,623.25 1 0
server/public/model/config.go:623.25,625.3 1 0
server/public/model/config.go:627.2,627.26 1 0
server/public/model/config.go:627.26,629.3 1 0
server/public/model/config.go:631.2,631.24 1 0
server/public/model/config.go:631.24,633.3 1 0
server/public/model/config.go:635.2,635.33 1 0
server/public/model/config.go:635.33,637.3 1 0
server/public/model/config.go:639.2,639.39 1 0
server/public/model/config.go:639.39,641.3 1 0
server/public/model/config.go:643.2,643.34 1 0
server/public/model/config.go:643.34,645.3 1 0
server/public/model/config.go:647.2,647.29 1 0
server/public/model/config.go:647.29,649.3 1 0
server/public/model/config.go:651.2,651.46 1 0
server/public/model/config.go:651.46,653.3 1 0
server/public/model/config.go:655.2,655.26 1 0
server/public/model/config.go:655.26,657.3 1 0
server/public/model/config.go:659.2,659.27 1 0
server/public/model/config.go:659.27,661.3 1 0
server/public/model/config.go:663.2,663.26 1 0
server/public/model/config.go:663.26,665.3 1 0
server/public/model/config.go:667.2,667.35 1 0
server/public/model/config.go:667.35,669.3 1 0
server/public/model/config.go:671.2,671.29 1 0
server/public/model/config.go:671.29,673.3 1 0
server/public/model/config.go:675.2,675.35 1 0
server/public/model/config.go:675.35,677.3 1 0
server/public/model/config.go:679.2,679.55 1 0
server/public/model/config.go:679.55,681.3 1 0
server/public/model/config.go:683.2,683.36 1 0
server/public/model/config.go:683.36,685.3 1 0
server/public/model/config.go:687.2,687.31 1 0
server/public/model/config.go:687.31,689.3 1 0
server/public/model/config.go:691.2,691.31 1 0
server/public/model/config.go:691.31,693.3 1 0
server/public/model/config.go:695.2,695.35 1 0
server/public/model/config.go:695.35,697.3 1 0
server/public/model/config.go:699.2,699.39 1 0
server/public/model/config.go:699.39,701.3 1 0
server/public/model/config.go:703.2,703.42 1 0
server/public/model/config.go:703.42,705.3 1 0
server/public/model/config.go:707.2,707.33 1 0
server/public/model/config.go:707.33,709.3 1 0
server/public/model/config.go:711.2,711.44 1 0
server/public/model/config.go:711.44,713.3 1 0
server/public/model/config.go:715.2,715.29 1 0
server/public/model/config.go:715.29,717.3 1 0
server/public/model/config.go:719.2,719.35 1 0
server/public/model/config.go:719.35,721.3 1 0
server/public/model/config.go:724.2,724.46 1 0
server/public/model/config.go:724.46,726.3 1 0
server/public/model/config.go:729.2,729.48 1 0
server/public/model/config.go:729.48,731.3 1 0
server/public/model/config.go:733.2,733.37 1 0
server/public/model/config.go:733.37,734.15 1 0
server/public/model/config.go:734.15,736.4 1 0
server/public/model/config.go:736.9,738.4 1 0
server/public/model/config.go:741.2,741.38 1 0
server/public/model/config.go:741.38,743.38 2 0
server/public/model/config.go:743.38,744.16 1 0
server/public/model/config.go:744.16,746.5 1 0
server/public/model/config.go:746.10,748.5 1 0
server/public/model/config.go:749.9,751.4 1 0
server/public/model/config.go:752.3,752.51 1 0
server/public/model/config.go:755.2,755.40 1 0
server/public/model/config.go:755.40,756.15 1 0
server/public/model/config.go:756.15,758.4 1 0
server/public/model/config.go:758.9,760.4 1 0
server/public/model/config.go:763.2,763.41 1 0
server/public/model/config.go:763.41,765.41 2 0
server/public/model/config.go:765.41,766.16 1 0
server/public/model/config.go:766.16,768.5 1 0
server/public/model/config.go:768.10,770.5 1 0
server/public/model/config.go:771.9,773.4 1 0
server/public/model/config.go:774.3,774.57 1 0
server/public/model/config.go:777.2,777.37 1 0
server/public/model/config.go:777.37,779.3 1 0
server/public/model/config.go:781.2,781.38 1 0
server/public/model/config.go:781.38,783.38 2 0
server/public/model/config.go:783.38,785.4 1 0
server/public/model/config.go:785.9,787.4 1 0
server/public/model/config.go:788.3,788.51 1 0
server/public/model/config.go:791.2,791.36 1 0
server/public/model/config.go:791.36,793.3 1 0
server/public/model/config.go:795.2,795.42 1 0
server/public/model/config.go:795.42,797.3 1 0
server/public/model/config.go:799.2,799.29 1 0
server/public/model/config.go:799.29,801.3 1 0
server/public/model/config.go:803.2,803.41 1 0
server/public/model/config.go:803.41,805.3 1 0
server/public/model/config.go:807.2,807.37 1 0
server/public/model/config.go:807.37,809.3 1 0
server/public/model/config.go:811.2,811.28 1 0
server/public/model/config.go:811.28,813.3 1 0
server/public/model/config.go:815.2,815.34 1 0
server/public/model/config.go:815.34,817.3 1 0
server/public/model/config.go:819.2,819.28 1 0
server/public/model/config.go:819.28,821.3 1 0
server/public/model/config.go:823.2,823.33 1 0
server/public/model/config.go:823.33,825.3 1 0
server/public/model/config.go:827.2,827.35 1 0
server/public/model/config.go:827.35,829.3 1 0
server/public/model/config.go:831.2,831.24 1 0
server/public/model/config.go:831.24,833.3 1 0
server/public/model/config.go:835.2,835.40 1 0
server/public/model/config.go:835.40,837.3 1 0
server/public/model/config.go:839.2,839.28 1 0
server/public/model/config.go:839.28,841.3 1 0
server/public/model/config.go:841.8,841.42 1 0
server/public/model/config.go:841.42,843.3 1 0
server/public/model/config.go:845.2,845.32 1 0
server/public/model/config.go:845.32,847.3 1 0
server/public/model/config.go:849.2,849.32 1 0
server/public/model/config.go:849.32,851.3 1 0
server/public/model/config.go:853.2,853.30 1 0
server/public/model/config.go:853.30,855.3 1 0
server/public/model/config.go:857.2,857.50 1 0
server/public/model/config.go:857.50,859.3 1 0
server/public/model/config.go:861.2,861.55 1 0
server/public/model/config.go:861.55,863.3 1 0
server/public/model/config.go:865.2,865.32 1 0
server/public/model/config.go:865.32,867.3 1 0
server/public/model/config.go:869.2,869.64 1 0
server/public/model/config.go:869.64,871.3 1 0
server/public/model/config.go:873.2,873.46 1 0
server/public/model/config.go:873.46,875.3 1 0
server/public/model/config.go:875.8,875.54 1 0
server/public/model/config.go:875.54,877.3 1 0
server/public/model/config.go:877.8,877.54 1 0
server/public/model/config.go:877.54,879.3 1 0
server/public/model/config.go:881.2,881.36 1 0
server/public/model/config.go:881.36,883.3 1 0
server/public/model/config.go:885.2,885.49 1 0
server/public/model/config.go:885.49,887.3 1 0
server/public/model/config.go:889.2,889.36 1 0
server/public/model/config.go:889.36,891.3 1 0
server/public/model/config.go:893.2,893.36 1 0
server/public/model/config.go:893.36,895.3 1 0
server/public/model/config.go:897.2,897.39 1 0
server/public/model/config.go:897.39,899.3 1 0
server/public/model/config.go:901.2,901.45 1 0
server/public/model/config.go:901.45,903.3 1 0
server/public/model/config.go:905.2,905.48 1 0
server/public/model/config.go:905.48,907.3 1 0
server/public/model/config.go:909.2,909.48 1 0
server/public/model/config.go:909.48,911.3 1 0
server/public/model/config.go:913.2,913.39 1 0
server/public/model/config.go:913.39,915.3 1 0
server/public/model/config.go:917.2,917.39 1 0
server/public/model/config.go:917.39,919.3 1 0
server/public/model/config.go:921.2,921.39 1 0
server/public/model/config.go:921.39,923.3 1 0
server/public/model/config.go:925.2,925.25 1 0
server/public/model/config.go:925.25,926.15 1 0
server/public/model/config.go:926.15,928.4 1 0
server/public/model/config.go:928.9,930.4 1 0
server/public/model/config.go:933.2,933.26 1 0
server/public/model/config.go:933.26,934.15 1 0
server/public/model/config.go:934.15,936.4 1 0
server/public/model/config.go:936.9,938.4 1 0
server/public/model/config.go:941.2,941.32 1 0
server/public/model/config.go:941.32,943.3 1 0
server/public/model/config.go:945.2,945.30 1 0
server/public/model/config.go:945.30,947.3 1 0
server/public/model/config.go:949.2,949.38 1 0
server/public/model/config.go:949.38,951.3 1 0
server/public/model/config.go:953.2,953.32 1 0
server/public/model/config.go:953.32,955.3 1 0
server/public/model/config.go:957.2,957.40 1 0
server/public/model/config.go:957.40,959.3 1 0
server/public/model/config.go:961.2,961.23 1 0
server/public/model/config.go:961.23,963.3 1 0
server/public/model/config.go:965.2,965.45 1 0
server/public/model/config.go:965.45,967.3 1 0
server/public/model/config.go:969.2,969.25 1 0
server/public/model/config.go:969.25,971.3 1 0
server/public/model/config.go:973.2,973.31 1 0
server/public/model/config.go:973.31,975.3 1 0
server/public/model/config.go:977.2,977.31 1 0
server/public/model/config.go:977.31,979.3 1 0
server/public/model/config.go:981.2,981.35 1 0
server/public/model/config.go:981.35,983.3 1 0
server/public/model/config.go:985.2,985.33 1 0
server/public/model/config.go:985.33,987.3 1 0
server/public/model/config.go:989.2,989.27 1 0
server/public/model/config.go:989.27,991.3 1 0
server/public/model/config.go:993.2,993.43 1 0
server/public/model/config.go:993.43,995.3 1 0
server/public/model/config.go:997.2,997.52 1 0
server/public/model/config.go:997.52,999.3 1 0
server/public/model/config.go:1001.2,1001.52 1 0
server/public/model/config.go:1001.52,1003.3 1 0
server/public/model/config.go:1005.2,1005.45 1 0
server/public/model/config.go:1005.45,1007.3 1 0
server/public/model/config.go:1009.2,1009.50 1 0
server/public/model/config.go:1009.50,1011.3 1 0
server/public/model/config.go:1013.2,1013.32 1 0
server/public/model/config.go:1013.32,1015.3 1 0
server/public/model/config.go:1017.2,1017.46 1 0
server/public/model/config.go:1017.46,1019.3 1 0
server/public/model/config.go:1021.2,1021.83 1 0
server/public/model/config.go:1021.83,1023.3 1 0
server/public/model/config.go:1025.2,1025.38 1 0
server/public/model/config.go:1025.38,1027.3 1 0
server/public/model/config.go:1029.2,1029.31 1 0
server/public/model/config.go:1029.31,1031.3 1 0
server/public/model/config.go:1033.2,1033.40 1 0
server/public/model/config.go:1033.40,1035.3 1 0
server/public/model/config.go:1037.2,1037.49 1 0
server/public/model/config.go:1037.49,1039.3 1 0
server/public/model/config.go:1041.2,1041.50 1 0
server/public/model/config.go:1041.50,1043.3 1 0
server/public/model/config.go:1045.2,1045.38 1 0
server/public/model/config.go:1045.38,1047.3 1 0
server/public/model/config.go:1049.2,1049.31 1 0
server/public/model/config.go:1049.31,1051.3 1 0
server/public/model/config.go:1053.2,1053.29 1 0
server/public/model/config.go:1053.29,1055.3 1 0
server/public/model/config.go:1057.2,1057.43 1 0
server/public/model/config.go:1057.43,1059.3 1 0
server/public/model/config.go:1061.2,1061.29 1 0
server/public/model/config.go:1061.29,1063.3 1 0
server/public/model/config.go:1065.2,1065.38 1 0
server/public/model/config.go:1065.38,1067.3 1 0
server/public/model/config.go:1069.2,1069.32 1 0
server/public/model/config.go:1069.32,1071.3 1 0
server/public/model/config.go:1083.39,1084.24 1 0
server/public/model/config.go:1084.24,1086.3 1 0
server/public/model/config.go:1088.2,1088.27 1 0
server/public/model/config.go:1088.27,1090.3 1 0
server/public/model/config.go:1092.2,1092.28 1 0
server/public/model/config.go:1092.28,1094.3 1 0
server/public/model/config.go:1096.2,1096.22 1 0
server/public/model/config.go:1096.22,1098.3 1 0
server/public/model/config.go:1100.2,1100.31 1 0
server/public/model/config.go:1100.31,1102.3 1 0
server/public/model/config.go:1104.2,1104.33 1 0
server/public/model/config.go:1104.33,1106.3 1 0
server/public/model/config.go:1109.45,1110.68 1 0
server/public/model/config.go:1110.68,1112.3 1 0
server/public/model/config.go:1114.2,1114.61 1 0
server/public/model/config.go:1114.61,1116.3 1 0
server/public/model/config.go:1118.2,1118.54 1 0
server/public/model/config.go:1118.54,1120.3 1 0
server/public/model/config.go:1122.2,1122.12 1 0
server/public/model/config.go:1141.41,1142.21 1 0
server/public/model/config.go:1142.21,1144.3 1 0
server/public/model/config.go:1146.2,1146.26 1 0
server/public/model/config.go:1146.26,1148.3 1 0
server/public/model/config.go:1150.2,1150.31 1 0
server/public/model/config.go:1150.31,1152.3 1 0
server/public/model/config.go:1154.2,1154.31 1 0
server/public/model/config.go:1154.31,1156.3 1 0
server/public/model/config.go:1158.2,1158.26 1 0
server/public/model/config.go:1158.26,1160.3 1 0
server/public/model/config.go:1162.2,1162.31 1 0
server/public/model/config.go:1162.31,1164.3 1 0
server/public/model/config.go:1166.2,1166.27 1 0
server/public/model/config.go:1166.27,1168.3 1 0
server/public/model/config.go:1170.2,1170.37 1 0
server/public/model/config.go:1170.37,1171.50 1 0
server/public/model/config.go:1171.50,1173.4 1 0
server/public/model/config.go:1173.9,1175.4 1 0
server/public/model/config.go:1178.2,1178.38 1 0
server/public/model/config.go:1178.38,1180.3 1 0
server/public/model/config.go:1182.2,1182.29 1 0
server/public/model/config.go:1182.29,1184.3 1 0
server/public/model/config.go:1186.2,1186.25 1 0
server/public/model/config.go:1186.25,1188.3 1 0
server/public/model/config.go:1200.41,1201.28 1 0
server/public/model/config.go:1201.28,1203.3 1 0
server/public/model/config.go:1205.2,1205.21 1 0
server/public/model/config.go:1205.21,1207.3 1 0
server/public/model/config.go:1209.2,1209.31 1 0
server/public/model/config.go:1209.31,1211.3 1 0
server/public/model/config.go:1213.2,1213.34 1 0
server/public/model/config.go:1213.34,1215.3 1 0
server/public/model/config.go:1217.2,1217.40 1 0
server/public/model/config.go:1217.40,1219.3 1 0
server/public/model/config.go:1221.2,1221.32 1 0
server/public/model/config.go:1221.32,1223.3 1 0
server/public/model/config.go:1226.47,1228.42 2 0
server/public/model/config.go:1228.42,1230.3 1 0
server/public/model/config.go:1231.2,1231.41 1 0
server/public/model/config.go:1231.41,1232.21 1 0
server/public/model/config.go:1232.21,1234.4 1 0
server/public/model/config.go:1236.2,1236.12 1 0
server/public/model/config.go:1255.46,1256.35 1 0
server/public/model/config.go:1256.35,1258.3 1 0
server/public/model/config.go:1260.2,1260.46 1 0
server/public/model/config.go:1260.46,1262.3 1 0
server/public/model/config.go:1264.2,1264.34 1 0
server/public/model/config.go:1264.34,1266.3 1 0
server/public/model/config.go:1268.2,1268.35 1 0
server/public/model/config.go:1268.35,1270.3 1 0
server/public/model/config.go:1272.2,1272.41 1 0
server/public/model/config.go:1272.41,1274.3 1 0
server/public/model/config.go:1276.2,1276.28 1 0
server/public/model/config.go:1276.28,1278.3 1 0
server/public/model/config.go:1280.2,1280.46 1 0
server/public/model/config.go:1280.46,1282.3 1 0
server/public/model/config.go:1284.2,1284.39 1 0
server/public/model/config.go:1284.39,1286.3 1 0
server/public/model/config.go:1288.2,1288.44 1 0
server/public/model/config.go:1288.44,1290.3 1 0
server/public/model/config.go:1292.2,1292.68 1 0
server/public/model/config.go:1292.68,1294.3 1 0
server/public/model/config.go:1296.2,1296.36 1 0
server/public/model/config.go:1296.36,1298.3 1 0
server/public/model/config.go:1300.2,1300.30 1 0
server/public/model/config.go:1300.30,1302.3 1 0
server/public/model/config.go:1309.43,1310.36 1 0
server/public/model/config.go:1310.36,1312.3 1 0
server/public/model/config.go:1329.108,1330.21 1 0
server/public/model/config.go:1330.21,1332.3 1 0
server/public/model/config.go:1334.2,1334.21 1 0
server/public/model/config.go:1334.21,1336.3 1 0
server/public/model/config.go:1338.2,1338.17 1 0
server/public/model/config.go:1338.17,1340.3 1 0
server/public/model/config.go:1342.2,1342.20 1 0
server/public/model/config.go:1342.20,1344.3 1 0
server/public/model/config.go:1346.2,1346.32 1 0
server/public/model/config.go:1346.32,1348.3 1 0
server/public/model/config.go:1350.2,1350.27 1 0
server/public/model/config.go:1350.27,1352.3 1 0
server/public/model/config.go:1354.2,1354.28 1 0
server/public/model/config.go:1354.28,1356.3 1 0
server/public/model/config.go:1358.2,1358.30 1 0
server/public/model/config.go:1358.30,1360.3 1 0
server/public/model/config.go:1362.2,1362.25 1 0
server/public/model/config.go:1362.25,1364.3 1 0
server/public/model/config.go:1366.2,1366.26 1 0
server/public/model/config.go:1366.26,1368.3 1 0
server/public/model/config.go:1371.2,1371.35 1 0
server/public/model/config.go:1371.35,1373.3 1 0
server/public/model/config.go:1389.43,1390.21 1 0
server/public/model/config.go:1390.21,1392.3 1 0
server/public/model/config.go:1394.2,1394.17 1 0
server/public/model/config.go:1394.17,1396.3 1 0
server/public/model/config.go:1398.2,1398.21 1 0
server/public/model/config.go:1398.21,1400.3 1 0
server/public/model/config.go:1402.2,1402.20 1 0
server/public/model/config.go:1402.20,1404.3 1 0
server/public/model/config.go:1406.2,1406.32 1 0
server/public/model/config.go:1406.32,1408.3 1 0
server/public/model/config.go:1410.2,1410.27 1 0
server/public/model/config.go:1410.27,1412.3 1 0
server/public/model/config.go:1414.2,1414.28 1 0
server/public/model/config.go:1414.28,1416.3 1 0
server/public/model/config.go:1418.2,1418.30 1 0
server/public/model/config.go:1418.30,1420.3 1 0
server/public/model/config.go:1422.2,1422.26 1 0
server/public/model/config.go:1422.26,1424.3 1 0
server/public/model/config.go:1426.2,1426.35 1 0
server/public/model/config.go:1426.35,1428.3 1 0
server/public/model/config.go:1431.56,1443.2 11 0
server/public/model/config.go:1452.40,1453.21 1 0
server/public/model/config.go:1453.21,1455.3 1 0
server/public/model/config.go:1457.2,1457.23 1 0
server/public/model/config.go:1457.23,1459.3 1 0
server/public/model/config.go:1461.2,1461.23 1 0
server/public/model/config.go:1461.23,1463.3 1 0
server/public/model/config.go:1466.2,1466.26 1 0
server/public/model/config.go:1466.26,1468.3 1 0
server/public/model/config.go:1471.46,1472.35 1 0
server/public/model/config.go:1472.35,1474.3 1 0
server/public/model/config.go:1477.2,1477.44 1 0
server/public/model/config.go:1477.44,1479.3 1 0
server/public/model/config.go:1482.2,1483.41 2 0
server/public/model/config.go:1483.41,1485.3 1 0
server/public/model/config.go:1488.2,1488.44 1 0
server/public/model/config.go:1488.44,1490.3 1 0
server/public/model/config.go:1493.2,1493.41 1 0
server/public/model/config.go:1493.41,1495.3 1 0
server/public/model/config.go:1498.2,1498.50 1 0
server/public/model/config.go:1498.50,1500.3 1 0
server/public/model/config.go:1501.2,1501.81 1 0
server/public/model/config.go:1501.81,1503.3 1 0
server/public/model/config.go:1505.2,1505.12 1 0
server/public/model/config.go:1533.50,1534.25 1 0
server/public/model/config.go:1534.25,1536.3 1 0
server/public/model/config.go:1538.2,1538.25 1 0
server/public/model/config.go:1538.25,1540.3 1 0
server/public/model/config.go:1542.2,1542.33 1 0
server/public/model/config.go:1542.33,1544.3 1 0
server/public/model/config.go:1546.2,1546.39 1 0
server/public/model/config.go:1546.39,1548.3 1 0
server/public/model/config.go:1550.2,1550.14 1 0
server/public/model/config.go:1550.14,1552.61 1 0
server/public/model/config.go:1552.61,1554.4 1 0
server/public/model/config.go:1555.8,1558.3 1 0
server/public/model/config.go:1560.2,1560.27 1 0
server/public/model/config.go:1560.27,1562.3 1 0
server/public/model/config.go:1564.2,1564.27 1 0
server/public/model/config.go:1564.27,1566.3 1 0
server/public/model/config.go:1568.2,1568.42 1 0
server/public/model/config.go:1568.42,1570.3 1 0
server/public/model/config.go:1572.2,1572.42 1 0
server/public/model/config.go:1572.42,1574.3 1 0
server/public/model/config.go:1576.2,1576.20 1 0
server/public/model/config.go:1576.20,1578.3 1 0
server/public/model/config.go:1580.2,1580.27 1 0
server/public/model/config.go:1580.27,1582.3 1 0
server/public/model/config.go:1584.2,1584.36 1 0
server/public/model/config.go:1584.36,1586.3 1 0
server/public/model/config.go:1588.2,1588.36 1 0
server/public/model/config.go:1588.36,1590.3 1 0
server/public/model/config.go:1592.2,1592.48 1 0
server/public/model/config.go:1592.48,1594.3 1 0
server/public/model/config.go:1596.2,1596.33 1 0
server/public/model/config.go:1596.33,1598.3 1 0
server/public/model/config.go:1600.2,1600.44 1 0
server/public/model/config.go:1600.44,1602.3 1 0
server/public/model/config.go:1621.36,1625.2 3 0
server/public/model/config.go:1627.43,1630.16 3 0
server/public/model/config.go:1630.16,1632.3 1 0
server/public/model/config.go:1634.2,1635.16 2 0
server/public/model/config.go:1635.16,1637.3 1 0
server/public/model/config.go:1639.2,1639.12 1 0
server/public/model/config.go:1642.37,1643.28 1 0
server/public/model/config.go:1643.28,1645.3 1 0
server/public/model/config.go:1647.2,1647.27 1 0
server/public/model/config.go:1647.27,1649.3 1 0
server/public/model/config.go:1651.2,1651.26 1 0
server/public/model/config.go:1651.26,1653.3 1 0
server/public/model/config.go:1655.2,1655.25 1 0
server/public/model/config.go:1655.25,1657.3 1 0
server/public/model/config.go:1659.2,1659.24 1 0
server/public/model/config.go:1659.24,1661.3 1 0
server/public/model/config.go:1663.2,1663.27 1 0
server/public/model/config.go:1663.27,1665.3 1 0
server/public/model/config.go:1667.2,1667.37 1 0
server/public/model/config.go:1667.37,1669.3 1 0
server/public/model/config.go:1671.2,1671.32 1 0
server/public/model/config.go:1671.32,1673.3 1 0
server/public/model/config.go:1675.2,1675.27 1 0
server/public/model/config.go:1675.27,1677.3 1 0
server/public/model/config.go:1679.2,1679.26 1 0
server/public/model/config.go:1679.26,1681.3 1 0
server/public/model/config.go:1683.2,1683.23 1 0
server/public/model/config.go:1683.23,1685.3 1 0
server/public/model/config.go:1687.2,1687.46 1 0
server/public/model/config.go:1687.46,1689.3 1 0
server/public/model/config.go:1691.2,1691.27 1 0
server/public/model/config.go:1691.27,1693.3 1 0
server/public/model/config.go:1697.57,1698.47 1 0
server/public/model/config.go:1698.47,1700.3 1 0
server/public/model/config.go:1702.2,1702.21 1 0
server/public/model/config.go:1712.57,1713.20 1 0
server/public/model/config.go:1713.20,1714.24 1 0
server/public/model/config.go:1714.24,1716.4 1 0
server/public/model/config.go:1718.3,1718.42 1 0
server/public/model/config.go:1718.42,1720.4 1 0
server/public/model/config.go:1723.2,1725.16 3 0
server/public/model/config.go:1725.16,1727.3 1 0
server/public/model/config.go:1729.2,1730.16 2 0
server/public/model/config.go:1730.16,1732.3 1 0
server/public/model/config.go:1734.2,1734.12 1 0
server/public/model/config.go:1737.51,1738.26 1 0
server/public/model/config.go:1738.26,1740.3 1 0
server/public/model/config.go:1742.2,1742.23 1 0
server/public/model/config.go:1742.23,1744.3 1 0
server/public/model/config.go:1746.2,1746.46 1 0
server/public/model/config.go:1746.46,1748.3 1 0
server/public/model/config.go:1750.2,1750.26 1 0
server/public/model/config.go:1750.26,1752.3 1 0
server/public/model/config.go:1756.71,1757.47 1 0
server/public/model/config.go:1757.47,1759.3 1 0
server/public/model/config.go:1761.2,1761.21 1 0
server/public/model/config.go:1773.42,1774.28 1 0
server/public/model/config.go:1774.28,1775.18 1 0
server/public/model/config.go:1775.18,1777.4 1 0
server/public/model/config.go:1777.9,1779.4 1 0
server/public/model/config.go:1782.2,1782.24 1 0
server/public/model/config.go:1782.24,1784.3 1 0
server/public/model/config.go:1786.2,1786.21 1 0
server/public/model/config.go:1786.21,1788.3 1 0
server/public/model/config.go:1790.2,1790.24 1 0
server/public/model/config.go:1790.24,1792.3 1 0
server/public/model/config.go:1794.2,1794.21 1 0
server/public/model/config.go:1794.21,1796.3 1 0
server/public/model/config.go:1798.2,1798.31 1 0
server/public/model/config.go:1798.31,1800.3 1 0
server/public/model/config.go:1869.51,1870.36 1 0
server/public/model/config.go:1870.36,1872.3 1 0
server/public/model/config.go:1874.2,1874.33 1 0
server/public/model/config.go:1874.33,1876.3 1 0
server/public/model/config.go:1878.2,1878.35 1 0
server/public/model/config.go:1878.35,1880.3 1 0
server/public/model/config.go:1882.2,1882.26 1 0
server/public/model/config.go:1882.26,1884.3 1 0
server/public/model/config.go:1886.2,1886.33 1 0
server/public/model/config.go:1886.33,1888.3 1 0
server/public/model/config.go:1890.2,1890.41 1 0
server/public/model/config.go:1890.41,1892.3 1 0
server/public/model/config.go:1894.2,1894.25 1 0
server/public/model/config.go:1894.25,1896.3 1 0
server/public/model/config.go:1898.2,1898.46 1 0
server/public/model/config.go:1898.46,1900.3 1 0
server/public/model/config.go:1902.2,1902.31 1 0
server/public/model/config.go:1902.31,1904.3 1 0
server/public/model/config.go:1906.2,1906.29 1 0
server/public/model/config.go:1906.29,1908.3 1 0
server/public/model/config.go:1910.2,1910.31 1 0
server/public/model/config.go:1910.31,1912.3 1 0
server/public/model/config.go:1914.2,1914.14 1 0
server/public/model/config.go:1914.14,1916.57 1 0
server/public/model/config.go:1916.57,1918.4 1 0
server/public/model/config.go:1919.8,1922.3 1 0
server/public/model/config.go:1924.2,1924.26 1 0
server/public/model/config.go:1924.26,1927.3 1 0
server/public/model/config.go:1929.2,1929.34 1 0
server/public/model/config.go:1929.34,1931.3 1 0
server/public/model/config.go:1933.2,1933.38 1 0
server/public/model/config.go:1933.38,1935.3 1 0
server/public/model/config.go:1937.2,1937.29 1 0
server/public/model/config.go:1937.29,1939.3 1 0
server/public/model/config.go:1941.2,1941.33 1 0
server/public/model/config.go:1941.33,1943.3 1 0
server/public/model/config.go:1945.2,1945.29 1 0
server/public/model/config.go:1945.29,1947.3 1 0
server/public/model/config.go:1949.2,1949.60 1 0
server/public/model/config.go:1949.60,1952.3 1 0
server/public/model/config.go:1954.2,1954.26 1 0
server/public/model/config.go:1954.26,1956.3 1 0
server/public/model/config.go:1958.2,1958.29 1 0
server/public/model/config.go:1958.29,1961.3 1 0
server/public/model/config.go:1963.2,1963.26 1 0
server/public/model/config.go:1963.26,1965.3 1 0
server/public/model/config.go:1967.2,1967.28 1 0
server/public/model/config.go:1967.28,1969.3 1 0
server/public/model/config.go:1971.2,1971.49 1 0
server/public/model/config.go:1971.49,1973.3 1 0
server/public/model/config.go:1975.2,1975.42 1 0
server/public/model/config.go:1975.42,1977.3 1 0
server/public/model/config.go:1979.2,1979.35 1 0
server/public/model/config.go:1979.35,1981.3 1 0
server/public/model/config.go:1983.2,1983.34 1 0
server/public/model/config.go:1983.34,1985.3 1 0
server/public/model/config.go:1987.2,1987.28 1 0
server/public/model/config.go:1987.28,1989.3 1 0
server/public/model/config.go:1991.2,1991.29 1 0
server/public/model/config.go:1991.29,1993.3 1 0
server/public/model/config.go:1995.2,1995.29 1 0
server/public/model/config.go:1995.29,1997.3 1 0
server/public/model/config.go:1999.2,1999.30 1 0
server/public/model/config.go:1999.30,2001.3 1 0
server/public/model/config.go:2003.2,2003.25 1 0
server/public/model/config.go:2003.25,2005.3 1 0
server/public/model/config.go:2007.2,2007.28 1 0
server/public/model/config.go:2007.28,2009.3 1 0
server/public/model/config.go:2011.2,2011.23 1 0
server/public/model/config.go:2011.23,2013.3 1 0
server/public/model/config.go:2015.2,2015.46 1 0
server/public/model/config.go:2015.46,2017.3 1 0
server/public/model/config.go:2019.2,2019.35 1 0
server/public/model/config.go:2019.35,2021.3 1 0
server/public/model/config.go:2023.2,2023.31 1 0
server/public/model/config.go:2023.31,2025.3 1 0
server/public/model/config.go:2027.2,2027.58 1 0
server/public/model/config.go:2027.58,2029.3 1 0
server/public/model/config.go:2031.2,2031.40 1 0
server/public/model/config.go:2031.40,2033.3 1 0
server/public/model/config.go:2035.2,2035.44 1 0
server/public/model/config.go:2035.44,2037.3 1 0
server/public/model/config.go:2039.2,2039.35 1 0
server/public/model/config.go:2039.35,2041.3 1 0
server/public/model/config.go:2043.2,2043.39 1 0
server/public/model/config.go:2043.39,2045.3 1 0
server/public/model/config.go:2047.2,2047.35 1 0
server/public/model/config.go:2047.35,2049.3 1 0
server/public/model/config.go:2051.2,2051.72 1 0
server/public/model/config.go:2051.72,2054.3 1 0
server/public/model/config.go:2056.2,2056.32 1 0
server/public/model/config.go:2056.32,2058.3 1 0
server/public/model/config.go:2060.2,2060.35 1 0
server/public/model/config.go:2060.35,2063.3 1 0
server/public/model/config.go:2065.2,2065.32 1 0
server/public/model/config.go:2065.32,2067.3 1 0
server/public/model/config.go:2069.2,2069.34 1 0
server/public/model/config.go:2069.34,2071.3 1 0
server/public/model/config.go:2073.2,2073.55 1 0
server/public/model/config.go:2073.55,2075.3 1 0
server/public/model/config.go:2077.2,2077.50 1 0
server/public/model/config.go:2077.50,2079.3 1 0
server/public/model/config.go:2081.2,2081.48 1 0
server/public/model/config.go:2081.48,2083.3 1 0
server/public/model/config.go:2085.2,2085.41 1 0
server/public/model/config.go:2085.41,2087.3 1 0
server/public/model/config.go:2089.2,2089.40 1 0
server/public/model/config.go:2089.40,2091.3 1 0
server/public/model/config.go:2093.2,2093.34 1 0
server/public/model/config.go:2093.34,2095.3 1 0
server/public/model/config.go:2097.2,2097.35 1 0
server/public/model/config.go:2097.35,2099.3 1 0
server/public/model/config.go:2101.2,2101.35 1 0
server/public/model/config.go:2101.35,2103.3 1 0
server/public/model/config.go:2105.2,2105.36 1 0
server/public/model/config.go:2105.36,2107.3 1 0
server/public/model/config.go:2109.2,2109.31 1 0
server/public/model/config.go:2109.31,2111.3 1 0
server/public/model/config.go:2113.2,2113.34 1 0
server/public/model/config.go:2113.34,2115.3 1 0
server/public/model/config.go:2117.2,2117.29 1 0
server/public/model/config.go:2117.29,2119.3 1 0
server/public/model/config.go:2121.2,2121.52 1 0
server/public/model/config.go:2121.52,2123.3 1 0
server/public/model/config.go:2125.2,2125.47 1 0
server/public/model/config.go:2125.47,2127.3 1 0
server/public/model/config.go:2163.52,2164.36 1 0
server/public/model/config.go:2164.36,2166.3 1 0
server/public/model/config.go:2168.2,2168.36 1 0
server/public/model/config.go:2168.36,2170.3 1 0
server/public/model/config.go:2172.2,2172.39 1 0
server/public/model/config.go:2172.39,2174.3 1 0
server/public/model/config.go:2176.2,2176.37 1 0
server/public/model/config.go:2176.37,2178.3 1 0
server/public/model/config.go:2180.2,2180.45 1 0
server/public/model/config.go:2180.45,2182.3 1 0
server/public/model/config.go:2184.2,2184.39 1 0
server/public/model/config.go:2184.39,2186.3 1 0
server/public/model/config.go:2188.2,2188.27 1 0
server/public/model/config.go:2188.27,2190.3 1 0
server/public/model/config.go:2192.2,2192.28 1 0
server/public/model/config.go:2192.28,2194.3 1 0
server/public/model/config.go:2196.2,2196.29 1 0
server/public/model/config.go:2196.29,2198.3 1 0
server/public/model/config.go:2200.2,2200.35 1 0
server/public/model/config.go:2200.35,2202.3 1 0
server/public/model/config.go:2204.2,2204.29 1 0
server/public/model/config.go:2204.29,2205.79 1 0
server/public/model/config.go:2205.79,2207.4 1 0
server/public/model/config.go:2207.9,2209.4 1 0
server/public/model/config.go:2212.2,2212.27 1 0
server/public/model/config.go:2212.27,2214.3 1 0
server/public/model/config.go:2216.2,2216.27 1 0
server/public/model/config.go:2216.27,2218.3 1 0
server/public/model/config.go:2220.2,2220.48 1 0
server/public/model/config.go:2220.48,2222.3 1 0
server/public/model/config.go:2224.2,2224.44 1 0
server/public/model/config.go:2224.44,2226.3 1 0
server/public/model/config.go:2228.2,2228.61 1 0
server/public/model/config.go:2228.61,2230.3 1 0
server/public/model/config.go:2232.2,2232.79 1 0
server/public/model/config.go:2232.79,2234.3 1 0
server/public/model/config.go:2236.2,2236.36 1 0
server/public/model/config.go:2236.36,2238.3 1 0
server/public/model/config.go:2240.2,2240.37 1 0
server/public/model/config.go:2240.37,2241.15 1 0
server/public/model/config.go:2241.15,2243.4 1 0
server/public/model/config.go:2243.9,2245.4 1 0
server/public/model/config.go:2248.2,2248.39 1 0
server/public/model/config.go:2248.39,2250.3 1 0
server/public/model/config.go:2252.2,2252.37 1 0
server/public/model/config.go:2252.37,2254.3 1 0
server/public/model/config.go:2256.2,2256.34 1 0
server/public/model/config.go:2256.34,2258.3 1 0
server/public/model/config.go:2260.2,2260.38 1 0
server/public/model/config.go:2260.38,2262.3 1 0
server/public/model/config.go:2264.2,2264.36 1 0
server/public/model/config.go:2264.36,2266.3 1 0
server/public/model/config.go:2268.2,2268.38 1 0
server/public/model/config.go:2268.38,2270.3 1 0
server/public/model/config.go:2272.2,2272.29 1 0
server/public/model/config.go:2272.29,2273.48 1 0
server/public/model/config.go:2273.48,2275.4 1 0
server/public/model/config.go:2275.9,2277.4 1 0
server/public/model/config.go:2280.2,2280.48 1 0
server/public/model/config.go:2280.48,2282.3 1 0
server/public/model/config.go:2284.2,2284.48 1 0
server/public/model/config.go:2284.48,2286.3 1 0
server/public/model/config.go:2288.2,2288.44 1 0
server/public/model/config.go:2288.44,2290.3 1 0
server/public/model/config.go:2292.2,2292.31 1 0
server/public/model/config.go:2292.31,2294.3 1 0
server/public/model/config.go:2296.2,2296.37 1 0
server/public/model/config.go:2296.37,2298.3 1 0
server/public/model/config.go:2300.2,2300.35 1 0
server/public/model/config.go:2300.35,2302.3 1 0
server/public/model/config.go:2315.43,2316.21 1 0
server/public/model/config.go:2316.21,2318.3 1 0
server/public/model/config.go:2320.2,2320.21 1 0
server/public/model/config.go:2320.21,2322.3 1 0
server/public/model/config.go:2324.2,2324.23 1 0
server/public/model/config.go:2324.23,2326.3 1 0
server/public/model/config.go:2328.2,2328.30 1 0
server/public/model/config.go:2328.30,2330.3 1 0
server/public/model/config.go:2332.2,2332.31 1 0
server/public/model/config.go:2332.31,2334.3 1 0
server/public/model/config.go:2336.2,2336.25 1 0
server/public/model/config.go:2336.25,2338.3 1 0
server/public/model/config.go:2347.41,2348.31 1 0
server/public/model/config.go:2348.31,2350.3 1 0
server/public/model/config.go:2352.2,2352.27 1 0
server/public/model/config.go:2352.27,2354.3 1 0
server/public/model/config.go:2356.2,2356.31 1 0
server/public/model/config.go:2356.31,2358.3 1 0
server/public/model/config.go:2377.41,2378.39 1 0
server/public/model/config.go:2378.39,2380.3 1 0
server/public/model/config.go:2382.2,2382.33 1 0
server/public/model/config.go:2382.33,2384.3 1 0
server/public/model/config.go:2386.2,2386.38 1 0
server/public/model/config.go:2386.38,2388.3 1 0
server/public/model/config.go:2390.2,2390.32 1 0
server/public/model/config.go:2390.32,2392.3 1 0
server/public/model/config.go:2394.2,2394.30 1 0
server/public/model/config.go:2394.30,2396.3 1 0
server/public/model/config.go:2398.2,2398.24 1 0
server/public/model/config.go:2398.24,2400.3 1 0
server/public/model/config.go:2402.2,2402.29 1 0
server/public/model/config.go:2402.29,2404.3 1 0
server/public/model/config.go:2406.2,2406.23 1 0
server/public/model/config.go:2406.23,2408.3 1 0
server/public/model/config.go:2410.2,2410.39 1 0
server/public/model/config.go:2410.39,2412.3 1 0
server/public/model/config.go:2414.2,2414.33 1 0
server/public/model/config.go:2414.33,2416.3 1 0
server/public/model/config.go:2418.2,2418.33 1 0
server/public/model/config.go:2418.33,2420.3 1 0
server/public/model/config.go:2422.2,2422.33 1 0
server/public/model/config.go:2422.33,2424.3 1 0
server/public/model/config.go:2426.2,2426.32 1 0
server/public/model/config.go:2426.32,2428.3 1 0
server/public/model/config.go:2430.2,2430.39 1 0
server/public/model/config.go:2430.39,2432.3 1 0
server/public/model/config.go:2434.2,2434.33 1 0
server/public/model/config.go:2434.33,2436.3 1 0
server/public/model/config.go:2438.2,2438.27 1 0
server/public/model/config.go:2438.27,2440.3 1 0
server/public/model/config.go:2442.2,2442.42 1 0
server/public/model/config.go:2442.42,2444.3 1 0
server/public/model/config.go:2446.2,2446.53 1 0
server/public/model/config.go:2446.53,2448.3 1 0
server/public/model/config.go:2450.2,2450.37 1 0
server/public/model/config.go:2450.37,2452.3 1 0
server/public/model/config.go:2468.46,2469.27 1 0
server/public/model/config.go:2469.27,2471.3 1 0
server/public/model/config.go:2473.2,2473.25 1 0
server/public/model/config.go:2473.25,2475.3 1 0
server/public/model/config.go:2477.2,2477.26 1 0
server/public/model/config.go:2477.26,2479.3 1 0
server/public/model/config.go:2481.2,2481.30 1 0
server/public/model/config.go:2481.30,2483.3 1 0
server/public/model/config.go:2485.2,2485.35 1 0
server/public/model/config.go:2485.35,2487.3 1 0
server/public/model/config.go:2489.2,2489.34 1 0
server/public/model/config.go:2489.34,2491.3 1 0
server/public/model/config.go:2493.2,2493.33 1 0
server/public/model/config.go:2493.33,2495.3 1 0
server/public/model/config.go:2496.2,2496.25 1 0
server/public/model/config.go:2496.25,2498.3 1 0
server/public/model/config.go:2499.2,2499.31 1 0
server/public/model/config.go:2499.31,2501.3 1 0
server/public/model/config.go:2502.2,2502.36 1 0
server/public/model/config.go:2502.36,2504.3 1 0
server/public/model/config.go:2514.39,2515.35 1 0
server/public/model/config.go:2515.35,2517.3 1 0
server/public/model/config.go:2519.2,2519.27 1 0
server/public/model/config.go:2519.27,2521.3 1 0
server/public/model/config.go:2523.2,2523.32 1 0
server/public/model/config.go:2523.32,2525.3 1 0
server/public/model/config.go:2527.2,2527.28 1 0
server/public/model/config.go:2527.28,2529.3 1 0
server/public/model/config.go:2561.38,2562.44 1 0
server/public/model/config.go:2562.44,2564.3 1 0
server/public/model/config.go:2566.2,2566.30 1 0
server/public/model/config.go:2566.30,2568.3 1 0
server/public/model/config.go:2570.2,2570.46 1 0
server/public/model/config.go:2570.46,2572.3 1 0
server/public/model/config.go:2574.2,2574.33 1 0
server/public/model/config.go:2574.33,2576.3 1 0
server/public/model/config.go:2578.2,2578.31 1 0
server/public/model/config.go:2578.31,2580.3 1 0
server/public/model/config.go:2582.2,2582.40 1 0
server/public/model/config.go:2582.40,2584.3 1 0
server/public/model/config.go:2586.2,2586.39 1 0
server/public/model/config.go:2586.39,2588.3 1 0
server/public/model/config.go:2590.2,2590.35 1 0
server/public/model/config.go:2590.35,2592.3 1 0
server/public/model/config.go:2594.2,2594.32 1 0
server/public/model/config.go:2594.32,2596.3 1 0
server/public/model/config.go:2598.2,2598.37 1 0
server/public/model/config.go:2598.37,2600.3 1 0
server/public/model/config.go:2602.2,2602.30 1 0
server/public/model/config.go:2602.30,2604.3 1 0
server/public/model/config.go:2606.2,2606.36 1 0
server/public/model/config.go:2606.36,2608.3 1 0
server/public/model/config.go:2610.2,2610.36 1 0
server/public/model/config.go:2610.36,2612.3 1 0
server/public/model/config.go:2614.2,2614.36 1 0
server/public/model/config.go:2614.36,2616.3 1 0
server/public/model/config.go:2618.2,2618.33 1 0
server/public/model/config.go:2618.33,2620.3 1 0
server/public/model/config.go:2622.2,2622.43 1 0
server/public/model/config.go:2622.43,2624.3 1 0
server/public/model/config.go:2626.2,2626.41 1 0
server/public/model/config.go:2626.41,2628.3 1 0
server/public/model/config.go:2630.2,2630.50 1 0
server/public/model/config.go:2630.50,2632.3 1 0
server/public/model/config.go:2634.2,2634.49 1 0
server/public/model/config.go:2634.49,2636.3 1 0
server/public/model/config.go:2638.2,2638.38 1 0
server/public/model/config.go:2638.38,2640.3 1 0
server/public/model/config.go:2642.2,2642.42 1 0
server/public/model/config.go:2642.42,2644.3 1 0
server/public/model/config.go:2646.2,2646.33 1 0
server/public/model/config.go:2646.33,2648.3 1 0
server/public/model/config.go:2650.2,2650.47 1 0
server/public/model/config.go:2650.47,2652.3 1 0
server/public/model/config.go:2654.2,2654.38 1 0
server/public/model/config.go:2654.38,2656.3 1 0
server/public/model/config.go:2719.38,2720.21 1 0
server/public/model/config.go:2720.21,2722.3 1 0
server/public/model/config.go:2725.2,2725.25 1 0
server/public/model/config.go:2725.25,2727.3 1 0
server/public/model/config.go:2729.2,2729.32 1 0
server/public/model/config.go:2729.32,2731.3 1 0
server/public/model/config.go:2733.2,2733.25 1 0
server/public/model/config.go:2733.25,2735.3 1 0
server/public/model/config.go:2737.2,2737.23 1 0
server/public/model/config.go:2737.23,2739.3 1 0
server/public/model/config.go:2741.2,2741.33 1 0
server/public/model/config.go:2741.33,2743.3 1 0
server/public/model/config.go:2745.2,2745.36 1 0
server/public/model/config.go:2745.36,2747.3 1 0
server/public/model/config.go:2749.2,2749.29 1 0
server/public/model/config.go:2749.29,2751.3 1 0
server/public/model/config.go:2753.2,2753.21 1 0
server/public/model/config.go:2753.21,2755.3 1 0
server/public/model/config.go:2757.2,2757.27 1 0
server/public/model/config.go:2757.27,2759.3 1 0
server/public/model/config.go:2761.2,2761.27 1 0
server/public/model/config.go:2761.27,2763.3 1 0
server/public/model/config.go:2765.2,2765.35 1 0
server/public/model/config.go:2765.35,2767.3 1 0
server/public/model/config.go:2769.2,2769.25 1 0
server/public/model/config.go:2769.25,2771.3 1 0
server/public/model/config.go:2773.2,2773.26 1 0
server/public/model/config.go:2773.26,2775.3 1 0
server/public/model/config.go:2777.2,2777.26 1 0
server/public/model/config.go:2777.26,2779.3 1 0
server/public/model/config.go:2781.2,2781.26 1 0
server/public/model/config.go:2781.26,2783.3 1 0
server/public/model/config.go:2785.2,2785.40 1 0
server/public/model/config.go:2785.40,2787.3 1 0
server/public/model/config.go:2789.2,2789.31 1 0
server/public/model/config.go:2789.31,2791.3 1 0
server/public/model/config.go:2793.2,2793.33 1 0
server/public/model/config.go:2793.33,2795.3 1 0
server/public/model/config.go:2797.2,2797.32 1 0
server/public/model/config.go:2797.32,2799.3 1 0
server/public/model/config.go:2801.2,2801.29 1 0
server/public/model/config.go:2801.29,2803.3 1 0
server/public/model/config.go:2805.2,2805.32 1 0
server/public/model/config.go:2805.32,2807.3 1 0
server/public/model/config.go:2809.2,2809.32 1 0
server/public/model/config.go:2809.32,2811.3 1 0
server/public/model/config.go:2813.2,2813.26 1 0
server/public/model/config.go:2813.26,2815.3 1 0
server/public/model/config.go:2817.2,2817.32 1 0
server/public/model/config.go:2817.32,2819.3 1 0
server/public/model/config.go:2821.2,2821.31 1 0
server/public/model/config.go:2821.31,2823.3 1 0
server/public/model/config.go:2827.2,2827.31 1 0
server/public/model/config.go:2827.31,2829.3 1 0
server/public/model/config.go:2831.2,2831.34 1 0
server/public/model/config.go:2831.34,2833.3 1 0
server/public/model/config.go:2835.2,2835.34 1 0
server/public/model/config.go:2835.34,2837.3 1 0
server/public/model/config.go:2839.2,2839.42 1 0
server/public/model/config.go:2839.42,2841.3 1 0
server/public/model/config.go:2843.2,2843.27 1 0
server/public/model/config.go:2843.27,2845.3 1 0
server/public/model/config.go:2847.2,2847.26 1 0
server/public/model/config.go:2847.26,2849.3 1 0
server/public/model/config.go:2851.2,2851.29 1 0
server/public/model/config.go:2851.29,2853.3 1 0
server/public/model/config.go:2855.2,2855.31 1 0
server/public/model/config.go:2855.31,2857.3 1 0
server/public/model/config.go:2859.2,2859.37 1 0
server/public/model/config.go:2859.37,2861.3 1 0
server/public/model/config.go:2863.2,2863.35 1 0
server/public/model/config.go:2863.35,2865.3 1 0
server/public/model/config.go:2875.44,2876.21 1 0
server/public/model/config.go:2876.21,2878.3 1 0
server/public/model/config.go:2880.2,2880.24 1 0
server/public/model/config.go:2880.24,2882.3 1 0
server/public/model/config.go:2884.2,2884.26 1 0
server/public/model/config.go:2884.26,2886.3 1 0
server/public/model/config.go:2888.2,2888.24 1 0
server/public/model/config.go:2888.24,2890.3 1 0
server/public/model/config.go:2900.46,2901.34 1 0
server/public/model/config.go:2901.34,2903.3 1 0
server/public/model/config.go:2905.2,2905.34 1 0
server/public/model/config.go:2905.34,2907.3 1 0
server/public/model/config.go:2909.2,2909.31 1 0
server/public/model/config.go:2909.31,2911.3 1 0
server/public/model/config.go:2913.2,2913.40 1 0
server/public/model/config.go:2913.40,2915.3 1 0
server/public/model/config.go:2939.49,2940.21 1 0
server/public/model/config.go:2940.21,2942.3 1 0
server/public/model/config.go:2944.2,2944.23 1 0
server/public/model/config.go:2944.23,2946.3 1 0
server/public/model/config.go:2948.2,2948.30 1 0
server/public/model/config.go:2948.30,2950.3 1 0
server/public/model/config.go:2952.2,2952.22 1 0
server/public/model/config.go:2952.22,2954.3 1 0
server/public/model/config.go:2956.2,2956.24 1 0
server/public/model/config.go:2956.24,2958.3 1 0
server/public/model/config.go:2960.2,2960.29 1 0
server/public/model/config.go:2960.29,2962.3 1 0
server/public/model/config.go:2963.2,2965.21 2 0
server/public/model/config.go:2965.21,2967.3 1 0
server/public/model/config.go:2968.2,2970.30 2 0
server/public/model/config.go:2970.30,2972.3 1 0
server/public/model/config.go:2975.56,2976.18 1 0
server/public/model/config.go:2976.18,2978.3 1 0
server/public/model/config.go:2980.2,2980.21 1 0
server/public/model/config.go:2980.21,2982.3 1 0
server/public/model/config.go:2985.48,2986.27 1 0
server/public/model/config.go:2986.27,2988.3 1 0
server/public/model/config.go:3038.38,3039.21 1 0
server/public/model/config.go:3039.21,3041.3 1 0
server/public/model/config.go:3043.2,3043.33 1 0
server/public/model/config.go:3043.33,3045.3 1 0
server/public/model/config.go:3047.2,3047.44 1 0
server/public/model/config.go:3047.44,3049.3 1 0
server/public/model/config.go:3051.2,3051.35 1 0
server/public/model/config.go:3051.35,3053.3 1 0
server/public/model/config.go:3055.2,3055.35 1 0
server/public/model/config.go:3055.35,3057.3 1 0
server/public/model/config.go:3059.2,3059.21 1 0
server/public/model/config.go:3059.21,3061.3 1 0
server/public/model/config.go:3063.2,3063.22 1 0
server/public/model/config.go:3063.22,3065.3 1 0
server/public/model/config.go:3067.2,3067.26 1 0
server/public/model/config.go:3067.26,3069.3 1 0
server/public/model/config.go:3071.2,3071.33 1 0
server/public/model/config.go:3071.33,3073.3 1 0
server/public/model/config.go:3075.2,3075.33 1 0
server/public/model/config.go:3075.33,3077.3 1 0
server/public/model/config.go:3079.2,3079.21 1 0
server/public/model/config.go:3079.21,3081.3 1 0
server/public/model/config.go:3083.2,3083.31 1 0
server/public/model/config.go:3083.31,3085.3 1 0
server/public/model/config.go:3087.2,3087.40 1 0
server/public/model/config.go:3087.40,3088.32 1 0
server/public/model/config.go:3088.32,3090.4 1 0
server/public/model/config.go:3090.9,3092.4 1 0
server/public/model/config.go:3095.2,3095.29 1 0
server/public/model/config.go:3095.29,3097.3 1 0
server/public/model/config.go:3099.2,3099.33 1 0
server/public/model/config.go:3099.33,3101.3 1 0
server/public/model/config.go:3103.2,3103.36 1 0
server/public/model/config.go:3103.36,3105.3 1 0
server/public/model/config.go:3107.2,3107.29 1 0
server/public/model/config.go:3107.29,3109.3 1 0
server/public/model/config.go:3111.2,3111.42 1 0
server/public/model/config.go:3111.42,3113.3 1 0
server/public/model/config.go:3115.2,3115.35 1 0
server/public/model/config.go:3115.35,3117.3 1 0
server/public/model/config.go:3119.2,3119.29 1 0
server/public/model/config.go:3119.29,3121.3 1 0
server/public/model/config.go:3123.2,3123.58 1 0
server/public/model/config.go:3123.58,3125.3 1 0
server/public/model/config.go:3127.2,3127.26 1 0
server/public/model/config.go:3127.26,3129.3 1 0
server/public/model/config.go:3131.2,3131.29 1 0
server/public/model/config.go:3131.29,3133.3 1 0
server/public/model/config.go:3134.2,3134.29 1 0
server/public/model/config.go:3134.29,3136.3 1 0
server/public/model/config.go:3137.2,3137.33 1 0
server/public/model/config.go:3137.33,3139.3 1 0
server/public/model/config.go:3141.2,3141.32 1 0
server/public/model/config.go:3141.32,3143.3 1 0
server/public/model/config.go:3145.2,3145.29 1 0
server/public/model/config.go:3145.29,3147.3 1 0
server/public/model/config.go:3149.2,3149.32 1 0
server/public/model/config.go:3149.32,3151.3 1 0
server/public/model/config.go:3153.2,3153.32 1 0
server/public/model/config.go:3153.32,3155.3 1 0
server/public/model/config.go:3157.2,3157.32 1 0
server/public/model/config.go:3157.32,3159.3 1 0
server/public/model/config.go:3161.2,3161.30 1 0
server/public/model/config.go:3161.30,3163.3 1 0
server/public/model/config.go:3165.2,3165.31 1 0
server/public/model/config.go:3165.31,3167.3 1 0
server/public/model/config.go:3169.2,3169.37 1 0
server/public/model/config.go:3169.37,3171.3 1 0
server/public/model/config.go:3173.2,3173.35 1 0
server/public/model/config.go:3173.35,3175.3 1 0
server/public/model/config.go:3192.43,3193.30 1 0
server/public/model/config.go:3193.30,3195.3 1 0
server/public/model/config.go:3197.2,3197.37 1 0
server/public/model/config.go:3197.37,3199.3 1 0
server/public/model/config.go:3201.2,3201.33 1 0
server/public/model/config.go:3201.33,3203.3 1 0
server/public/model/config.go:3205.2,3205.34 1 0
server/public/model/config.go:3205.34,3207.3 1 0
server/public/model/config.go:3209.2,3209.36 1 0
server/public/model/config.go:3209.36,3211.3 1 0
server/public/model/config.go:3213.2,3213.37 1 0
server/public/model/config.go:3213.37,3215.3 1 0
server/public/model/config.go:3217.2,3217.41 1 0
server/public/model/config.go:3217.41,3219.3 1 0
server/public/model/config.go:3221.2,3221.40 1 0
server/public/model/config.go:3221.40,3223.3 1 0
server/public/model/config.go:3225.2,3225.44 1 0
server/public/model/config.go:3225.44,3227.3 1 0
server/public/model/config.go:3229.2,3229.43 1 0
server/public/model/config.go:3229.43,3231.3 1 0
server/public/model/config.go:3233.2,3233.30 1 0
server/public/model/config.go:3233.30,3235.3 1 0
server/public/model/config.go:3238.63,3239.100 1 0
server/public/model/config.go:3239.100,3240.33 1 0
server/public/model/config.go:3240.33,3241.12 1 0
server/public/model/config.go:3243.3,3244.57 2 0
server/public/model/config.go:3244.57,3246.4 1 0
server/public/model/config.go:3248.2,3248.12 1 0
server/public/model/config.go:3284.47,3285.28 1 0
server/public/model/config.go:3285.28,3287.3 1 0
server/public/model/config.go:3289.2,3289.22 1 0
server/public/model/config.go:3289.22,3291.3 1 0
server/public/model/config.go:3293.2,3293.23 1 0
server/public/model/config.go:3293.23,3295.3 1 0
server/public/model/config.go:3297.2,3297.23 1 0
server/public/model/config.go:3297.23,3299.3 1 0
server/public/model/config.go:3301.2,3301.17 1 0
server/public/model/config.go:3301.17,3303.3 1 0
server/public/model/config.go:3305.2,3305.25 1 0
server/public/model/config.go:3305.25,3307.3 1 0
server/public/model/config.go:3309.2,3309.24 1 0
server/public/model/config.go:3309.24,3311.3 1 0
server/public/model/config.go:3313.2,3313.29 1 0
server/public/model/config.go:3313.29,3315.3 1 0
server/public/model/config.go:3317.2,3317.30 1 0
server/public/model/config.go:3317.30,3319.3 1 0
server/public/model/config.go:3321.2,3321.33 1 0
server/public/model/config.go:3321.33,3323.3 1 0
server/public/model/config.go:3325.2,3325.33 1 0
server/public/model/config.go:3325.33,3327.3 1 0
server/public/model/config.go:3329.2,3329.20 1 0
server/public/model/config.go:3329.20,3331.3 1 0
server/public/model/config.go:3333.2,3333.32 1 0
server/public/model/config.go:3333.32,3335.3 1 0
server/public/model/config.go:3337.2,3337.30 1 0
server/public/model/config.go:3337.30,3339.3 1 0
server/public/model/config.go:3341.2,3341.35 1 0
server/public/model/config.go:3341.35,3343.3 1 0
server/public/model/config.go:3345.2,3345.33 1 0
server/public/model/config.go:3345.33,3347.3 1 0
server/public/model/config.go:3349.2,3349.32 1 0
server/public/model/config.go:3349.32,3351.3 1 0
server/public/model/config.go:3353.2,3353.30 1 0
server/public/model/config.go:3353.30,3355.3 1 0
server/public/model/config.go:3357.2,3357.38 1 0
server/public/model/config.go:3357.38,3359.3 1 0
server/public/model/config.go:3361.2,3361.42 1 0
server/public/model/config.go:3361.42,3363.3 1 0
server/public/model/config.go:3365.2,3365.26 1 0
server/public/model/config.go:3365.26,3367.3 1 0
server/public/model/config.go:3369.2,3369.33 1 0
server/public/model/config.go:3369.33,3371.3 1 0
server/public/model/config.go:3373.2,3373.36 1 0
server/public/model/config.go:3373.36,3375.3 1 0
server/public/model/config.go:3377.2,3377.24 1 0
server/public/model/config.go:3377.24,3379.3 1 0
server/public/model/config.go:3381.2,3381.36 1 0
server/public/model/config.go:3381.36,3383.3 1 0
server/public/model/config.go:3385.2,3385.34 1 0
server/public/model/config.go:3385.34,3387.3 1 0
server/public/model/config.go:3389.2,3389.20 1 0
server/public/model/config.go:3389.20,3391.3 1 0
server/public/model/config.go:3393.2,3393.34 1 0
server/public/model/config.go:3393.34,3395.3 1 0
server/public/model/config.go:3397.2,3397.58 1 0
server/public/model/config.go:3397.58,3399.3 1 0
server/public/model/config.go:3418.47,3419.36 1 0
server/public/model/config.go:3419.36,3421.3 1 0
server/public/model/config.go:3423.2,3423.33 1 0
server/public/model/config.go:3423.33,3425.3 1 0
server/public/model/config.go:3427.2,3427.35 1 0
server/public/model/config.go:3427.35,3429.3 1 0
server/public/model/config.go:3431.2,3431.35 1 0
server/public/model/config.go:3431.35,3433.3 1 0
server/public/model/config.go:3435.2,3435.36 1 0
server/public/model/config.go:3435.36,3437.3 1 0
server/public/model/config.go:3439.2,3439.32 1 0
server/public/model/config.go:3439.32,3441.3 1 0
server/public/model/config.go:3443.2,3443.33 1 0
server/public/model/config.go:3443.33,3445.3 1 0
server/public/model/config.go:3447.2,3447.34 1 0
server/public/model/config.go:3447.34,3449.3 1 0
server/public/model/config.go:3451.2,3451.35 1 0
server/public/model/config.go:3451.35,3453.3 1 0
server/public/model/config.go:3455.2,3455.24 1 0
server/public/model/config.go:3455.24,3457.3 1 0
server/public/model/config.go:3459.2,3459.45 1 0
server/public/model/config.go:3459.45,3461.3 1 0
server/public/model/config.go:3462.2,3462.36 1 0
server/public/model/config.go:3462.36,3464.3 1 0
server/public/model/config.go:3466.2,3466.34 1 0
server/public/model/config.go:3466.34,3468.3 1 0
server/public/model/config.go:3473.64,3474.68 1 0
server/public/model/config.go:3474.68,3476.3 1 0
server/public/model/config.go:3477.2,3477.66 1 0
server/public/model/config.go:3477.66,3479.3 1 0
server/public/model/config.go:3480.2,3480.62 1 0
server/public/model/config.go:3485.61,3486.62 1 0
server/public/model/config.go:3486.62,3488.3 1 0
server/public/model/config.go:3489.2,3489.60 1 0
server/public/model/config.go:3489.60,3491.3 1 0
server/public/model/config.go:3492.2,3492.59 1 0
server/public/model/config.go:3512.53,3513.21 1 0
server/public/model/config.go:3513.21,3515.3 1 0
server/public/model/config.go:3516.2,3516.42 1 0
server/public/model/config.go:3516.42,3518.3 1 0
server/public/model/config.go:3519.2,3519.43 1 0
server/public/model/config.go:3519.43,3521.3 1 0
server/public/model/config.go:3522.2,3522.35 1 0
server/public/model/config.go:3522.35,3524.3 1 0
server/public/model/config.go:3527.59,3528.35 1 0
server/public/model/config.go:3528.35,3530.3 1 0
server/public/model/config.go:3532.2,3532.166 1 0
server/public/model/config.go:3532.166,3535.3 1 0
server/public/model/config.go:3537.2,3537.170 1 0
server/public/model/config.go:3537.170,3540.3 1 0
server/public/model/config.go:3542.2,3542.138 1 0
server/public/model/config.go:3542.138,3545.3 1 0
server/public/model/config.go:3547.2,3547.12 1 0
server/public/model/config.go:3557.37,3558.22 1 0
server/public/model/config.go:3558.22,3560.3 1 0
server/public/model/config.go:3562.2,3562.27 1 0
server/public/model/config.go:3562.27,3564.3 1 0
server/public/model/config.go:3566.2,3566.39 1 0
server/public/model/config.go:3566.39,3568.3 1 0
server/public/model/config.go:3570.2,3570.41 1 0
server/public/model/config.go:3570.41,3572.3 1 0
server/public/model/config.go:3583.39,3585.75 2 0
server/public/model/config.go:3585.75,3586.29 1 0
server/public/model/config.go:3587.37,3588.46 1 0
server/public/model/config.go:3589.54,3590.50 1 0
server/public/model/config.go:3594.2,3594.24 1 0
server/public/model/config.go:3594.24,3595.29 1 0
server/public/model/config.go:3596.37,3597.52 1 0
server/public/model/config.go:3598.54,3599.56 1 0
server/public/model/config.go:3602.2,3602.22 1 0
server/public/model/config.go:3602.22,3605.3 2 0
server/public/model/config.go:3607.2,3607.22 1 0
server/public/model/config.go:3607.22,3609.3 1 0
server/public/model/config.go:3611.2,3611.36 1 0
server/public/model/config.go:3611.36,3613.3 1 0
server/public/model/config.go:3638.54,3639.21 1 0
server/public/model/config.go:3639.21,3641.3 1 0
server/public/model/config.go:3643.2,3643.28 1 0
server/public/model/config.go:3643.28,3645.3 1 0
server/public/model/config.go:3647.2,3647.39 1 0
server/public/model/config.go:3647.39,3649.3 1 0
server/public/model/config.go:3651.2,3651.32 1 0
server/public/model/config.go:3651.32,3653.3 1 0
server/public/model/config.go:3655.2,3655.46 1 0
server/public/model/config.go:3655.46,3657.3 1 0
server/public/model/config.go:3659.2,3659.58 1 0
server/public/model/config.go:3659.58,3661.3 1 0
server/public/model/config.go:3663.2,3663.22 1 0
server/public/model/config.go:3663.22,3665.3 1 0
server/public/model/config.go:3667.2,3667.27 1 0
server/public/model/config.go:3667.27,3669.3 1 0
server/public/model/config.go:3671.2,3671.40 1 0
server/public/model/config.go:3671.40,3674.3 1 0
server/public/model/config.go:3676.2,3676.42 1 0
server/public/model/config.go:3676.42,3679.3 1 0
server/public/model/config.go:3681.2,3681.46 1 0
server/public/model/config.go:3681.46,3684.3 1 0
server/public/model/config.go:3686.2,3686.39 1 0
server/public/model/config.go:3686.39,3689.3 1 0
server/public/model/config.go:3691.2,3691.32 1 0
server/public/model/config.go:3691.32,3693.3 1 0
server/public/model/config.go:3695.2,3695.38 1 0
server/public/model/config.go:3695.38,3697.3 1 0
server/public/model/config.go:3699.2,3699.42 1 0
server/public/model/config.go:3699.42,3701.3 1 0
server/public/model/config.go:3703.2,3703.112 1 0
server/public/model/config.go:3703.112,3705.3 1 0
server/public/model/config.go:3707.2,3707.37 1 0
server/public/model/config.go:3707.37,3709.3 1 0
server/public/model/config.go:3711.2,3711.38 1 0
server/public/model/config.go:3711.38,3713.3 1 0
server/public/model/config.go:3715.2,3715.35 1 0
server/public/model/config.go:3715.35,3717.3 1 0
server/public/model/config.go:3725.64,3728.43 2 0
server/public/model/config.go:3728.43,3730.3 1 0
server/public/model/config.go:3732.2,3732.38 1 0
server/public/model/config.go:3732.38,3735.29 2 0
server/public/model/config.go:3735.29,3736.23 1 0
server/public/model/config.go:3736.23,3739.10 2 0
server/public/model/config.go:3741.4,3741.38 1 0
server/public/model/config.go:3741.38,3743.10 1 0
server/public/model/config.go:3746.4,3746.68 1 0
server/public/model/config.go:3746.68,3747.76 1 0
server/public/model/config.go:3747.76,3749.11 2 0
server/public/model/config.go:3753.4,3753.61 1 0
server/public/model/config.go:3753.61,3754.53 1 0
server/public/model/config.go:3754.53,3755.77 1 0
server/public/model/config.go:3755.77,3757.12 2 0
server/public/model/config.go:3775.42,3776.37 1 0
server/public/model/config.go:3776.37,3778.3 1 0
server/public/model/config.go:3779.2,3779.33 1 0
server/public/model/config.go:3779.33,3781.3 1 0
server/public/model/config.go:3782.2,3782.33 1 0
server/public/model/config.go:3782.33,3784.3 1 0
server/public/model/config.go:3785.2,3785.44 1 0
server/public/model/config.go:3785.44,3787.3 1 0
server/public/model/config.go:3788.2,3788.49 1 0
server/public/model/config.go:3788.49,3790.3 1 0
server/public/model/config.go:3791.2,3791.55 1 0
server/public/model/config.go:3791.55,3793.3 1 0
server/public/model/config.go:3794.2,3794.54 1 0
server/public/model/config.go:3794.54,3796.3 1 0
server/public/model/config.go:3799.48,3801.46 2 0
server/public/model/config.go:3801.46,3802.69 1 0
server/public/model/config.go:3802.69,3804.4 1 0
server/public/model/config.go:3807.2,3807.12 1 0
server/public/model/config.go:3820.90,3821.35 1 0
server/public/model/config.go:3821.35,3822.48 1 0
server/public/model/config.go:3822.48,3824.4 1 0
server/public/model/config.go:3824.9,3826.4 1 0
server/public/model/config.go:3829.2,3829.41 1 0
server/public/model/config.go:3829.41,3830.54 1 0
server/public/model/config.go:3830.54,3832.4 1 0
server/public/model/config.go:3832.9,3834.4 1 0
server/public/model/config.go:3837.2,3837.46 1 0
server/public/model/config.go:3837.46,3839.3 1 0
server/public/model/config.go:3841.2,3841.40 1 0
server/public/model/config.go:3841.40,3843.3 1 0
server/public/model/config.go:3845.2,3845.38 1 0
server/public/model/config.go:3845.38,3847.3 1 0
server/public/model/config.go:3849.2,3849.30 1 0
server/public/model/config.go:3849.30,3851.3 1 0
server/public/model/config.go:3853.2,3853.34 1 0
server/public/model/config.go:3853.34,3855.3 1 0
server/public/model/config.go:3868.58,3869.27 1 0
server/public/model/config.go:3869.27,3871.3 1 0
server/public/model/config.go:3872.2,3872.27 1 0
server/public/model/config.go:3872.27,3874.3 1 0
server/public/model/config.go:3875.2,3875.27 1 0
server/public/model/config.go:3875.27,3877.3 1 0
server/public/model/config.go:3878.2,3878.27 1 0
server/public/model/config.go:3878.27,3880.3 1 0
server/public/model/config.go:3881.2,3881.61 1 0
server/public/model/config.go:3881.61,3883.3 1 0
server/public/model/config.go:3884.2,3884.35 1 0
server/public/model/config.go:3884.35,3886.3 1 0
server/public/model/config.go:3887.2,3887.29 1 0
server/public/model/config.go:3887.29,3889.3 1 0
server/public/model/config.go:3906.47,3907.27 1 0
server/public/model/config.go:3907.27,3909.3 1 0
server/public/model/config.go:3911.2,3911.36 1 0
server/public/model/config.go:3911.36,3913.3 1 0
server/public/model/config.go:3915.2,3915.27 1 0
server/public/model/config.go:3915.27,3917.3 1 0
server/public/model/config.go:3919.2,3919.27 1 0
server/public/model/config.go:3919.27,3921.3 1 0
server/public/model/config.go:3923.2,3923.34 1 0
server/public/model/config.go:3923.34,3925.3 1 0
server/public/model/config.go:3927.2,3927.24 1 0
server/public/model/config.go:3927.24,3929.3 1 0
server/public/model/config.go:3931.2,3931.59 1 0
server/public/model/config.go:3931.59,3933.3 1 0
server/public/model/config.go:3935.2,3935.73 1 0
server/public/model/config.go:3935.73,3937.3 1 0
server/public/model/config.go:3939.2,3939.34 1 0
server/public/model/config.go:3939.34,3941.3 1 0
server/public/model/config.go:3942.2,3942.37 1 0
server/public/model/config.go:3950.41,3951.31 1 0
server/public/model/config.go:3951.31,3954.3 2 0
server/public/model/config.go:3956.2,3956.31 1 0
server/public/model/config.go:3956.31,3958.3 1 0
server/public/model/config.go:3970.47,3971.21 1 0
server/public/model/config.go:3971.21,3973.3 1 0
server/public/model/config.go:3975.2,3975.23 1 0
server/public/model/config.go:3975.23,3977.3 1 0
server/public/model/config.go:3979.2,3979.33 1 0
server/public/model/config.go:3979.33,3981.3 1 0
server/public/model/config.go:3983.2,3983.47 1 0
server/public/model/config.go:3983.47,3985.3 1 0
server/public/model/config.go:3987.2,3987.40 1 0
server/public/model/config.go:3987.40,3989.3 1 0
server/public/model/config.go:3991.2,3991.35 1 0
server/public/model/config.go:3991.35,3993.3 1 0
server/public/model/config.go:3996.53,3997.62 1 0
server/public/model/config.go:3997.62,3998.87 1 0
server/public/model/config.go:3998.87,4000.4 1 0
server/public/model/config.go:4003.2,4003.12 1 0
server/public/model/config.go:4013.44,4014.21 1 0
server/public/model/config.go:4014.21,4016.3 1 0
server/public/model/config.go:4018.2,4018.29 1 0
server/public/model/config.go:4018.29,4020.3 1 0
server/public/model/config.go:4022.2,4022.34 1 0
server/public/model/config.go:4022.34,4024.3 1 0
server/public/model/config.go:4026.2,4026.38 1 0
server/public/model/config.go:4026.38,4028.3 1 0
server/public/model/config.go:4039.46,4040.24 1 0
server/public/model/config.go:4040.24,4042.3 1 0
server/public/model/config.go:4044.2,4044.27 1 0
server/public/model/config.go:4044.27,4046.3 1 0
server/public/model/config.go:4048.2,4048.12 1 0
server/public/model/config.go:4052.40,4053.46 1 0
server/public/model/config.go:4053.46,4055.3 1 0
server/public/model/config.go:4057.2,4057.28 1 0
server/public/model/config.go:4057.28,4059.3 1 0
server/public/model/config.go:4070.46,4071.24 1 0
server/public/model/config.go:4071.24,4073.3 1 0
server/public/model/config.go:4075.2,4075.27 1 0
server/public/model/config.go:4075.27,4077.3 1 0
server/public/model/config.go:4079.2,4079.12 1 0
server/public/model/config.go:4083.40,4084.46 1 0
server/public/model/config.go:4084.46,4086.3 1 0
server/public/model/config.go:4088.2,4088.28 1 0
server/public/model/config.go:4088.28,4090.3 1 0
server/public/model/config.go:4100.47,4101.48 1 0
server/public/model/config.go:4101.48,4103.3 1 0
server/public/model/config.go:4105.2,4105.42 1 0
server/public/model/config.go:4105.42,4107.3 1 0
server/public/model/config.go:4109.2,4109.45 1 0
server/public/model/config.go:4109.45,4111.3 1 0
server/public/model/config.go:4113.2,4113.41 1 0
server/public/model/config.go:4113.41,4115.3 1 0
server/public/model/config.go:4215.45,4219.2 1 0
server/public/model/config.go:4221.34,4223.16 2 0
server/public/model/config.go:4223.16,4224.13 1 0
server/public/model/config.go:4226.2,4228.16 3 0
server/public/model/config.go:4228.16,4229.13 1 0
server/public/model/config.go:4231.2,4231.13 1 0
server/public/model/config.go:4234.75,4236.44 2 0
server/public/model/config.go:4236.44,4238.24 2 0
server/public/model/config.go:4238.24,4240.4 1 0
server/public/model/config.go:4242.2,4242.40 1 0
server/public/model/config.go:4245.61,4246.17 1 0
server/public/model/config.go:4247.21,4248.27 1 0
server/public/model/config.go:4249.21,4250.27 1 0
server/public/model/config.go:4251.24,4252.43 1 0
server/public/model/config.go:4253.21,4254.27 1 0
server/public/model/config.go:4257.2,4257.12 1 0
server/public/model/config.go:4260.45,4264.2 3 0
server/public/model/config.go:4267.34,4269.2 1 0
server/public/model/config.go:4271.32,4277.47 4 0
server/public/model/config.go:4277.47,4280.55 2 0
server/public/model/config.go:4280.55,4282.4 1 0
server/public/model/config.go:4285.2,4323.27 39 0
server/public/model/config.go:4323.27,4326.3 2 0
server/public/model/config.go:4327.2,4332.41 6 0
server/public/model/config.go:4335.38,4336.78 1 0
server/public/model/config.go:4336.78,4338.3 1 0
server/public/model/config.go:4340.2,4340.71 1 0
server/public/model/config.go:4340.71,4342.3 1 0
server/public/model/config.go:4344.2,4344.58 1 0
server/public/model/config.go:4344.58,4346.3 1 0
server/public/model/config.go:4348.2,4348.56 1 0
server/public/model/config.go:4348.56,4350.3 1 0
server/public/model/config.go:4352.2,4352.86 1 0
server/public/model/config.go:4352.86,4354.3 1 0
server/public/model/config.go:4356.2,4356.55 1 0
server/public/model/config.go:4356.55,4358.3 1 0
server/public/model/config.go:4360.2,4360.63 1 0
server/public/model/config.go:4360.63,4362.3 1 0
server/public/model/config.go:4364.2,4364.54 1 0
server/public/model/config.go:4364.54,4366.3 1 0
server/public/model/config.go:4368.2,4368.55 1 0
server/public/model/config.go:4368.55,4370.3 1 0
server/public/model/config.go:4372.2,4372.56 1 0
server/public/model/config.go:4372.56,4374.3 1 0
server/public/model/config.go:4376.2,4376.55 1 0
server/public/model/config.go:4376.55,4378.3 1 0
server/public/model/config.go:4380.2,4380.55 1 0
server/public/model/config.go:4380.55,4382.3 1 0
server/public/model/config.go:4385.2,4385.57 1 0
server/public/model/config.go:4385.57,4387.3 1 0
server/public/model/config.go:4389.2,4389.74 1 0
server/public/model/config.go:4389.74,4391.3 1 0
server/public/model/config.go:4394.2,4394.64 1 0
server/public/model/config.go:4394.64,4395.81 1 0
server/public/model/config.go:4395.81,4396.41 1 0
server/public/model/config.go:4397.26,4398.74 1 0
server/public/model/config.go:4398.74,4400.6 1 0
server/public/model/config.go:4401.29,4402.64 1 0
server/public/model/config.go:4402.64,4404.6 1 0
server/public/model/config.go:4409.2,4410.17 2 0
server/public/model/config.go:4410.17,4412.3 1 0
server/public/model/config.go:4413.2,4413.120 1 0
server/public/model/config.go:4413.120,4415.3 1 0
server/public/model/config.go:4417.2,4417.60 1 0
server/public/model/config.go:4417.60,4419.3 1 0
server/public/model/config.go:4421.2,4421.58 1 0
server/public/model/config.go:4421.58,4423.3 1 0
server/public/model/config.go:4425.2,4425.64 1 0
server/public/model/config.go:4425.64,4427.3 1 0
server/public/model/config.go:4429.2,4429.64 1 0
server/public/model/config.go:4429.64,4431.3 1 0
server/public/model/config.go:4433.2,4433.54 1 0
server/public/model/config.go:4433.54,4435.3 1 0
server/public/model/config.go:4437.2,4437.68 1 0
server/public/model/config.go:4437.68,4439.3 1 0
server/public/model/config.go:4441.2,4441.63 1 0
server/public/model/config.go:4441.63,4443.3 1 0
server/public/model/config.go:4445.2,4445.66 1 0
server/public/model/config.go:4445.66,4447.3 1 0
server/public/model/config.go:4449.2,4449.64 1 0
server/public/model/config.go:4449.64,4451.3 1 0
server/public/model/config.go:4453.2,4453.58 1 0
server/public/model/config.go:4453.58,4455.3 1 0
server/public/model/config.go:4457.2,4457.61 1 0
server/public/model/config.go:4457.61,4459.3 1 0
server/public/model/config.go:4461.2,4461.57 1 0
server/public/model/config.go:4461.57,4463.3 1 0
server/public/model/config.go:4465.2,4465.59 1 0
server/public/model/config.go:4465.59,4467.3 1 0
server/public/model/config.go:4469.2,4469.49 1 0
server/public/model/config.go:4469.49,4470.85 1 0
server/public/model/config.go:4470.85,4471.51 1 0
server/public/model/config.go:4471.51,4473.5 1 0
server/public/model/config.go:4474.4,4474.60 1 0
server/public/model/config.go:4474.60,4476.5 1 0
server/public/model/config.go:4478.3,4478.85 1 0
server/public/model/config.go:4478.85,4479.51 1 0
server/public/model/config.go:4479.51,4481.5 1 0
server/public/model/config.go:4483.4,4483.62 1 0
server/public/model/config.go:4483.62,4485.5 1 0
server/public/model/config.go:4489.2,4489.66 1 0
server/public/model/config.go:4489.66,4491.3 1 0
server/public/model/config.go:4493.2,4493.70 1 0
server/public/model/config.go:4493.70,4495.3 1 0
server/public/model/config.go:4497.2,4497.64 1 0
server/public/model/config.go:4497.64,4499.3 1 0
server/public/model/config.go:4501.2,4501.12 1 0
server/public/model/config.go:4504.44,4505.29 1 0
server/public/model/config.go:4505.29,4507.3 1 0
server/public/model/config.go:4509.2,4509.32 1 0
server/public/model/config.go:4509.32,4511.3 1 0
server/public/model/config.go:4513.2,4513.35 1 0
server/public/model/config.go:4513.35,4515.3 1 0
server/public/model/config.go:4517.2,4517.40 1 0
server/public/model/config.go:4517.40,4519.3 1 0
server/public/model/config.go:4521.2,4521.102 1 0
server/public/model/config.go:4521.102,4523.3 1 0
server/public/model/config.go:4525.2,4525.139 1 0
server/public/model/config.go:4525.139,4527.3 1 0
server/public/model/config.go:4529.2,4529.42 1 0
server/public/model/config.go:4529.42,4531.3 1 0
server/public/model/config.go:4533.2,4533.42 1 0
server/public/model/config.go:4533.42,4535.3 1 0
server/public/model/config.go:4537.2,4537.12 1 0
server/public/model/config.go:4540.52,4541.29 1 0
server/public/model/config.go:4541.29,4543.3 1 0
server/public/model/config.go:4545.2,4545.45 1 0
server/public/model/config.go:4545.45,4547.3 1 0
server/public/model/config.go:4549.2,4549.12 1 0
server/public/model/config.go:4552.43,4553.64 1 0
server/public/model/config.go:4553.64,4555.3 1 0
server/public/model/config.go:4557.2,4557.45 1 0
server/public/model/config.go:4557.45,4559.3 1 0
server/public/model/config.go:4561.2,4561.26 1 0
server/public/model/config.go:4561.26,4563.3 1 0
server/public/model/config.go:4565.2,4565.40 1 0
server/public/model/config.go:4565.40,4567.3 1 0
server/public/model/config.go:4569.2,4569.40 1 0
server/public/model/config.go:4569.40,4571.3 1 0
server/public/model/config.go:4573.2,4573.26 1 0
server/public/model/config.go:4573.26,4575.3 1 0
server/public/model/config.go:4577.2,4577.35 1 0
server/public/model/config.go:4577.35,4579.3 1 0
server/public/model/config.go:4581.2,4581.25 1 0
server/public/model/config.go:4581.25,4583.3 1 0
server/public/model/config.go:4585.2,4585.26 1 0
server/public/model/config.go:4585.26,4587.3 1 0
server/public/model/config.go:4589.2,4589.12 1 0
server/public/model/config.go:4592.44,4593.25 1 0
server/public/model/config.go:4593.25,4595.3 1 0
server/public/model/config.go:4597.2,4597.113 1 0
server/public/model/config.go:4597.113,4599.3 1 0
server/public/model/config.go:4601.2,4601.60 1 0
server/public/model/config.go:4601.60,4603.3 1 0
server/public/model/config.go:4605.2,4605.24 1 0
server/public/model/config.go:4605.24,4607.3 1 0
server/public/model/config.go:4610.2,4610.53 1 0
server/public/model/config.go:4610.53,4612.3 1 0
server/public/model/config.go:4614.2,4614.78 1 0
server/public/model/config.go:4614.78,4616.3 1 0
server/public/model/config.go:4618.2,4618.48 1 0
server/public/model/config.go:4618.48,4620.3 1 0
server/public/model/config.go:4622.2,4622.120 1 0
server/public/model/config.go:4622.120,4624.3 1 0
server/public/model/config.go:4626.2,4626.105 1 0
server/public/model/config.go:4626.105,4628.3 1 0
server/public/model/config.go:4630.2,4630.23 1 0
server/public/model/config.go:4631.68,4631.68 0 0
server/public/model/config.go:4632.10,4633.191 1 0
server/public/model/config.go:4636.2,4636.65 1 0
server/public/model/config.go:4636.65,4638.3 1 0
server/public/model/config.go:4640.2,4640.359 1 0
server/public/model/config.go:4640.359,4642.3 1 0
server/public/model/config.go:4644.2,4644.71 1 0
server/public/model/config.go:4644.71,4646.3 1 0
server/public/model/config.go:4648.2,4648.65 1 0
server/public/model/config.go:4648.65,4650.3 1 0
server/public/model/config.go:4652.2,4652.48 1 0
server/public/model/config.go:4652.48,4654.3 1 0
server/public/model/config.go:4656.2,4656.371 1 0
server/public/model/config.go:4656.371,4658.3 1 0
server/public/model/config.go:4660.2,4660.132 1 0
server/public/model/config.go:4660.132,4662.3 1 0
server/public/model/config.go:4664.2,4664.117 1 0
server/public/model/config.go:4664.117,4666.3 1 0
server/public/model/config.go:4668.2,4668.29 1 0
server/public/model/config.go:4669.68,4669.68 0 0
server/public/model/config.go:4670.10,4671.203 1 0
server/public/model/config.go:4674.2,4674.77 1 0
server/public/model/config.go:4674.77,4676.3 1 0
server/public/model/config.go:4678.2,4678.83 1 0
server/public/model/config.go:4678.83,4680.3 1 0
server/public/model/config.go:4682.2,4682.77 1 0
server/public/model/config.go:4682.77,4684.3 1 0
server/public/model/config.go:4686.2,4686.54 1 0
server/public/model/config.go:4686.54,4688.3 1 0
server/public/model/config.go:4690.2,4690.65 1 0
server/public/model/config.go:4690.65,4692.3 1 0
server/public/model/config.go:4694.2,4694.12 1 0
server/public/model/config.go:4697.45,4698.189 1 0
server/public/model/config.go:4698.189,4700.3 1 0
server/public/model/config.go:4702.2,4702.37 1 0
server/public/model/config.go:4702.37,4704.3 1 0
server/public/model/config.go:4706.2,4706.35 1 0
server/public/model/config.go:4706.35,4708.3 1 0
server/public/model/config.go:4710.2,4710.146 1 0
server/public/model/config.go:4710.146,4712.3 1 0
server/public/model/config.go:4714.2,4714.12 1 0
server/public/model/config.go:4717.49,4718.29 1 0
server/public/model/config.go:4718.29,4720.3 1 0
server/public/model/config.go:4722.2,4722.20 1 0
server/public/model/config.go:4722.20,4724.3 1 0
server/public/model/config.go:4726.2,4726.22 1 0
server/public/model/config.go:4726.22,4728.3 1 0
server/public/model/config.go:4730.2,4730.12 1 0
server/public/model/config.go:4733.44,4734.143 1 0
server/public/model/config.go:4734.143,4736.3 1 0
server/public/model/config.go:4738.2,4738.33 1 0
server/public/model/config.go:4738.33,4740.3 1 0
server/public/model/config.go:4742.2,4742.24 1 0
server/public/model/config.go:4742.24,4744.3 1 0
server/public/model/config.go:4746.2,4746.15 1 0
server/public/model/config.go:4746.15,4747.26 1 0
server/public/model/config.go:4747.26,4749.4 1 0
server/public/model/config.go:4751.3,4751.35 1 0
server/public/model/config.go:4751.35,4753.4 1 0
server/public/model/config.go:4755.3,4755.22 1 0
server/public/model/config.go:4755.22,4757.4 1 0
server/public/model/config.go:4759.3,4759.30 1 0
server/public/model/config.go:4759.30,4761.4 1 0
server/public/model/config.go:4763.3,4763.33 1 0
server/public/model/config.go:4763.33,4765.4 1 0
server/public/model/config.go:4767.3,4767.27 1 0
server/public/model/config.go:4767.27,4769.4 1 0
server/public/model/config.go:4771.3,4771.32 1 0
server/public/model/config.go:4771.32,4773.4 1 0
server/public/model/config.go:4775.3,4775.26 1 0
server/public/model/config.go:4775.26,4776.63 1 0
server/public/model/config.go:4776.63,4778.5 1 0
server/public/model/config.go:4781.3,4781.27 1 0
server/public/model/config.go:4781.27,4782.64 1 0
server/public/model/config.go:4782.64,4784.5 1 0
server/public/model/config.go:4787.3,4787.27 1 0
server/public/model/config.go:4787.27,4788.64 1 0
server/public/model/config.go:4788.64,4790.5 1 0
server/public/model/config.go:4794.2,4794.12 1 0
server/public/model/config.go:4797.44,4798.15 1 0
server/public/model/config.go:4798.15,4799.52 1 0
server/public/model/config.go:4799.52,4801.4 1 0
server/public/model/config.go:4803.3,4803.32 1 0
server/public/model/config.go:4803.32,4805.4 1 0
server/public/model/config.go:4807.3,4807.34 1 0
server/public/model/config.go:4807.34,4809.4 1 0
server/public/model/config.go:4811.3,4811.30 1 0
server/public/model/config.go:4811.30,4813.4 1 0
server/public/model/config.go:4815.3,4815.33 1 0
server/public/model/config.go:4815.33,4817.4 1 0
server/public/model/config.go:4819.3,4819.41 1 0
server/public/model/config.go:4819.41,4821.4 1 0
server/public/model/config.go:4823.3,4823.16 1 0
server/public/model/config.go:4823.16,4824.95 1 0
server/public/model/config.go:4824.95,4826.5 1 0
server/public/model/config.go:4829.3,4829.17 1 0
server/public/model/config.go:4829.17,4830.31 1 0
server/public/model/config.go:4830.31,4832.5 1 0
server/public/model/config.go:4834.4,4834.38 1 0
server/public/model/config.go:4834.38,4836.5 1 0
server/public/model/config.go:4839.3,4839.30 1 0
server/public/model/config.go:4839.30,4841.4 1 0
server/public/model/config.go:4843.3,4843.199 1 0
server/public/model/config.go:4843.199,4845.4 1 0
server/public/model/config.go:4846.3,4846.134 1 0
server/public/model/config.go:4846.134,4848.4 1 0
server/public/model/config.go:4850.3,4850.30 1 0
server/public/model/config.go:4850.30,4851.51 1 0
server/public/model/config.go:4851.51,4853.5 1 0
server/public/model/config.go:4854.4,4854.55 1 0
server/public/model/config.go:4854.55,4856.5 1 0
server/public/model/config.go:4859.3,4859.30 1 0
server/public/model/config.go:4859.30,4860.51 1 0
server/public/model/config.go:4860.51,4862.5 1 0
server/public/model/config.go:4863.4,4863.55 1 0
server/public/model/config.go:4863.55,4865.5 1 0
server/public/model/config.go:4869.2,4869.12 1 0
server/public/model/config.go:4872.47,4873.94 1 0
server/public/model/config.go:4873.94,4875.3 1 0
server/public/model/config.go:4877.2,4877.68 1 0
server/public/model/config.go:4877.68,4880.27 2 0
server/public/model/config.go:4880.27,4882.4 1 0
server/public/model/config.go:4882.9,4882.67 1 0
server/public/model/config.go:4882.67,4884.4 1 0
server/public/model/config.go:4886.3,4888.26 2 0
server/public/model/config.go:4888.26,4890.4 1 0
server/public/model/config.go:4890.9,4890.66 1 0
server/public/model/config.go:4890.66,4892.4 1 0
server/public/model/config.go:4895.2,4895.36 1 0
server/public/model/config.go:4895.36,4896.48 1 0
server/public/model/config.go:4896.48,4897.55 1 0
server/public/model/config.go:4897.55,4899.5 1 0
server/public/model/config.go:4903.2,4903.37 1 0
server/public/model/config.go:4903.37,4905.3 1 0
server/public/model/config.go:4907.2,4907.30 1 0
server/public/model/config.go:4907.30,4909.3 1 0
server/public/model/config.go:4911.2,4911.25 1 0
server/public/model/config.go:4911.25,4913.3 1 0
server/public/model/config.go:4915.2,4915.26 1 0
server/public/model/config.go:4915.26,4917.3 1 0
server/public/model/config.go:4919.2,4919.56 1 0
server/public/model/config.go:4919.56,4921.3 1 0
server/public/model/config.go:4923.2,4923.34 1 0
server/public/model/config.go:4923.34,4925.3 1 0
server/public/model/config.go:4927.2,4927.22 1 0
server/public/model/config.go:4927.22,4928.60 1 0
server/public/model/config.go:4928.60,4930.4 1 0
server/public/model/config.go:4933.2,4933.27 1 0
server/public/model/config.go:4933.27,4934.65 1 0
server/public/model/config.go:4934.65,4936.4 1 0
server/public/model/config.go:4939.2,4939.39 1 0
server/public/model/config.go:4939.39,4940.81 1 0
server/public/model/config.go:4940.81,4942.4 1 0
server/public/model/config.go:4945.2,4947.16 3 0
server/public/model/config.go:4947.16,4949.3 1 0
server/public/model/config.go:4949.8,4951.3 1 0
server/public/model/config.go:4952.2,4953.75 2 0
server/public/model/config.go:4953.75,4955.3 1 0
server/public/model/config.go:4957.2,4957.48 1 0
server/public/model/config.go:4957.48,4959.3 1 0
server/public/model/config.go:4961.2,4963.71 1 0
server/public/model/config.go:4963.71,4965.3 1 0
server/public/model/config.go:4967.2,4967.77 1 0
server/public/model/config.go:4967.77,4969.3 1 0
server/public/model/config.go:4971.2,4974.53 1 0
server/public/model/config.go:4974.53,4976.3 1 0
server/public/model/config.go:4978.2,4978.50 1 0
server/public/model/config.go:4978.50,4980.3 1 0
server/public/model/config.go:4981.2,4981.44 1 0
server/public/model/config.go:4981.44,4983.3 1 0
server/public/model/config.go:4984.2,4984.49 1 0
server/public/model/config.go:4984.49,4986.3 1 0
server/public/model/config.go:4988.2,4988.52 1 0
server/public/model/config.go:4988.52,4990.20 2 0
server/public/model/config.go:4990.20,4992.4 1 0
server/public/model/config.go:4993.3,4993.45 1 0
server/public/model/config.go:4993.45,4995.4 1 0
server/public/model/config.go:5000.2,5000.24 1 0
server/public/model/config.go:5000.24,5003.17 3 0
server/public/model/config.go:5003.17,5005.4 1 0
server/public/model/config.go:5012.2,5012.133 1 0
server/public/model/config.go:5012.133,5014.3 1 0
server/public/model/config.go:5016.2,5016.12 1 0
server/public/model/config.go:5019.53,5020.23 1 0
server/public/model/config.go:5020.23,5021.29 1 0
server/public/model/config.go:5021.29,5023.4 1 0
server/public/model/config.go:5026.2,5026.46 1 0
server/public/model/config.go:5026.46,5031.3 1 0
server/public/model/config.go:5033.2,5033.50 1 0
server/public/model/config.go:5033.50,5038.3 1 0
server/public/model/config.go:5040.2,5040.49 1 0
server/public/model/config.go:5040.49,5045.3 1 0
server/public/model/config.go:5047.2,5047.36 1 0
server/public/model/config.go:5047.36,5049.3 1 0
server/public/model/config.go:5051.2,5051.79 1 0
server/public/model/config.go:5051.79,5053.3 1 0
server/public/model/config.go:5055.2,5055.34 1 0
server/public/model/config.go:5055.34,5057.3 1 0
server/public/model/config.go:5059.2,5060.33 2 0
server/public/model/config.go:5060.33,5062.3 1 0
server/public/model/config.go:5064.2,5064.34 1 0
server/public/model/config.go:5064.34,5066.3 1 0
server/public/model/config.go:5068.2,5068.46 1 0
server/public/model/config.go:5068.46,5070.21 2 0
server/public/model/config.go:5070.21,5071.34 1 0
server/public/model/config.go:5071.34,5073.5 1 0
server/public/model/config.go:5077.2,5077.98 1 0
server/public/model/config.go:5077.98,5079.3 1 0
server/public/model/config.go:5081.2,5081.57 1 0
server/public/model/config.go:5081.57,5083.3 1 0
server/public/model/config.go:5085.2,5085.57 1 0
server/public/model/config.go:5085.57,5086.64 1 0
server/public/model/config.go:5086.64,5088.4 1 0
server/public/model/config.go:5091.2,5091.12 1 0
server/public/model/config.go:5094.53,5095.66 1 0
server/public/model/config.go:5095.66,5097.3 1 0
server/public/model/config.go:5099.2,5099.68 1 0
server/public/model/config.go:5099.68,5101.3 1 0
server/public/model/config.go:5103.2,5103.60 1 0
server/public/model/config.go:5103.60,5105.3 1 0
server/public/model/config.go:5107.2,5107.62 1 0
server/public/model/config.go:5107.62,5109.3 1 0
server/public/model/config.go:5111.2,5111.65 1 0
server/public/model/config.go:5111.65,5113.3 1 0
server/public/model/config.go:5115.2,5115.59 1 0
server/public/model/config.go:5115.59,5117.3 1 0
server/public/model/config.go:5119.2,5119.67 1 0
server/public/model/config.go:5119.67,5121.3 1 0
server/public/model/config.go:5123.2,5123.61 1 0
server/public/model/config.go:5123.61,5125.3 1 0
server/public/model/config.go:5127.2,5127.72 1 0
server/public/model/config.go:5127.72,5129.3 1 0
server/public/model/config.go:5131.2,5131.12 1 0
server/public/model/config.go:5134.55,5135.35 1 0
server/public/model/config.go:5135.35,5137.3 1 0
server/public/model/config.go:5139.2,5139.23 1 0
server/public/model/config.go:5139.23,5141.3 1 0
server/public/model/config.go:5143.2,5143.21 1 0
server/public/model/config.go:5144.24,5145.134 1 0
server/public/model/config.go:5145.134,5147.4 1 0
server/public/model/config.go:5148.16,5149.86 1 0
server/public/model/config.go:5149.86,5151.4 1 0
server/public/model/config.go:5152.10,5153.143 1 0
server/public/model/config.go:5157.2,5157.45 1 0
server/public/model/config.go:5157.45,5159.3 1 0
server/public/model/config.go:5162.2,5162.61 1 0
server/public/model/config.go:5162.61,5164.3 1 0
server/public/model/config.go:5166.2,5166.12 1 0
server/public/model/config.go:5169.52,5170.31 1 0
server/public/model/config.go:5170.31,5171.69 1 0
server/public/model/config.go:5171.69,5173.4 1 0
server/public/model/config.go:5176.2,5176.12 1 0
server/public/model/config.go:5179.53,5180.27 1 0
server/public/model/config.go:5180.27,5182.3 1 0
server/public/model/config.go:5183.2,5183.21 1 0
server/public/model/config.go:5183.21,5184.105 1 0
server/public/model/config.go:5184.105,5186.4 1 0
server/public/model/config.go:5186.9,5186.35 1 0
server/public/model/config.go:5186.35,5188.4 1 0
server/public/model/config.go:5188.9,5188.72 1 0
server/public/model/config.go:5188.72,5190.4 1 0
server/public/model/config.go:5190.9,5190.52 1 0
server/public/model/config.go:5190.52,5192.4 1 0
server/public/model/config.go:5192.9,5192.245 1 0
server/public/model/config.go:5192.245,5194.4 1 0
server/public/model/config.go:5196.3,5196.57 1 0
server/public/model/config.go:5196.57,5197.36 1 0
server/public/model/config.go:5197.36,5199.5 1 0
server/public/model/config.go:5199.10,5199.267 1 0
server/public/model/config.go:5199.267,5201.5 1 0
server/public/model/config.go:5201.10,5201.289 1 0
server/public/model/config.go:5201.289,5203.5 1 0
server/public/model/config.go:5203.10,5203.119 1 0
server/public/model/config.go:5203.119,5207.5 1 0
server/public/model/config.go:5207.10,5207.101 1 0
server/public/model/config.go:5207.101,5209.5 1 0
server/public/model/config.go:5209.10,5209.101 1 0
server/public/model/config.go:5209.101,5211.5 1 0
server/public/model/config.go:5214.2,5214.12 1 0
server/public/model/config.go:5217.47,5218.34 1 0
server/public/model/config.go:5218.34,5221.45 2 0
server/public/model/config.go:5221.45,5222.49 1 0
server/public/model/config.go:5222.49,5230.5 1 0
server/public/model/config.go:5234.2,5234.12 1 0
server/public/model/config.go:5237.50,5238.15 1 0
server/public/model/config.go:5238.15,5239.28 1 0
server/public/model/config.go:5240.28,5240.28 0 0
server/public/model/config.go:5242.32,5243.36 1 0
server/public/model/config.go:5243.36,5245.5 1 0
server/public/model/config.go:5247.4,5247.40 1 0
server/public/model/config.go:5247.40,5249.5 1 0
server/public/model/config.go:5253.4,5253.82 1 0
server/public/model/config.go:5253.82,5255.5 1 0
server/public/model/config.go:5256.11,5257.124 1 0
server/public/model/config.go:5261.2,5261.12 1 0
server/public/model/config.go:5272.55,5278.2 4 0
server/public/model/config.go:5286.79,5287.17 1 0
server/public/model/config.go:5287.17,5289.3 1 0
server/public/model/config.go:5291.2,5292.37 2 0
server/public/model/config.go:5292.37,5294.3 1 0
server/public/model/config.go:5295.2,5295.78 1 0
server/public/model/config.go:5295.78,5296.58 1 0
server/public/model/config.go:5296.58,5298.18 2 0
server/public/model/config.go:5298.18,5301.5 2 0
server/public/model/config.go:5302.4,5302.20 1 0
server/public/model/config.go:5304.3,5304.21 1 0
server/public/model/config.go:5306.2,5306.78 1 0
server/public/model/config.go:5306.78,5308.3 1 0
server/public/model/config.go:5310.2,5310.42 1 0
server/public/model/config.go:5310.42,5312.3 1 0
server/public/model/config.go:5314.2,5314.100 1 0
server/public/model/config.go:5314.100,5316.3 1 0
server/public/model/config.go:5318.2,5318.112 1 0
server/public/model/config.go:5318.112,5320.3 1 0
server/public/model/config.go:5322.2,5322.82 1 0
server/public/model/config.go:5322.82,5324.3 1 0
server/public/model/config.go:5326.2,5326.94 1 0
server/public/model/config.go:5326.94,5328.3 1 0
server/public/model/config.go:5330.2,5330.80 1 0
server/public/model/config.go:5330.80,5332.3 1 0
server/public/model/config.go:5334.2,5334.70 1 0
server/public/model/config.go:5334.70,5336.3 1 0
server/public/model/config.go:5338.2,5338.70 1 0
server/public/model/config.go:5338.70,5340.3 1 0
server/public/model/config.go:5342.2,5342.76 1 0
server/public/model/config.go:5342.76,5344.3 1 0
server/public/model/config.go:5346.2,5346.70 1 0
server/public/model/config.go:5346.70,5348.3 1 0
server/public/model/config.go:5350.2,5350.37 1 0
server/public/model/config.go:5350.37,5352.3 1 0
server/public/model/config.go:5354.2,5354.43 1 0
server/public/model/config.go:5354.43,5356.3 1 0
server/public/model/config.go:5358.2,5358.45 1 0
server/public/model/config.go:5358.45,5360.3 1 0
server/public/model/config.go:5362.2,5362.50 1 0
server/public/model/config.go:5362.50,5364.3 1 0
server/public/model/config.go:5366.2,5366.56 1 0
server/public/model/config.go:5366.56,5368.3 1 0
server/public/model/config.go:5370.2,5370.50 1 0
server/public/model/config.go:5370.50,5371.60 1 0
server/public/model/config.go:5371.60,5374.4 2 0
server/public/model/config.go:5377.2,5379.67 1 0
server/public/model/config.go:5379.67,5381.3 1 0
server/public/model/config.go:5383.2,5383.39 1 0
server/public/model/config.go:5383.39,5385.3 1 0
server/public/model/config.go:5387.2,5387.96 1 0
server/public/model/config.go:5387.96,5389.3 1 0
server/public/model/config.go:5391.2,5391.82 1 0
server/public/model/config.go:5391.82,5393.3 1 0
server/public/model/config.go:5395.2,5395.42 1 0
server/public/model/config.go:5395.42,5397.3 1 0
server/public/model/config.go:5399.2,5401.58 1 0
server/public/model/config.go:5401.58,5403.3 1 0
server/public/model/config.go:5405.2,5405.44 1 0
server/public/model/config.go:5414.72,5415.22 1 0
server/public/model/config.go:5415.22,5417.3 1 0
server/public/model/config.go:5419.2,5419.42 1 0
server/public/model/config.go:5419.42,5421.3 1 0
server/public/model/config.go:5423.2,5424.16 2 0
server/public/model/config.go:5424.16,5426.3 1 0
server/public/model/config.go:5427.2,5437.16 7 0
server/public/model/config.go:5437.16,5439.3 1 0
server/public/model/config.go:5440.2,5440.17 1 0
server/public/model/config.go:5462.82,5463.16 1 0
server/public/model/config.go:5463.16,5465.3 1 0
server/public/model/config.go:5467.2,5471.16 4 0
server/public/model/config.go:5471.16,5473.3 1 0
server/public/model/config.go:5475.2,5476.16 2 0
server/public/model/config.go:5476.16,5478.3 1 0
server/public/model/config.go:5480.2,5480.33 1 0
server/public/model/config.go:5480.33,5483.3 2 0
server/public/model/config.go:5485.2,5485.25 1 0
server/public/model/config.go:5485.25,5487.3 1 0
server/public/model/config.go:5489.2,5489.23 1 0
server/public/model/config.go:5489.23,5491.3 1 0
server/public/model/config.go:5496.2,5496.74 1 0
server/public/model/config.go:5496.74,5498.3 1 0
server/public/model/config.go:5500.2,5500.25 1 0
server/public/model/config.go:5506.82,5507.18 1 0
server/public/model/config.go:5508.22,5511.17 3 0
server/public/model/config.go:5511.17,5514.14 1 0
server/public/model/config.go:5516.3,5517.10 2 0
server/public/model/config.go:5520.2,5520.58 1 0
server/public/model/config.go:5523.82,5524.15 1 0
server/public/model/config.go:5524.15,5525.31 1 0
server/public/model/config.go:5525.31,5527.4 1 0
server/public/model/config.go:5530.2,5533.34 3 0
server/public/model/config.go:5533.34,5535.3 1 0
server/public/model/config.go:5537.2,5539.38 2 0
server/public/model/config.go:5539.38,5544.46 4 0
server/public/model/config.go:5544.46,5545.12 1 0
server/public/model/config.go:5548.3,5550.23 2 0
server/public/model/config.go:5551.23,5552.77 1 0
server/public/model/config.go:5553.24,5555.45 2 0
server/public/model/config.go:5555.45,5557.5 1 0
server/public/model/config.go:5557.10,5557.53 1 0
server/public/model/config.go:5557.53,5559.5 1 0
server/public/model/config.go:5560.11,5561.29 1 0
server/public/model/config.go:5564.3,5564.40 1 0
server/public/model/config.go:5567.2,5567.12 1 0
server/public/model/config.go:5571.49,5572.22 1 0
server/public/model/config.go:5572.22,5573.15 1 0
server/public/model/config.go:5573.15,5575.12 2 0
server/public/model/config.go:5578.3,5578.25 1 0
server/public/model/config.go:5579.23,5581.20 2 0
server/public/model/config.go:5581.20,5583.5 1 0
server/public/model/config.go:5584.14,5585.20 1 0
server/public/model/config.go:5585.20,5587.5 1 0
server/public/model/config.go:5593.54,5595.16 2 0
server/public/model/config.go:5595.16,5597.3 1 0
server/public/model/config.go:5599.2,5601.16 3 0
server/public/model/config.go:5601.16,5603.3 1 0
server/public/model/config.go:5605.2,5605.20 1 0
server/public/model/config.go:5609.58,5612.23 2 0
server/public/model/config.go:5612.23,5613.26 1 0
server/public/model/config.go:5613.26,5615.4 1 0
server/public/model/config.go:5617.3,5617.34 1 0
server/public/model/config.go:5617.34,5618.12 1 0
server/public/model/config.go:5621.3,5621.19 1 0
server/public/model/config.go:5622.23,5627.11 2 0
server/public/model/config.go:5627.11,5629.13 2 0
server/public/model/config.go:5631.4,5632.20 2 0
server/public/model/config.go:5632.20,5634.5 1 0
server/public/model/config.go:5635.11,5636.17 1 0
server/public/model/config.go:5640.2,5640.15 1 0
server/public/model/config.go:5646.43,5647.22 1 0
server/public/model/config.go:5647.22,5648.25 1 0
server/public/model/config.go:5649.23,5650.26 1 0
server/public/model/config.go:5651.15,5652.24 1 0
server/public/model/config.go:5652.24,5654.5 1 0
server/public/model/config.go:5659.51,5660.27 1 0
server/public/model/config.go:5660.27,5662.40 2 0
server/public/model/config.go:5662.40,5664.4 1 0
server/public/model/config.go:5667.2,5667.14 1 0
server/public/model/config.go:5671.34,5681.52 2 0
server/public/model/config.go:5681.52,5683.3 1 0
server/public/model/config.go:5685.2,5688.30 4 0
server/public/model/config.go:5688.30,5690.10 2 0
server/public/model/config.go:5691.11,5692.16 1 0
server/public/model/config.go:5693.65,5695.13 2 0
server/public/model/config.go:5696.29,5698.13 1 0
server/public/model/config.go:5699.17,5701.19 1 0
server/public/model/config.go:5701.19,5703.5 1 0
server/public/model/config.go:5704.4,5704.13 1 0
server/public/model/config.go:5705.17,5707.34 1 0
server/public/model/config.go:5707.34,5709.5 1 0
server/public/model/config.go:5710.4,5710.36 1 0
server/public/model/config.go:5710.36,5712.5 1 0
server/public/model/config.go:5713.4,5713.15 1 0
server/public/model/config.go:5715.3,5715.11 1 0
server/public/model/config.go:5717.2,5717.33 1 0
server/public/model/config.go:5717.33,5719.3 1 0
server/public/model/config.go:5721.2,5721.11 1 0
server/public/model/config.go:5724.36,5725.17 1 0
server/public/model/config.go:5725.17,5726.28 1 0
server/public/model/config.go:5726.28,5728.4 1 0
server/public/model/config.go:5728.9,5728.43 1 0
server/public/model/config.go:5728.43,5730.4 1 0
server/public/model/config.go:5731.3,5731.15 1 0
server/public/model/config.go:5734.2,5734.13 1 0
server/public/model/content_flagging.go:39.93,40.20 1 0
server/public/model/content_flagging.go:40.20,42.3 1 0
server/public/model/content_flagging.go:44.2,44.46 1 0
server/public/model/content_flagging.go:44.46,46.3 1 0
server/public/model/content_flagging.go:48.2,48.40 1 0
server/public/model/content_flagging.go:48.40,50.3 1 0
server/public/model/content_flagging.go:52.2,52.57 1 0
server/public/model/content_flagging.go:52.57,54.3 1 0
server/public/model/content_flagging.go:56.2,56.12 1 0
server/public/model/content_flagging.go:64.76,65.40 1 0
server/public/model/content_flagging.go:65.40,67.3 1 0
server/public/model/content_flagging.go:69.2,69.57 1 0
server/public/model/content_flagging.go:69.57,71.3 1 0
server/public/model/content_flagging.go:73.2,73.12 1 0
server/public/model/content_flagging_report.go:32.59,40.19 2 0
server/public/model/content_flagging_report.go:40.19,49.49 9 0
server/public/model/content_flagging_report.go:49.49,51.4 1 0
server/public/model/content_flagging_report.go:52.3,52.29 1 0
server/public/model/content_flagging_report.go:52.29,54.4 1 0
server/public/model/content_flagging_report.go:56.2,56.28 1 0
server/public/model/content_flagging_report.go:56.28,58.3 1 0
server/public/model/content_flagging_report.go:59.2,59.33 1 0
server/public/model/content_flagging_report.go:59.33,61.3 1 0
server/public/model/content_flagging_report.go:62.2,62.17 1 0
server/public/model/content_flagging_setting_request.go:12.48,15.2 2 1
server/public/model/content_flagging_setting_request.go:17.54,21.90 2 1
server/public/model/content_flagging_setting_request.go:21.90,23.3 1 1
server/public/model/content_flagging_setting_request.go:28.2,28.33 1 1
server/public/model/content_flagging_setting_request.go:28.33,29.51 1 1
server/public/model/content_flagging_setting_request.go:29.51,30.57 1 1
server/public/model/content_flagging_setting_request.go:30.57,32.5 1 1
server/public/model/content_flagging_setting_request.go:36.2,36.12 1 1
server/public/model/content_flagging_setting_request.go:44.58,47.38 2 1
server/public/model/content_flagging_setting_request.go:47.38,49.3 1 0
server/public/model/content_flagging_setting_request.go:51.2,51.37 1 1
server/public/model/content_flagging_setting_request.go:51.37,55.3 1 0
server/public/model/content_flagging_setting_request.go:57.2,57.33 1 1
server/public/model/content_flagging_setting_request.go:57.33,59.3 1 1
server/public/model/content_flagging_setting_request.go:61.2,61.35 1 1
server/public/model/content_flagging_setting_request.go:61.35,63.3 1 0
server/public/model/content_flagging_setting_request.go:65.2,67.38 3 1
server/public/model/content_flagging_setting_request.go:70.64,71.72 1 1
server/public/model/content_flagging_setting_request.go:71.72,73.3 1 1
server/public/model/content_flagging_setting_request.go:75.2,75.61 1 1
server/public/model/content_flagging_setting_request.go:75.61,77.3 1 1
server/public/model/content_flagging_setting_request.go:79.2,79.12 1 1
server/public/model/content_flagging_settings.go:45.63,46.35 1 1
server/public/model/content_flagging_settings.go:46.35,48.3 1 1
server/public/model/content_flagging_settings.go:50.2,50.64 1 1
server/public/model/content_flagging_settings.go:50.64,52.3 1 1
server/public/model/content_flagging_settings.go:52.8,54.78 1 1
server/public/model/content_flagging_settings.go:54.78,56.4 1 0
server/public/model/content_flagging_settings.go:59.2,59.65 1 1
server/public/model/content_flagging_settings.go:59.65,61.3 1 1
server/public/model/content_flagging_settings.go:63.2,63.71 1 1
server/public/model/content_flagging_settings.go:63.71,65.3 1 1
server/public/model/content_flagging_settings.go:67.2,67.73 1 1
server/public/model/content_flagging_settings.go:67.73,69.3 1 1
server/public/model/content_flagging_settings.go:72.69,77.53 1 1
server/public/model/content_flagging_settings.go:77.53,78.120 1 1
server/public/model/content_flagging_settings.go:78.120,80.4 1 1
server/public/model/content_flagging_settings.go:82.3,82.34 1 1
server/public/model/content_flagging_settings.go:82.34,83.87 1 1
server/public/model/content_flagging_settings.go:83.87,85.5 1 1
server/public/model/content_flagging_settings.go:89.2,89.52 1 1
server/public/model/content_flagging_settings.go:89.52,91.3 1 1
server/public/model/content_flagging_settings.go:94.2,95.20 2 1
server/public/model/content_flagging_settings.go:95.20,97.3 1 1
server/public/model/content_flagging_settings.go:99.2,99.12 1 1
server/public/model/content_flagging_settings.go:113.43,114.31 1 1
server/public/model/content_flagging_settings.go:114.31,116.3 1 1
server/public/model/content_flagging_settings.go:118.2,118.39 1 1
server/public/model/content_flagging_settings.go:118.39,120.3 1 1
server/public/model/content_flagging_settings.go:122.2,122.37 1 1
server/public/model/content_flagging_settings.go:122.37,124.3 1 1
server/public/model/content_flagging_settings.go:134.62,135.25 1 1
server/public/model/content_flagging_settings.go:135.25,137.3 1 1
server/public/model/content_flagging_settings.go:139.2,139.41 1 1
server/public/model/content_flagging_settings.go:139.41,141.3 1 1
server/public/model/content_flagging_settings.go:143.2,143.41 1 1
server/public/model/content_flagging_settings.go:143.41,145.3 1 1
server/public/model/content_flagging_settings.go:147.2,147.36 1 1
server/public/model/content_flagging_settings.go:147.36,149.3 1 1
server/public/model/content_flagging_settings.go:152.68,153.52 1 1
server/public/model/content_flagging_settings.go:153.52,155.3 1 1
server/public/model/content_flagging_settings.go:157.2,157.12 1 1
server/public/model/content_flagging_settings.go:166.55,167.38 1 1
server/public/model/content_flagging_settings.go:167.38,169.3 1 1
server/public/model/content_flagging_settings.go:171.2,171.37 1 1
server/public/model/content_flagging_settings.go:171.37,175.3 1 1
server/public/model/content_flagging_settings.go:177.2,177.35 1 1
server/public/model/content_flagging_settings.go:177.35,179.3 1 1
server/public/model/content_flagging_settings.go:181.2,182.38 2 1
server/public/model/content_flagging_settings.go:185.61,186.59 1 1
server/public/model/content_flagging_settings.go:186.59,188.3 1 1
server/public/model/content_flagging_settings.go:190.2,190.57 1 1
server/public/model/content_flagging_settings.go:190.57,192.3 1 1
server/public/model/content_flagging_settings.go:194.2,194.12 1 1
server/public/model/content_flagging_settings.go:202.51,205.33 2 1
server/public/model/content_flagging_settings.go:205.33,207.3 1 1
server/public/model/content_flagging_settings.go:209.2,209.36 1 1
server/public/model/content_flagging_settings.go:212.57,214.2 1 1
server/public/model/content_flagging_settings.go:229.46,230.33 1 1
server/public/model/content_flagging_settings.go:230.33,232.3 1 1
server/public/model/content_flagging_settings.go:234.2,234.36 1 1
server/public/model/content_flagging_settings.go:234.36,236.3 1 1
server/public/model/custom_profile_attributes.go:77.50,78.44 1 0
server/public/model/custom_profile_attributes.go:78.44,86.3 1 0
server/public/model/custom_profile_attributes.go:87.2,87.62 1 0
server/public/model/custom_profile_attributes.go:87.62,95.3 1 0
server/public/model/custom_profile_attributes.go:96.2,96.12 1 0
server/public/model/custom_profile_attributes.go:105.61,107.2 1 0
server/public/model/custom_profile_attributes.go:109.63,111.2 1 0
server/public/model/custom_profile_attributes.go:113.64,115.2 1 0
server/public/model/custom_profile_attributes.go:117.62,118.16 1 0
server/public/model/custom_profile_attributes.go:118.16,120.3 1 0
server/public/model/custom_profile_attributes.go:122.2,122.22 1 0
server/public/model/custom_profile_attributes.go:122.22,124.3 1 0
server/public/model/custom_profile_attributes.go:126.2,126.18 1 0
server/public/model/custom_profile_attributes.go:126.18,128.3 1 0
server/public/model/custom_profile_attributes.go:130.2,130.42 1 0
server/public/model/custom_profile_attributes.go:130.42,132.3 1 0
server/public/model/custom_profile_attributes.go:134.2,134.61 1 0
server/public/model/custom_profile_attributes.go:134.61,136.3 1 0
server/public/model/custom_profile_attributes.go:138.2,138.12 1 0
server/public/model/custom_profile_attributes.go:173.36,175.2 1 0
server/public/model/custom_profile_attributes.go:177.42,179.2 1 0
server/public/model/custom_profile_attributes.go:184.59,197.16 6 0
server/public/model/custom_profile_attributes.go:197.16,199.3 1 0
server/public/model/custom_profile_attributes.go:202.2,204.12 2 0
server/public/model/custom_profile_attributes.go:207.53,225.2 3 0
server/public/model/custom_profile_attributes.go:227.73,229.16 2 0
server/public/model/custom_profile_attributes.go:229.16,231.3 1 0
server/public/model/custom_profile_attributes.go:233.2,235.16 3 0
server/public/model/custom_profile_attributes.go:235.16,237.3 1 0
server/public/model/custom_profile_attributes.go:239.2,244.22 2 0
server/public/model/custom_profile_attributes.go:249.77,251.25 2 0
server/public/model/custom_profile_attributes.go:251.25,253.17 2 0
server/public/model/custom_profile_attributes.go:253.17,255.4 1 0
server/public/model/custom_profile_attributes.go:256.3,256.42 1 0
server/public/model/custom_profile_attributes.go:259.2,259.44 1 0
server/public/model/custom_profile_attributes.go:259.44,260.67 1 0
server/public/model/custom_profile_attributes.go:260.67,262.4 1 0
server/public/model/custom_profile_attributes.go:263.3,263.43 1 0
server/public/model/custom_profile_attributes.go:266.2,266.23 1 0
server/public/model/custom_status.go:37.35,38.59 1 0
server/public/model/custom_status.go:38.59,40.3 1 0
server/public/model/custom_status.go:42.2,43.43 2 0
server/public/model/custom_status.go:43.43,45.3 1 0
server/public/model/custom_status.go:48.66,49.86 1 0
server/public/model/custom_status.go:49.86,51.3 1 0
server/public/model/custom_status.go:53.2,53.80 1 0
server/public/model/custom_status.go:53.80,55.3 1 0
server/public/model/custom_status.go:57.2,57.14 1 0
server/public/model/custom_status.go:60.45,62.2 1 0
server/public/model/custom_status.go:66.74,67.15 1 0
server/public/model/custom_status.go:67.15,69.3 1 0
server/public/model/custom_status.go:71.2,72.20 2 0
server/public/model/custom_status.go:72.20,74.3 1 0
server/public/model/custom_status.go:77.2,77.59 1 0
server/public/model/custom_status.go:77.59,79.3 1 0
server/public/model/custom_status.go:81.2,81.29 1 0
server/public/model/custom_status.go:81.29,83.21 2 0
server/public/model/custom_status.go:83.21,85.4 1 0
server/public/model/custom_status.go:86.3,86.30 1 0
server/public/model/custom_status.go:86.30,88.4 1 0
server/public/model/custom_status.go:91.2,91.19 1 0
server/public/model/custom_status.go:94.76,98.29 2 0
server/public/model/custom_status.go:98.29,99.29 1 0
server/public/model/custom_status.go:99.29,101.4 1 0
server/public/model/custom_status.go:103.2,104.43 2 0
server/public/model/custom_status.go:104.43,106.3 1 0
server/public/model/custom_status.go:107.2,107.15 1 0
server/public/model/custom_status.go:110.88,111.15 1 0
server/public/model/custom_status.go:111.15,113.3 1 0
server/public/model/custom_status.go:115.2,116.20 2 0
server/public/model/custom_status.go:116.20,118.3 1 0
server/public/model/custom_status.go:120.2,120.59 1 0
server/public/model/custom_status.go:120.59,122.3 1 0
server/public/model/custom_status.go:124.2,125.29 2 0
server/public/model/custom_status.go:125.29,127.21 2 0
server/public/model/custom_status.go:127.21,129.4 1 0
server/public/model/custom_status.go:130.3,130.31 1 0
server/public/model/custom_status.go:130.31,132.4 1 0
server/public/model/custom_status.go:135.2,135.20 1 0
server/public/model/data_retention_policy.go:25.75,31.2 1 0
server/public/model/data_retention_policy.go:39.78,45.2 1 0
server/public/model/data_retention_policy.go:101.45,102.16 1 0
server/public/model/data_retention_policy.go:102.16,104.3 1 0
server/public/model/draft.go:30.53,31.54 1 0
server/public/model/draft.go:31.54,34.3 1 0
server/public/model/draft.go:36.2,36.24 1 0
server/public/model/draft.go:39.41,40.21 1 0
server/public/model/draft.go:40.21,42.3 1 0
server/public/model/draft.go:44.2,44.21 1 0
server/public/model/draft.go:44.21,46.3 1 0
server/public/model/draft.go:48.2,48.26 1 0
server/public/model/draft.go:48.26,50.3 1 0
server/public/model/draft.go:52.2,52.29 1 0
server/public/model/draft.go:52.29,54.3 1 0
server/public/model/draft.go:56.2,56.46 1 0
server/public/model/draft.go:56.46,58.3 1 0
server/public/model/draft.go:60.2,60.74 1 0
server/public/model/draft.go:60.74,62.3 1 0
server/public/model/draft.go:64.2,64.85 1 0
server/public/model/draft.go:64.85,66.3 1 0
server/public/model/draft.go:68.2,68.83 1 0
server/public/model/draft.go:68.83,70.3 1 0
server/public/model/draft.go:72.2,72.12 1 0
server/public/model/draft.go:75.49,79.2 3 0
server/public/model/draft.go:81.44,85.2 3 0
server/public/model/draft.go:87.27,88.21 1 0
server/public/model/draft.go:88.21,91.3 2 0
server/public/model/draft.go:91.8,93.3 1 0
server/public/model/draft.go:95.2,96.15 2 0
server/public/model/draft.go:99.29,100.25 1 0
server/public/model/draft.go:100.25,102.3 1 0
server/public/model/draft.go:104.2,104.22 1 0
server/public/model/draft.go:104.22,106.3 1 0
server/public/model/draft.go:109.2,109.47 1 0
server/public/model/emoji.go:28.48,37.2 1 0
server/public/model/emoji.go:39.47,42.2 2 0
server/public/model/emoji.go:44.56,47.2 2 0
server/public/model/emoji.go:49.48,51.39 2 1
server/public/model/emoji.go:51.39,56.3 4 1
server/public/model/emoji.go:58.2,58.24 1 1
server/public/model/emoji.go:63.76,64.65 1 0
server/public/model/emoji.go:64.65,66.3 1 0
server/public/model/emoji.go:68.2,68.14 1 0
server/public/model/emoji.go:71.41,72.26 1 0
server/public/model/emoji.go:72.26,74.3 1 0
server/public/model/emoji.go:76.2,76.25 1 0
server/public/model/emoji.go:76.25,78.3 1 0
server/public/model/emoji.go:80.2,80.25 1 0
server/public/model/emoji.go:80.25,82.3 1 0
server/public/model/emoji.go:84.2,84.31 1 0
server/public/model/emoji.go:84.31,86.3 1 0
server/public/model/emoji.go:88.2,88.37 1 0
server/public/model/emoji.go:91.46,92.96 1 0
server/public/model/emoji.go:92.96,94.3 1 0
server/public/model/emoji.go:95.2,95.29 1 0
server/public/model/emoji.go:95.29,97.3 1 0
server/public/model/emoji.go:99.2,99.12 1 0
server/public/model/emoji.go:102.31,103.20 1 0
server/public/model/emoji.go:103.20,105.3 1 0
server/public/model/emoji.go:107.2,108.33 2 0
server/public/model/feature_flags.go:155.38,216.2 45 0
server/public/model/feature_flags.go:225.66,227.2 1 0
server/public/model/feature_flags.go:235.57,237.2 1 0
server/public/model/feature_flags.go:241.50,245.47 4 0
server/public/model/feature_flags.go:245.47,247.29 2 0
server/public/model/feature_flags.go:247.29,248.12 1 0
server/public/model/feature_flags.go:250.3,251.35 2 0
server/public/model/feature_flags.go:252.21,253.67 1 0
server/public/model/feature_flags.go:254.11,255.49 1 0
server/public/model/feature_flags.go:259.2,259.12 1 0
server/public/model/file_info.go:84.48,97.2 1 0
server/public/model/file_info.go:99.31,100.17 1 0
server/public/model/file_info.go:100.17,102.3 1 0
server/public/model/file_info.go:104.2,104.22 1 0
server/public/model/file_info.go:104.22,106.3 1 0
server/public/model/file_info.go:108.2,108.31 1 0
server/public/model/file_info.go:108.31,110.3 1 0
server/public/model/file_info.go:112.2,112.24 1 0
server/public/model/file_info.go:112.24,114.3 1 0
server/public/model/file_info.go:117.41,118.23 1 0
server/public/model/file_info.go:118.23,120.3 1 0
server/public/model/file_info.go:122.2,122.97 1 0
server/public/model/file_info.go:122.97,124.3 1 0
server/public/model/file_info.go:126.2,126.46 1 0
server/public/model/file_info.go:126.46,128.3 1 0
server/public/model/file_info.go:130.2,130.22 1 0
server/public/model/file_info.go:130.22,132.3 1 0
server/public/model/file_info.go:134.2,134.22 1 0
server/public/model/file_info.go:134.22,136.3 1 0
server/public/model/file_info.go:138.2,138.19 1 0
server/public/model/file_info.go:138.19,140.3 1 0
server/public/model/file_info.go:142.2,142.48 1 0
server/public/model/file_info.go:142.48,144.3 1 0
server/public/model/file_info.go:146.2,146.12 1 0
server/public/model/file_info.go:153.40,154.47 1 0
server/public/model/file_info.go:154.47,156.3 1 0
server/public/model/file_info.go:157.2,157.54 1 0
server/public/model/file_info.go:157.54,159.3 1 0
server/public/model/file_info.go:160.2,160.37 1 0
server/public/model/file_info.go:160.37,162.3 1 0
server/public/model/file_info.go:163.2,163.55 1 0
server/public/model/file_info.go:163.55,165.3 1 0
server/public/model/file_info.go:177.43,178.16 1 0
server/public/model/file_info.go:178.16,180.3 1 0
server/public/model/file_info.go:182.2,183.39 2 0
server/public/model/file_info.go:183.39,184.28 1 0
server/public/model/file_info.go:184.28,186.4 1 0
server/public/model/file_info.go:187.3,187.11 1 0
server/public/model/file_info.go:189.2,192.71 3 0
server/public/model/file_info.go:192.71,194.3 1 0
server/public/model/file_info.go:196.2,196.59 1 0
server/public/model/file_info.go:196.59,198.3 1 0
server/public/model/file_info.go:200.2,200.13 1 0
server/public/model/file_info.go:203.36,205.2 1 0
server/public/model/file_info.go:207.34,209.2 1 0
server/public/model/file_info.go:211.37,219.44 4 0
server/public/model/file_info.go:219.44,222.3 1 0
server/public/model/file_info.go:222.8,224.3 1 0
server/public/model/file_info.go:226.2,226.13 1 0
server/public/model/file_info.go:229.52,230.21 1 0
server/public/model/file_info.go:230.21,232.3 1 0
server/public/model/file_info.go:234.2,236.29 2 0
server/public/model/file_info.go:236.29,237.34 1 0
server/public/model/file_info.go:237.34,239.4 1 0
server/public/model/file_info.go:242.2,242.43 1 0
server/public/model/file_info.go:245.47,246.15 1 0
server/public/model/file_info.go:246.15,248.3 1 0
server/public/model/file_info.go:250.2,256.23 7 0
server/public/model/file_info_list.go:19.38,26.2 1 0
server/public/model/file_info_list.go:28.46,30.29 2 0
server/public/model/file_info_list.go:30.29,32.3 1 0
server/public/model/file_info_list.go:33.2,33.18 1 0
server/public/model/file_info_list.go:36.37,37.20 1 0
server/public/model/file_info_list.go:37.20,39.3 1 0
server/public/model/file_info_list.go:41.2,41.24 1 0
server/public/model/file_info_list.go:41.24,43.3 1 0
server/public/model/file_info_list.go:46.44,47.20 1 0
server/public/model/file_info_list.go:47.20,49.3 1 0
server/public/model/file_info_list.go:51.2,51.31 1 0
server/public/model/file_info_list.go:54.56,55.24 1 0
server/public/model/file_info_list.go:55.24,57.3 1 0
server/public/model/file_info_list.go:59.2,59.37 1 0
server/public/model/file_info_list.go:62.38,65.37 3 0
server/public/model/file_info_list.go:65.37,66.43 1 0
server/public/model/file_info_list.go:66.43,69.4 2 0
server/public/model/file_info_list.go:72.2,72.17 1 0
server/public/model/file_info_list.go:75.52,76.42 1 0
server/public/model/file_info_list.go:76.42,78.3 1 0
server/public/model/file_info_list.go:80.2,80.41 1 0
server/public/model/file_info_list.go:80.41,82.3 1 0
server/public/model/file_info_list.go:84.2,84.17 1 0
server/public/model/file_info_list.go:87.41,88.42 1 0
server/public/model/file_info_list.go:88.42,90.3 1 0
server/public/model/file_info_list.go:93.38,97.32 3 0
server/public/model/file_info_list.go:97.32,98.21 1 0
server/public/model/file_info_list.go:98.21,101.4 2 0
server/public/model/file_info_list.go:101.9,101.42 1 0
server/public/model/file_info_list.go:101.42,104.4 2 0
server/public/model/file_info_list.go:107.2,108.22 2 0
server/public/model/file_info_list.go:108.22,110.3 1 0
server/public/model/file_info_list.go:112.2,112.29 1 0
server/public/model/file_info_search_results.go:13.111,18.2 1 0
server/public/model/github_release.go:20.49,21.15 1 0
server/public/model/github_release.go:21.15,23.3 1 0
server/public/model/github_release.go:25.2,25.12 1 0
server/public/model/group.go:46.48,58.2 1 0
server/public/model/group.go:60.36,74.2 1 0
server/public/model/group.go:81.59,94.2 1 0
server/public/model/group.go:179.61,183.2 1 0
server/public/model/group.go:185.46,186.23 1 0
server/public/model/group.go:186.23,188.3 1 0
server/public/model/group.go:189.2,189.30 1 0
server/public/model/group.go:189.30,191.3 1 0
server/public/model/group.go:192.2,192.30 1 0
server/public/model/group.go:192.30,194.3 1 0
server/public/model/group.go:195.2,195.33 1 0
server/public/model/group.go:195.33,197.3 1 0
server/public/model/group.go:200.50,202.19 2 0
server/public/model/group.go:202.19,204.3 1 0
server/public/model/group.go:206.2,206.74 1 0
server/public/model/group.go:206.74,208.3 1 0
server/public/model/group.go:210.2,210.56 1 0
server/public/model/group.go:210.56,212.3 1 0
server/public/model/group.go:214.2,217.76 2 0
server/public/model/group.go:217.76,219.3 1 0
server/public/model/group.go:221.2,221.20 1 0
server/public/model/group.go:221.20,223.3 1 0
server/public/model/group.go:225.2,225.114 1 0
server/public/model/group.go:225.114,227.3 1 0
server/public/model/group.go:229.2,229.12 1 0
server/public/model/group.go:232.45,234.2 1 0
server/public/model/group.go:236.46,238.2 1 0
server/public/model/group.go:240.53,242.2 1 0
server/public/model/group.go:244.39,246.2 1 0
server/public/model/group.go:248.50,249.26 1 0
server/public/model/group.go:249.26,251.3 1 0
server/public/model/group.go:252.2,252.25 1 0
server/public/model/group.go:252.25,254.3 1 0
server/public/model/group.go:255.2,255.25 1 0
server/public/model/group.go:255.25,257.3 1 0
server/public/model/group.go:258.2,258.55 1 0
server/public/model/group.go:258.55,260.3 1 0
server/public/model/group.go:261.2,261.12 1 0
server/public/model/group.go:266.45,267.23 1 0
server/public/model/group.go:267.23,268.27 1 0
server/public/model/group.go:268.27,270.4 1 0
server/public/model/group.go:271.8,272.62 1 0
server/public/model/group.go:272.62,274.4 1 0
server/public/model/group.go:276.3,276.112 1 0
server/public/model/group.go:276.112,278.4 1 0
server/public/model/group.go:280.3,280.52 1 0
server/public/model/group.go:280.52,282.4 1 0
server/public/model/group.go:284.2,284.12 1 0
server/public/model/group.go:287.38,289.2 1 0
server/public/model/group.go:291.42,293.2 1 0
server/public/model/group.go:295.42,297.2 1 0
server/public/model/group_member.go:15.44,16.28 1 0
server/public/model/group_member.go:16.28,18.3 1 0
server/public/model/group_member.go:19.2,19.27 1 0
server/public/model/group_member.go:19.27,21.3 1 0
server/public/model/group_member.go:22.2,22.12 1 0
server/public/model/group_syncable.go:19.46,21.2 1 0
server/public/model/group_syncable.go:45.59,61.2 1 0
server/public/model/group_syncable.go:63.52,64.34 1 0
server/public/model/group_syncable.go:64.34,66.3 1 0
server/public/model/group_syncable.go:67.2,67.37 1 0
server/public/model/group_syncable.go:67.37,69.3 1 0
server/public/model/group_syncable.go:70.2,70.12 1 0
server/public/model/group_syncable.go:73.62,76.16 3 0
server/public/model/group_syncable.go:76.16,78.3 1 0
server/public/model/group_syncable.go:79.2,81.30 3 0
server/public/model/group_syncable.go:81.30,82.14 1 0
server/public/model/group_syncable.go:83.18,84.27 1 0
server/public/model/group_syncable.go:85.21,86.30 1 0
server/public/model/group_syncable.go:87.19,88.37 1 0
server/public/model/group_syncable.go:89.19,90.35 1 0
server/public/model/group_syncable.go:91.11,91.11 0 0
server/public/model/group_syncable.go:94.2,94.21 1 0
server/public/model/group_syncable.go:94.21,98.3 3 0
server/public/model/group_syncable.go:98.8,101.3 2 0
server/public/model/group_syncable.go:102.2,102.12 1 0
server/public/model/group_syncable.go:105.62,107.23 2 0
server/public/model/group_syncable.go:108.29,121.5 1 0
server/public/model/group_syncable.go:122.32,145.5 1 0
server/public/model/group_syncable.go:146.10,147.69 1 0
server/public/model/group_syncable.go:156.64,161.2 1 0
server/public/model/group_syncable.go:163.65,164.26 1 0
server/public/model/group_syncable.go:164.26,166.3 1 0
server/public/model/group_syncable.go:167.2,167.30 1 0
server/public/model/group_syncable.go:167.30,169.3 1 0
server/public/model/group_syncable.go:182.72,189.2 1 0
server/public/model/group_syncable.go:191.78,198.2 1 0
server/public/model/guest_invite.go:16.51,21.2 1 0
server/public/model/guest_invite.go:25.44,26.24 1 0
server/public/model/guest_invite.go:26.24,28.3 1 0
server/public/model/guest_invite.go:30.2,30.33 1 0
server/public/model/guest_invite.go:30.33,31.77 1 0
server/public/model/guest_invite.go:31.77,33.4 1 0
server/public/model/guest_invite.go:36.2,36.26 1 0
server/public/model/guest_invite.go:36.26,38.3 1 0
server/public/model/guest_invite.go:40.2,40.37 1 0
server/public/model/guest_invite.go:40.37,41.25 1 0
server/public/model/guest_invite.go:41.25,43.4 1 0
server/public/model/guest_invite.go:45.2,45.12 1 0
server/public/model/incoming_webhook.go:34.54,50.2 1 0
server/public/model/incoming_webhook.go:70.47,71.22 1 0
server/public/model/incoming_webhook.go:71.22,73.3 1 0
server/public/model/incoming_webhook.go:75.2,75.21 1 0
server/public/model/incoming_webhook.go:75.21,77.3 1 0
server/public/model/incoming_webhook.go:79.2,79.21 1 0
server/public/model/incoming_webhook.go:79.21,81.3 1 0
server/public/model/incoming_webhook.go:83.2,83.26 1 0
server/public/model/incoming_webhook.go:83.26,85.3 1 0
server/public/model/incoming_webhook.go:87.2,87.29 1 0
server/public/model/incoming_webhook.go:87.29,89.3 1 0
server/public/model/incoming_webhook.go:91.2,91.26 1 0
server/public/model/incoming_webhook.go:91.26,93.3 1 0
server/public/model/incoming_webhook.go:95.2,95.29 1 0
server/public/model/incoming_webhook.go:95.29,97.3 1 0
server/public/model/incoming_webhook.go:99.2,99.30 1 0
server/public/model/incoming_webhook.go:99.30,101.3 1 0
server/public/model/incoming_webhook.go:103.2,103.26 1 0
server/public/model/incoming_webhook.go:103.26,105.3 1 0
server/public/model/incoming_webhook.go:107.2,107.27 1 0
server/public/model/incoming_webhook.go:107.27,109.3 1 0
server/public/model/incoming_webhook.go:111.2,111.12 1 0
server/public/model/incoming_webhook.go:114.37,115.16 1 0
server/public/model/incoming_webhook.go:115.16,117.3 1 0
server/public/model/incoming_webhook.go:119.2,120.25 2 0
server/public/model/incoming_webhook.go:123.39,125.2 1 0
server/public/model/incoming_webhook.go:154.54,169.32 4 0
server/public/model/incoming_webhook.go:169.32,170.38 1 0
server/public/model/incoming_webhook.go:170.38,172.4 1 0
server/public/model/incoming_webhook.go:173.3,173.38 1 0
server/public/model/incoming_webhook.go:173.38,175.4 1 0
server/public/model/incoming_webhook.go:177.3,177.11 1 0
server/public/model/incoming_webhook.go:180.2,180.36 1 0
server/public/model/incoming_webhook.go:183.79,187.16 4 0
server/public/model/incoming_webhook.go:187.16,189.3 1 0
server/public/model/incoming_webhook.go:190.2,190.17 1 0
server/public/model/incoming_webhook.go:193.90,201.16 5 0
server/public/model/incoming_webhook.go:201.16,203.17 2 0
server/public/model/incoming_webhook.go:203.17,205.4 1 0
server/public/model/incoming_webhook.go:208.2,210.15 2 0
server/public/model/integration_action.go:130.38,133.18 2 0
server/public/model/integration_action.go:133.18,135.3 1 0
server/public/model/integration_action.go:137.2,137.19 1 0
server/public/model/integration_action.go:137.19,140.84 2 0
server/public/model/integration_action.go:140.84,142.4 1 0
server/public/model/integration_action.go:145.2,145.16 1 0
server/public/model/integration_action.go:146.28,147.25 1 0
server/public/model/integration_action.go:147.25,149.4 1 0
server/public/model/integration_action.go:150.3,150.25 1 0
server/public/model/integration_action.go:150.25,152.4 1 0
server/public/model/integration_action.go:153.28,154.25 1 0
server/public/model/integration_action.go:154.25,156.52 2 0
server/public/model/integration_action.go:156.52,158.5 1 0
server/public/model/integration_action.go:160.4,160.26 1 0
server/public/model/integration_action.go:160.26,162.5 1 0
server/public/model/integration_action.go:163.9,164.27 1 0
server/public/model/integration_action.go:164.27,166.5 1 0
server/public/model/integration_action.go:166.10,167.35 1 0
server/public/model/integration_action.go:167.35,168.20 1 0
server/public/model/integration_action.go:168.20,170.15 2 0
server/public/model/integration_action.go:172.6,172.42 1 0
server/public/model/integration_action.go:172.42,174.7 1 0
server/public/model/integration_action.go:178.10,179.142 1 0
server/public/model/integration_action.go:182.2,182.26 1 0
server/public/model/integration_action.go:182.26,184.3 1 0
server/public/model/integration_action.go:184.8,185.30 1 0
server/public/model/integration_action.go:185.30,187.4 1 0
server/public/model/integration_action.go:188.3,188.148 1 0
server/public/model/integration_action.go:188.148,190.4 1 0
server/public/model/integration_action.go:193.2,193.30 1 0
server/public/model/integration_action.go:196.53,197.22 1 0
server/public/model/integration_action.go:197.22,199.3 1 0
server/public/model/integration_action.go:201.2,201.26 1 0
server/public/model/integration_action.go:201.26,203.3 1 0
server/public/model/integration_action.go:205.2,205.26 1 0
server/public/model/integration_action.go:205.26,207.3 1 0
server/public/model/integration_action.go:209.2,209.38 1 0
server/public/model/integration_action.go:209.38,211.3 1 0
server/public/model/integration_action.go:213.2,213.44 1 0
server/public/model/integration_action.go:213.44,215.3 1 0
server/public/model/integration_action.go:217.2,217.30 1 0
server/public/model/integration_action.go:217.30,219.3 1 0
server/public/model/integration_action.go:222.2,222.42 1 0
server/public/model/integration_action.go:222.42,224.3 1 0
server/public/model/integration_action.go:226.2,226.27 1 0
server/public/model/integration_action.go:226.27,227.49 1 0
server/public/model/integration_action.go:227.49,229.4 1 0
server/public/model/integration_action.go:231.3,231.51 1 0
server/public/model/integration_action.go:231.51,233.4 1 0
server/public/model/integration_action.go:240.2,240.30 1 0
server/public/model/integration_action.go:240.30,242.3 1 0
server/public/model/integration_action.go:245.2,245.26 1 0
server/public/model/integration_action.go:245.26,247.3 1 0
server/public/model/integration_action.go:250.2,250.48 1 0
server/public/model/integration_action.go:250.48,252.3 1 0
server/public/model/integration_action.go:254.2,254.66 1 0
server/public/model/integration_action.go:254.66,256.3 1 0
server/public/model/integration_action.go:258.2,258.48 1 0
server/public/model/integration_action.go:258.48,260.10 2 0
server/public/model/integration_action.go:260.10,262.4 1 0
server/public/model/integration_action.go:264.3,264.28 1 0
server/public/model/integration_action.go:265.35,266.27 1 0
server/public/model/integration_action.go:266.27,268.5 1 0
server/public/model/integration_action.go:269.11,270.45 1 0
server/public/model/integration_action.go:270.45,272.5 1 0
server/public/model/integration_action.go:276.2,276.13 1 0
server/public/model/integration_action.go:300.45,303.18 2 0
server/public/model/integration_action.go:303.18,305.3 1 0
server/public/model/integration_action.go:306.2,306.19 1 0
server/public/model/integration_action.go:306.19,308.3 1 0
server/public/model/integration_action.go:310.2,310.30 1 0
server/public/model/integration_action.go:407.72,413.29 2 0
server/public/model/integration_action.go:413.29,414.37 1 0
server/public/model/integration_action.go:414.37,416.4 1 0
server/public/model/integration_action.go:417.3,417.37 1 0
server/public/model/integration_action.go:417.37,419.4 1 0
server/public/model/integration_action.go:420.3,420.41 1 0
server/public/model/integration_action.go:420.41,422.4 1 0
server/public/model/integration_action.go:423.3,427.98 2 0
server/public/model/integration_action.go:429.2,429.12 1 0
server/public/model/integration_action.go:466.48,468.40 1 0
server/public/model/integration_action.go:468.40,470.3 1 0
server/public/model/integration_action.go:473.2,473.42 1 0
server/public/model/integration_action.go:474.99,476.20 1 0
server/public/model/integration_action.go:476.20,478.4 1 0
server/public/model/integration_action.go:479.36,481.20 1 0
server/public/model/integration_action.go:481.20,483.4 1 0
server/public/model/integration_action.go:484.3,484.42 1 0
server/public/model/integration_action.go:484.42,486.4 1 0
server/public/model/integration_action.go:487.10,488.93 1 0
server/public/model/integration_action.go:491.2,491.12 1 0
server/public/model/integration_action.go:507.117,508.15 1 0
server/public/model/integration_action.go:508.15,509.31 1 0
server/public/model/integration_action.go:509.31,512.4 2 0
server/public/model/integration_action.go:515.2,515.42 1 0
server/public/model/integration_action.go:518.84,526.16 7 0
server/public/model/integration_action.go:526.16,528.3 1 0
server/public/model/integration_action.go:530.2,533.40 3 0
server/public/model/integration_action.go:536.103,538.19 2 0
server/public/model/integration_action.go:538.19,540.3 1 0
server/public/model/integration_action.go:542.2,543.40 2 0
server/public/model/integration_action.go:546.121,548.16 2 0
server/public/model/integration_action.go:548.16,550.3 1 0
server/public/model/integration_action.go:552.2,553.21 2 0
server/public/model/integration_action.go:553.21,555.3 1 0
server/public/model/integration_action.go:557.2,562.53 5 0
server/public/model/integration_action.go:562.53,564.3 1 0
server/public/model/integration_action.go:566.2,567.16 2 0
server/public/model/integration_action.go:567.16,569.3 1 0
server/public/model/integration_action.go:571.2,575.60 2 0
server/public/model/integration_action.go:575.60,577.3 1 0
server/public/model/integration_action.go:579.2,585.63 5 0
server/public/model/integration_action.go:585.63,587.3 1 0
server/public/model/integration_action.go:589.2,589.37 1 0
server/public/model/integration_action.go:592.126,594.2 1 0
server/public/model/integration_action.go:596.45,598.17 2 0
server/public/model/integration_action.go:598.17,600.3 1 0
server/public/model/integration_action.go:602.2,602.23 1 0
server/public/model/integration_action.go:602.23,604.3 1 0
server/public/model/integration_action.go:606.2,607.16 2 0
server/public/model/integration_action.go:607.16,609.3 1 0
server/public/model/integration_action.go:611.2,611.30 1 0
server/public/model/integration_action.go:614.34,617.58 2 0
server/public/model/integration_action.go:617.58,619.3 1 0
server/public/model/integration_action.go:621.2,621.51 1 0
server/public/model/integration_action.go:621.51,623.3 1 0
server/public/model/integration_action.go:625.2,625.26 1 0
server/public/model/integration_action.go:625.26,628.38 2 0
server/public/model/integration_action.go:628.38,629.32 1 0
server/public/model/integration_action.go:629.32,631.5 1 0
server/public/model/integration_action.go:632.4,635.18 3 0
server/public/model/integration_action.go:635.18,637.5 1 0
server/public/model/integration_action.go:640.2,640.30 1 0
server/public/model/integration_action.go:643.41,655.21 3 0
server/public/model/integration_action.go:655.21,657.3 1 0
server/public/model/integration_action.go:658.2,658.31 1 0
server/public/model/integration_action.go:658.31,660.3 1 0
server/public/model/integration_action.go:662.2,666.41 4 0
server/public/model/integration_action.go:666.41,668.3 1 0
server/public/model/integration_action.go:670.2,670.16 1 0
server/public/model/integration_action.go:671.14,674.44 3 0
server/public/model/integration_action.go:674.44,676.4 1 0
server/public/model/integration_action.go:678.18,682.44 3 0
server/public/model/integration_action.go:682.44,684.4 1 0
server/public/model/integration_action.go:686.16,689.111 3 0
server/public/model/integration_action.go:689.111,691.4 1 0
server/public/model/integration_action.go:692.3,692.32 1 0
server/public/model/integration_action.go:692.32,694.29 1 0
server/public/model/integration_action.go:694.29,696.5 1 0
server/public/model/integration_action.go:696.10,696.49 1 0
server/public/model/integration_action.go:696.49,698.5 1 0
server/public/model/integration_action.go:700.4,700.26 1 0
server/public/model/integration_action.go:700.26,702.5 1 0
server/public/model/integration_action.go:703.9,703.32 1 0
server/public/model/integration_action.go:703.32,704.21 1 0
server/public/model/integration_action.go:704.21,705.61 1 0
server/public/model/integration_action.go:705.61,707.6 1 0
server/public/model/integration_action.go:708.10,708.56 1 0
server/public/model/integration_action.go:708.56,710.5 1 0
server/public/model/integration_action.go:713.14,714.69 1 0
server/public/model/integration_action.go:714.69,716.4 1 0
server/public/model/integration_action.go:717.3,717.115 1 0
server/public/model/integration_action.go:719.15,720.48 1 0
server/public/model/integration_action.go:720.48,722.4 1 0
server/public/model/integration_action.go:724.14,730.74 6 0
server/public/model/integration_action.go:732.18,741.24 8 0
server/public/model/integration_action.go:741.24,742.47 1 0
server/public/model/integration_action.go:742.47,744.5 1 0
server/public/model/integration_action.go:744.10,744.37 1 0
server/public/model/integration_action.go:744.37,746.5 1 0
server/public/model/integration_action.go:749.10,750.92 1 0
server/public/model/integration_action.go:753.2,753.30 1 0
server/public/model/integration_action.go:756.81,757.24 1 0
server/public/model/integration_action.go:757.24,759.3 1 0
server/public/model/integration_action.go:761.2,761.33 1 0
server/public/model/integration_action.go:761.33,762.52 1 0
server/public/model/integration_action.go:762.52,764.4 1 0
server/public/model/integration_action.go:767.2,767.14 1 0
server/public/model/integration_action.go:770.92,771.24 1 0
server/public/model/integration_action.go:771.24,773.3 1 0
server/public/model/integration_action.go:775.2,775.86 1 0
server/public/model/integration_action.go:775.86,776.18 1 0
server/public/model/integration_action.go:776.18,777.12 1 0
server/public/model/integration_action.go:779.3,780.34 2 0
server/public/model/integration_action.go:780.34,781.46 1 0
server/public/model/integration_action.go:781.46,783.10 2 0
server/public/model/integration_action.go:786.3,786.13 1 0
server/public/model/integration_action.go:786.13,788.4 1 0
server/public/model/integration_action.go:791.2,791.13 1 0
server/public/model/integration_action.go:796.49,797.78 1 0
server/public/model/integration_action.go:797.78,799.3 1 0
server/public/model/integration_action.go:801.2,802.53 2 0
server/public/model/integration_action.go:802.53,804.3 1 0
server/public/model/integration_action.go:806.2,808.19 3 0
server/public/model/integration_action.go:812.47,815.2 2 0
server/public/model/integration_action.go:818.47,819.19 1 0
server/public/model/integration_action.go:819.19,821.3 1 0
server/public/model/integration_action.go:823.2,823.36 1 0
server/public/model/integration_action.go:823.36,825.3 1 0
server/public/model/integration_action.go:826.2,826.62 1 0
server/public/model/integration_action.go:826.62,828.3 1 0
server/public/model/integration_action.go:830.2,830.47 1 0
server/public/model/integration_action.go:830.47,831.65 1 0
server/public/model/integration_action.go:831.65,834.4 2 0
server/public/model/integration_action.go:837.2,837.126 1 0
server/public/model/integration_action.go:841.55,842.61 1 0
server/public/model/integration_action.go:842.61,844.3 1 0
server/public/model/integration_action.go:846.2,846.47 1 0
server/public/model/integration_action.go:846.47,847.60 1 0
server/public/model/integration_action.go:847.60,849.4 1 0
server/public/model/integration_action.go:852.2,852.126 1 0
server/public/model/integration_action.go:855.55,857.20 2 0
server/public/model/integration_action.go:857.20,859.3 1 0
server/public/model/integration_action.go:860.2,861.24 2 0
server/public/model/integration_action.go:861.24,863.3 1 0
server/public/model/integration_action.go:864.2,864.150 1 0
server/public/model/integration_action.go:867.74,869.55 1 0
server/public/model/integration_action.go:869.55,870.22 1 0
server/public/model/integration_action.go:870.22,872.4 1 0
server/public/model/integration_action.go:875.2,875.28 1 0
server/public/model/integration_action.go:875.28,877.3 1 0
server/public/model/integration_action.go:879.2,879.12 1 0
server/public/model/integration_action.go:882.42,884.44 2 0
server/public/model/integration_action.go:884.44,886.3 1 0
server/public/model/integration_action.go:887.2,887.41 1 0
server/public/model/integration_action.go:887.41,888.45 1 0
server/public/model/integration_action.go:888.45,890.4 1 0
server/public/model/integration_action.go:892.2,892.32 1 0
server/public/model/integration_action.go:895.49,896.45 1 0
server/public/model/integration_action.go:896.45,897.45 1 0
server/public/model/integration_action.go:897.45,898.40 1 0
server/public/model/integration_action.go:898.40,900.5 1 0
server/public/model/integration_action.go:903.2,903.115 1 0
server/public/model/integration_action.go:903.115,911.26 2 0
server/public/model/integration_action.go:911.26,913.18 2 0
server/public/model/integration_action.go:913.18,921.5 1 0
server/public/model/integration_action.go:922.4,922.16 1 0
server/public/model/integration_action.go:924.3,931.4 1 0
server/public/model/integration_action.go:933.2,933.12 1 0
server/public/model/integration_action.go:941.45,943.16 2 0
server/public/model/integration_action.go:943.16,945.3 1 0
server/public/model/integration_action.go:946.2,947.9 2 0
server/public/model/integration_action.go:947.9,949.3 1 0
server/public/model/integration_action.go:950.2,950.46 1 0
server/public/model/integration_action.go:950.46,952.3 1 0
server/public/model/integration_action.go:953.2,953.34 1 0
server/public/model/integration_action.go:953.34,954.44 1 0
server/public/model/integration_action.go:954.44,956.4 1 0
server/public/model/integration_action.go:957.3,957.46 1 0
server/public/model/integration_action.go:957.46,959.4 1 0
server/public/model/integration_action.go:960.3,961.10 2 0
server/public/model/integration_action.go:961.10,963.4 1 0
server/public/model/integration_action.go:964.3,965.18 2 0
server/public/model/integration_action.go:965.18,967.4 1 0
server/public/model/integration_action.go:968.3,968.46 1 0
server/public/model/integration_action.go:968.46,969.59 1 0
server/public/model/integration_action.go:969.59,971.5 1 0
server/public/model/integration_action.go:975.4,975.58 1 0
server/public/model/integration_action.go:975.58,977.5 1 0
server/public/model/integration_action.go:982.4,982.49 1 0
server/public/model/integration_action.go:982.49,984.5 1 0
server/public/model/integration_action.go:985.4,985.32 1 0
server/public/model/integration_action.go:985.32,986.41 1 0
server/public/model/integration_action.go:986.41,988.6 1 0
server/public/model/integration_action.go:992.2,992.12 1 0
server/public/model/integration_action.go:998.53,999.36 1 0
server/public/model/integration_action.go:999.36,1001.3 1 0
server/public/model/integration_action.go:1002.2,1002.28 1 0
server/public/model/integration_action.go:1002.28,1003.41 1 0
server/public/model/integration_action.go:1003.41,1005.4 1 0
server/public/model/integration_action.go:1006.3,1006.45 1 0
server/public/model/integration_action.go:1006.45,1008.4 1 0
server/public/model/integration_action.go:1010.2,1010.12 1 0
server/public/model/integration_action.go:1013.50,1014.18 1 0
server/public/model/integration_action.go:1014.18,1016.3 1 0
server/public/model/integration_action.go:1017.2,1017.114 1 0
server/public/model/integration_action.go:1017.114,1019.3 1 0
server/public/model/integration_action.go:1027.2,1028.21 2 0
server/public/model/integration_action.go:1028.21,1030.3 1 0
server/public/model/integration_action.go:1031.2,1031.74 1 0
server/public/model/integration_action.go:1031.74,1033.3 1 0
server/public/model/integration_action.go:1034.2,1034.12 1 0
server/public/model/integration_action.go:1037.36,1038.44 1 0
server/public/model/integration_action.go:1038.44,1040.3 1 0
server/public/model/integration_action.go:1041.2,1041.83 1 0
server/public/model/integration_action.go:1041.83,1042.42 1 0
server/public/model/integration_action.go:1042.42,1043.46 1 0
server/public/model/integration_action.go:1043.46,1044.41 1 0
server/public/model/integration_action.go:1044.41,1046.6 1 0
server/public/model/integration_action.go:1052.57,1058.47 4 0
server/public/model/integration_action.go:1058.47,1060.9 2 0
server/public/model/integration_action.go:1060.9,1062.4 1 0
server/public/model/integration_action.go:1062.9,1064.4 1 0
server/public/model/integration_action.go:1067.2,1068.41 2 0
server/public/model/integration_action.go:1068.41,1069.45 1 0
server/public/model/integration_action.go:1069.45,1080.22 3 0
server/public/model/integration_action.go:1080.22,1082.5 1 0
server/public/model/integration_action.go:1082.10,1084.5 1 0
server/public/model/integration_action.go:1086.4,1087.65 2 0
server/public/model/integration_action.go:1091.2,1091.10 1 0
server/public/model/integration_action.go:1094.75,1095.22 1 0
server/public/model/integration_action.go:1095.22,1097.3 1 0
server/public/model/integration_action.go:1099.2,1100.16 2 0
server/public/model/integration_action.go:1100.16,1102.3 1 0
server/public/model/integration_action.go:1104.2,1105.16 2 0
server/public/model/integration_action.go:1105.16,1107.3 1 0
server/public/model/integration_action.go:1109.2,1111.16 3 0
server/public/model/integration_action.go:1111.16,1113.3 1 0
server/public/model/integration_action.go:1115.2,1121.29 5 0
server/public/model/integration_action.go:1124.77,1125.22 1 0
server/public/model/integration_action.go:1125.22,1127.3 1 0
server/public/model/integration_action.go:1129.2,1130.16 2 0
server/public/model/integration_action.go:1130.16,1132.3 1 0
server/public/model/integration_action.go:1134.2,1135.16 2 0
server/public/model/integration_action.go:1135.16,1137.3 1 0
server/public/model/integration_action.go:1139.2,1141.16 3 0
server/public/model/integration_action.go:1141.16,1143.3 1 0
server/public/model/integration_action.go:1144.2,1147.30 3 0
server/public/model/integration_action.go:1147.30,1149.3 1 0
server/public/model/integration_action.go:1151.2,1153.16 3 0
server/public/model/integration_action.go:1153.16,1155.3 1 0
server/public/model/integration_action.go:1157.2,1157.27 1 0
server/public/model/integration_action.go:1161.40,1162.15 1 0
server/public/model/integration_action.go:1162.15,1164.3 1 0
server/public/model/integration_action.go:1167.2,1167.41 1 0
server/public/model/integration_action.go:1167.41,1169.65 1 0
server/public/model/integration_action.go:1169.65,1171.4 1 0
server/public/model/integration_action.go:1172.3,1172.14 1 0
server/public/model/integration_action.go:1176.2,1176.28 1 0
server/public/model/integrity.go:29.62,31.49 2 0
server/public/model/integrity.go:31.49,33.3 1 0
server/public/model/integrity.go:34.2,34.43 1 0
server/public/model/integrity.go:34.43,41.48 7 0
server/public/model/integrity.go:41.48,44.41 3 0
server/public/model/integrity.go:44.41,46.5 1 0
server/public/model/integrity.go:47.4,47.40 1 0
server/public/model/integrity.go:47.40,49.5 1 0
server/public/model/integrity.go:50.4,50.49 1 0
server/public/model/integrity.go:52.3,52.17 1 0
server/public/model/integrity.go:54.2,54.46 1 0
server/public/model/integrity.go:54.46,56.3 1 0
server/public/model/integrity.go:57.2,57.12 1 0
server/public/model/ip_filtering.go:12.56,16.2 1 0
server/public/model/job.go:99.42,111.2 1 0
server/public/model/job.go:113.42,135.2 1 0
server/public/model/job.go:137.62,151.16 3 0
server/public/model/job.go:151.16,153.3 1 0
server/public/model/job.go:155.2,156.16 2 0
server/public/model/job.go:156.16,158.3 1 0
server/public/model/job.go:159.2,160.16 2 0
server/public/model/job.go:160.16,162.3 1 0
server/public/model/job.go:163.2,164.16 2 0
server/public/model/job.go:164.16,166.3 1 0
server/public/model/job.go:168.2,179.12 2 0
server/public/model/job.go:182.35,183.22 1 0
server/public/model/job.go:183.22,185.3 1 0
server/public/model/job.go:187.2,187.21 1 0
server/public/model/job.go:187.21,189.3 1 0
server/public/model/job.go:191.2,192.18 2 0
server/public/model/job.go:192.18,194.3 1 0
server/public/model/job.go:196.2,196.12 1 0
server/public/model/job.go:199.58,202.23 2 0
server/public/model/job.go:203.27,204.80 1 0
server/public/model/job.go:205.24,206.47 1 0
server/public/model/job.go:207.32,208.40 1 0
server/public/model/job.go:211.2,211.14 1 0
server/public/model/job.go:214.43,215.16 1 0
server/public/model/job.go:222.21,222.21 0 0
server/public/model/job.go:223.10,224.15 1 0
server/public/model/job.go:227.2,227.13 1 0
server/public/model/job.go:230.42,231.32 1 0
server/public/model/job.go:231.32,232.19 1 0
server/public/model/job.go:232.19,234.4 1 0
server/public/model/job.go:237.2,237.14 1 0
server/public/model/job.go:240.30,242.2 1 0
server/public/model/ldap.go:22.48,23.11 1 0
server/public/model/ldap.go:24.110,25.14 1 0
server/public/model/ldap.go:26.10,27.15 1 0
server/public/model/license.go:92.44,94.2 1 0
server/public/model/license.go:121.49,123.2 1 0
server/public/model/license.go:125.48,126.24 1 0
server/public/model/license.go:126.24,128.3 1 0
server/public/model/license.go:130.2,130.21 1 0
server/public/model/license.go:130.21,132.3 1 0
server/public/model/license.go:134.2,134.20 1 0
server/public/model/license.go:134.20,136.3 1 0
server/public/model/license.go:138.2,138.30 1 0
server/public/model/license.go:138.30,140.3 1 0
server/public/model/license.go:142.2,142.27 1 0
server/public/model/license.go:142.27,144.3 1 0
server/public/model/license.go:146.2,146.27 1 0
server/public/model/license.go:146.27,148.3 1 0
server/public/model/license.go:150.2,150.27 1 0
server/public/model/license.go:150.27,152.3 1 0
server/public/model/license.go:154.2,154.13 1 0
server/public/model/license.go:194.43,224.2 1 0
server/public/model/license.go:226.34,227.29 1 0
server/public/model/license.go:227.29,229.3 1 0
server/public/model/license.go:231.2,231.20 1 0
server/public/model/license.go:231.20,233.3 1 0
server/public/model/license.go:235.2,235.19 1 0
server/public/model/license.go:235.19,237.3 1 0
server/public/model/license.go:239.2,239.25 1 0
server/public/model/license.go:239.25,241.3 1 0
server/public/model/license.go:243.2,243.18 1 0
server/public/model/license.go:243.18,245.3 1 0
server/public/model/license.go:247.2,247.26 1 0
server/public/model/license.go:247.26,249.3 1 0
server/public/model/license.go:251.2,251.29 1 0
server/public/model/license.go:251.29,253.3 1 0
server/public/model/license.go:255.2,255.21 1 0
server/public/model/license.go:255.21,257.3 1 0
server/public/model/license.go:259.2,259.25 1 0
server/public/model/license.go:259.25,261.3 1 0
server/public/model/license.go:263.2,263.22 1 0
server/public/model/license.go:263.22,265.3 1 0
server/public/model/license.go:267.2,267.22 1 0
server/public/model/license.go:267.22,269.3 1 0
server/public/model/license.go:271.2,271.20 1 0
server/public/model/license.go:271.20,273.3 1 0
server/public/model/license.go:275.2,275.19 1 0
server/public/model/license.go:275.19,277.3 1 0
server/public/model/license.go:279.2,279.28 1 0
server/public/model/license.go:279.28,281.3 1 0
server/public/model/license.go:283.2,283.27 1 0
server/public/model/license.go:283.27,285.3 1 0
server/public/model/license.go:287.2,287.30 1 0
server/public/model/license.go:287.30,289.3 1 0
server/public/model/license.go:291.2,291.40 1 0
server/public/model/license.go:291.40,293.3 1 0
server/public/model/license.go:295.2,295.28 1 0
server/public/model/license.go:295.28,297.3 1 0
server/public/model/license.go:299.2,299.28 1 0
server/public/model/license.go:299.28,301.3 1 0
server/public/model/license.go:303.2,303.39 1 0
server/public/model/license.go:303.39,305.3 1 0
server/public/model/license.go:307.2,307.28 1 0
server/public/model/license.go:307.28,309.3 1 0
server/public/model/license.go:311.2,311.39 1 0
server/public/model/license.go:311.39,313.3 1 0
server/public/model/license.go:315.2,315.35 1 0
server/public/model/license.go:315.35,317.3 1 0
server/public/model/license.go:319.2,319.40 1 0
server/public/model/license.go:319.40,321.3 1 0
server/public/model/license.go:323.2,323.38 1 0
server/public/model/license.go:323.38,325.3 1 0
server/public/model/license.go:327.2,327.32 1 0
server/public/model/license.go:327.32,329.3 1 0
server/public/model/license.go:331.2,331.30 1 0
server/public/model/license.go:331.30,333.3 1 0
server/public/model/license.go:335.2,335.20 1 0
server/public/model/license.go:335.20,337.3 1 0
server/public/model/license.go:339.2,339.29 1 0
server/public/model/license.go:339.29,341.3 1 0
server/public/model/license.go:343.2,343.35 1 0
server/public/model/license.go:343.35,345.3 1 0
server/public/model/license.go:347.2,347.39 1 0
server/public/model/license.go:347.39,349.3 1 0
server/public/model/license.go:352.36,354.2 1 0
server/public/model/license.go:356.44,359.2 2 0
server/public/model/license.go:361.51,364.2 2 0
server/public/model/license.go:366.42,371.2 4 0
server/public/model/license.go:373.36,375.2 1 0
server/public/model/license.go:378.41,380.2 1 0
server/public/model/license.go:382.34,384.2 1 0
server/public/model/license.go:386.41,388.2 1 0
server/public/model/license.go:390.44,395.2 2 0
server/public/model/license.go:397.58,401.2 1 0
server/public/model/license.go:403.50,404.14 1 0
server/public/model/license.go:404.14,406.3 1 0
server/public/model/license.go:409.2,409.27 1 0
server/public/model/license.go:409.27,411.3 1 0
server/public/model/license.go:413.2,414.32 1 0
server/public/model/license.go:417.44,418.14 1 0
server/public/model/license.go:418.14,420.3 1 0
server/public/model/license.go:422.2,423.32 1 0
server/public/model/license.go:427.50,441.35 4 0
server/public/model/license.go:441.35,443.3 1 0
server/public/model/license.go:444.2,447.12 3 0
server/public/model/license.go:451.67,460.35 4 0
server/public/model/license.go:460.35,462.3 1 0
server/public/model/license.go:463.2,466.12 3 0
server/public/model/license.go:469.74,473.2 3 0
server/public/model/license.go:475.46,476.23 1 0
server/public/model/license.go:476.23,478.3 1 0
server/public/model/license.go:480.2,480.22 1 0
server/public/model/license.go:480.22,482.3 1 0
server/public/model/license.go:484.2,484.45 1 0
server/public/model/license.go:484.45,486.3 1 0
server/public/model/license.go:488.2,488.12 1 0
server/public/model/license.go:491.36,493.2 1 0
server/public/model/license.go:497.56,499.2 1 0
server/public/model/license.go:503.54,505.2 1 0
server/public/model/license.go:508.62,510.2 1 0
server/public/model/link_metadata.go:50.43,51.44 1 0
server/public/model/link_metadata.go:51.44,53.3 1 0
server/public/model/link_metadata.go:54.2,54.17 1 0
server/public/model/link_metadata.go:57.72,58.19 1 0
server/public/model/link_metadata.go:58.19,60.3 1 0
server/public/model/link_metadata.go:61.2,62.27 2 0
server/public/model/link_metadata.go:62.27,64.3 1 0
server/public/model/link_metadata.go:65.2,65.15 1 0
server/public/model/link_metadata.go:71.74,72.19 1 0
server/public/model/link_metadata.go:72.19,86.3 13 0
server/public/model/link_metadata.go:87.2,87.15 1 0
server/public/model/link_metadata.go:91.60,92.22 1 0
server/public/model/link_metadata.go:92.22,94.3 1 0
server/public/model/link_metadata.go:96.2,97.29 2 0
server/public/model/link_metadata.go:97.29,98.17 1 0
server/public/model/link_metadata.go:98.17,99.12 1 0
server/public/model/link_metadata.go:102.3,102.61 1 0
server/public/model/link_metadata.go:102.61,103.12 1 0
server/public/model/link_metadata.go:106.3,106.51 1 0
server/public/model/link_metadata.go:106.51,107.12 1 0
server/public/model/link_metadata.go:109.3,109.35 1 0
server/public/model/link_metadata.go:111.2,111.17 1 0
server/public/model/link_metadata.go:114.42,115.20 1 0
server/public/model/link_metadata.go:115.20,117.3 1 0
server/public/model/link_metadata.go:118.2,119.16 2 0
server/public/model/link_metadata.go:119.16,121.3 1 0
server/public/model/link_metadata.go:122.2,123.76 2 0
server/public/model/link_metadata.go:126.34,128.2 1 0
server/public/model/link_metadata.go:130.44,131.17 1 0
server/public/model/link_metadata.go:131.17,133.3 1 0
server/public/model/link_metadata.go:135.2,135.43 1 0
server/public/model/link_metadata.go:135.43,137.3 1 0
server/public/model/link_metadata.go:139.2,139.62 1 0
server/public/model/link_metadata.go:139.62,141.3 1 0
server/public/model/link_metadata.go:143.2,143.16 1 0
server/public/model/link_metadata.go:144.29,145.20 1 0
server/public/model/link_metadata.go:145.20,147.4 1 0
server/public/model/link_metadata.go:149.3,149.40 1 0
server/public/model/link_metadata.go:149.40,151.4 1 0
server/public/model/link_metadata.go:152.28,153.20 1 0
server/public/model/link_metadata.go:153.20,155.4 1 0
server/public/model/link_metadata.go:156.33,157.20 1 0
server/public/model/link_metadata.go:157.20,159.4 1 0
server/public/model/link_metadata.go:161.3,161.50 1 0
server/public/model/link_metadata.go:161.50,163.4 1 0
server/public/model/link_metadata.go:164.10,165.124 1 0
server/public/model/link_metadata.go:168.2,168.12 1 0
server/public/model/link_metadata.go:173.62,175.28 2 0
server/public/model/link_metadata.go:176.14,177.8 1 0
server/public/model/link_metadata.go:178.14,179.16 1 0
server/public/model/link_metadata.go:182.2,182.14 1 0
server/public/model/link_metadata.go:182.14,185.3 1 0
server/public/model/link_metadata.go:187.2,190.16 3 0
server/public/model/link_metadata.go:191.29,196.15 3 0
server/public/model/link_metadata.go:197.33,202.12 3 0
server/public/model/link_metadata.go:205.2,205.16 1 0
server/public/model/link_metadata.go:205.16,207.3 1 0
server/public/model/link_metadata.go:209.2,211.12 2 0
server/public/model/link_metadata.go:215.41,219.2 2 0
server/public/model/link_metadata.go:222.44,224.2 1 0
server/public/model/link_metadata.go:227.66,235.2 4 0
server/public/model/manifest.go:250.37,252.2 1 0
server/public/model/manifest.go:254.47,260.22 6 0
server/public/model/manifest.go:260.22,264.3 3 0
server/public/model/manifest.go:265.2,265.11 1 0
server/public/model/manifest.go:273.72,276.19 2 0
server/public/model/manifest.go:276.19,278.3 1 0
server/public/model/manifest.go:280.2,281.33 2 0
server/public/model/manifest.go:281.33,284.3 2 0
server/public/model/manifest.go:286.2,286.22 1 0
server/public/model/manifest.go:286.22,288.3 1 0
server/public/model/manifest.go:290.2,290.19 1 0
server/public/model/manifest.go:293.37,295.2 1 0
server/public/model/manifest.go:297.37,299.2 1 0
server/public/model/manifest.go:301.77,303.16 2 0
server/public/model/manifest.go:303.16,305.3 1 0
server/public/model/manifest.go:306.2,307.35 2 0
server/public/model/manifest.go:307.35,309.3 1 0
server/public/model/manifest.go:310.2,310.18 1 0
server/public/model/manifest.go:313.36,314.28 1 0
server/public/model/manifest.go:314.28,316.3 1 0
server/public/model/manifest.go:318.2,318.37 1 0
server/public/model/manifest.go:318.37,320.3 1 0
server/public/model/manifest.go:322.2,322.59 1 0
server/public/model/manifest.go:322.59,324.3 1 0
server/public/model/manifest.go:326.2,326.57 1 0
server/public/model/manifest.go:326.57,328.3 1 0
server/public/model/manifest.go:330.2,330.67 1 0
server/public/model/manifest.go:330.67,332.3 1 0
server/public/model/manifest.go:334.2,334.21 1 0
server/public/model/manifest.go:334.21,336.17 2 0
server/public/model/manifest.go:336.17,338.4 1 0
server/public/model/manifest.go:341.2,341.30 1 0
server/public/model/manifest.go:341.30,343.17 2 0
server/public/model/manifest.go:343.17,345.4 1 0
server/public/model/manifest.go:348.2,348.29 1 0
server/public/model/manifest.go:348.29,350.17 2 0
server/public/model/manifest.go:350.17,352.4 1 0
server/public/model/manifest.go:355.2,355.12 1 0
server/public/model/manifest.go:358.48,359.37 1 0
server/public/model/manifest.go:359.37,361.17 2 0
server/public/model/manifest.go:361.17,363.4 1 0
server/public/model/manifest.go:366.2,366.37 1 0
server/public/model/manifest.go:366.37,367.43 1 0
server/public/model/manifest.go:367.43,369.4 1 0
server/public/model/manifest.go:372.2,372.12 1 0
server/public/model/manifest.go:375.49,376.17 1 0
server/public/model/manifest.go:376.17,378.3 1 0
server/public/model/manifest.go:380.2,380.37 1 0
server/public/model/manifest.go:380.37,382.17 2 0
server/public/model/manifest.go:382.17,384.4 1 0
server/public/model/manifest.go:387.2,387.12 1 0
server/public/model/manifest.go:390.41,392.16 2 0
server/public/model/manifest.go:392.16,394.3 1 0
server/public/model/manifest.go:396.2,396.66 1 0
server/public/model/manifest.go:396.66,398.3 1 0
server/public/model/manifest.go:400.2,405.32 1 0
server/public/model/manifest.go:405.32,407.3 1 0
server/public/model/manifest.go:409.2,409.22 1 0
server/public/model/manifest.go:409.22,410.66 1 0
server/public/model/manifest.go:410.66,412.4 1 0
server/public/model/manifest.go:414.3,414.36 1 0
server/public/model/manifest.go:414.36,415.54 1 0
server/public/model/manifest.go:415.54,417.5 1 0
server/public/model/manifest.go:421.2,421.12 1 0
server/public/model/manifest.go:424.74,426.11 2 0
server/public/model/manifest.go:427.14,428.19 1 0
server/public/model/manifest.go:429.18,430.23 1 0
server/public/model/manifest.go:431.19,432.24 1 0
server/public/model/manifest.go:433.15,434.20 1 0
server/public/model/manifest.go:435.14,436.19 1 0
server/public/model/manifest.go:437.16,438.21 1 0
server/public/model/manifest.go:439.18,440.23 1 0
server/public/model/manifest.go:441.18,442.23 1 0
server/public/model/manifest.go:443.16,444.21 1 0
server/public/model/manifest.go:445.10,446.63 1 0
server/public/model/manifest.go:456.76,457.61 1 0
server/public/model/manifest.go:457.61,460.18 3 0
server/public/model/manifest.go:460.18,461.28 1 0
server/public/model/manifest.go:461.28,463.5 1 0
server/public/model/manifest.go:464.4,464.12 1 0
server/public/model/manifest.go:466.3,468.19 3 0
server/public/model/manifest.go:468.19,470.4 1 0
server/public/model/manifest.go:471.3,473.17 3 0
server/public/model/manifest.go:473.17,475.4 1 0
server/public/model/manifest.go:476.3,478.29 3 0
server/public/model/manifest.go:481.2,483.17 3 0
server/public/model/manifest.go:483.17,484.26 1 0
server/public/model/manifest.go:484.26,486.4 1 0
server/public/model/manifest.go:487.3,487.25 1 0
server/public/model/manifest.go:489.2,492.16 4 0
server/public/model/manifest.go:492.16,494.3 1 0
server/public/model/manifest.go:495.2,497.28 3 0
server/public/model/map.go:10.72,12.2 1 0
server/public/model/marketplace_plugin.go:47.91,51.66 3 0
server/public/model/marketplace_plugin.go:51.66,53.3 1 0
server/public/model/marketplace_plugin.go:55.2,55.21 1 0
server/public/model/marketplace_plugin.go:59.83,63.66 3 0
server/public/model/marketplace_plugin.go:63.66,65.3 1 0
server/public/model/marketplace_plugin.go:67.2,67.21 1 0
server/public/model/marketplace_plugin.go:71.79,73.16 2 0
server/public/model/marketplace_plugin.go:73.16,75.3 1 0
server/public/model/marketplace_plugin.go:76.2,76.45 1 0
server/public/model/marketplace_plugin.go:96.63,98.2 1 0
server/public/model/marketplace_plugin.go:101.62,104.24 3 0
server/public/model/marketplace_plugin.go:104.24,106.3 1 0
server/public/model/marketplace_plugin.go:107.2,117.10 11 0
server/public/model/marketplace_plugin.go:127.90,130.16 3 0
server/public/model/marketplace_plugin.go:130.16,132.3 1 0
server/public/model/marketplace_plugin.go:133.2,133.15 1 0
server/public/model/member_invite.go:17.51,22.2 1 0
server/public/model/member_invite.go:25.44,26.24 1 0
server/public/model/member_invite.go:26.24,28.3 1 0
server/public/model/member_invite.go:30.2,30.27 1 0
server/public/model/member_invite.go:30.27,31.40 1 0
server/public/model/member_invite.go:31.40,32.26 1 0
server/public/model/member_invite.go:32.26,34.5 1 0
server/public/model/member_invite.go:38.2,38.12 1 0
server/public/model/member_invite.go:41.54,43.51 2 0
server/public/model/member_invite.go:43.51,47.3 3 0
server/public/model/member_invite.go:49.2,51.47 3 0
server/public/model/member_invite.go:51.47,53.3 1 0
server/public/model/member_invite.go:54.2,55.12 2 0
server/public/model/mention_map.go:21.77,23.2 1 0
server/public/model/mention_map.go:25.50,27.2 1 0
server/public/model/mention_map.go:29.83,31.2 1 0
server/public/model/mention_map.go:33.53,35.2 1 0
server/public/model/mention_map.go:37.100,41.27 3 0
server/public/model/mention_map.go:41.27,43.3 1 0
server/public/model/mention_map.go:45.2,45.17 1 0
server/public/model/mention_map.go:45.17,47.3 1 0
server/public/model/mention_map.go:49.2,49.12 1 0
server/public/model/mention_map.go:49.12,51.3 1 0
server/public/model/mention_map.go:53.2,53.31 1 0
server/public/model/mention_map.go:53.31,55.3 1 0
server/public/model/mention_map.go:57.2,58.35 2 0
server/public/model/mention_map.go:58.35,61.59 2 0
server/public/model/mention_map.go:61.59,63.4 1 0
server/public/model/mention_map.go:65.3,65.28 1 0
server/public/model/mention_map.go:68.2,68.25 1 0
server/public/model/mention_map.go:71.91,74.36 2 0
server/public/model/mention_map.go:74.36,77.3 2 0
server/public/model/mention_map.go:79.2,79.15 1 0
server/public/model/message_attachment.go:40.45,43.19 2 0
server/public/model/message_attachment.go:43.19,46.84 2 0
server/public/model/message_attachment.go:46.84,48.4 1 0
server/public/model/message_attachment.go:51.2,51.24 1 0
server/public/model/message_attachment.go:51.24,52.25 1 0
server/public/model/message_attachment.go:52.25,54.4 1 0
server/public/model/message_attachment.go:56.3,56.36 1 0
server/public/model/message_attachment.go:56.36,58.4 1 0
server/public/model/message_attachment.go:61.2,61.57 1 0
server/public/model/message_attachment.go:61.57,63.3 1 0
server/public/model/message_attachment.go:65.2,65.23 1 0
server/public/model/message_attachment.go:65.23,66.20 1 0
server/public/model/message_attachment.go:66.20,68.4 1 0
server/public/model/message_attachment.go:70.3,70.35 1 0
server/public/model/message_attachment.go:70.35,72.4 1 0
server/public/model/message_attachment.go:75.2,75.33 1 0
server/public/model/message_attachment.go:75.33,76.41 1 0
server/public/model/message_attachment.go:76.41,78.4 1 0
server/public/model/message_attachment.go:81.2,81.53 1 0
server/public/model/message_attachment.go:81.53,83.3 1 0
server/public/model/message_attachment.go:85.2,85.53 1 0
server/public/model/message_attachment.go:85.53,87.3 1 0
server/public/model/message_attachment.go:89.2,89.57 1 0
server/public/model/message_attachment.go:89.57,91.3 1 0
server/public/model/message_attachment.go:94.2,94.24 1 0
server/public/model/message_attachment.go:94.24,95.29 1 0
server/public/model/message_attachment.go:96.22,96.22 0 0
server/public/model/message_attachment.go:98.11,99.100 1 0
server/public/model/message_attachment.go:103.2,103.35 1 0
server/public/model/message_attachment.go:103.35,104.42 1 0
server/public/model/message_attachment.go:104.42,106.4 1 0
server/public/model/message_attachment.go:109.2,109.30 1 0
server/public/model/message_attachment.go:112.67,115.22 1 0
server/public/model/message_attachment.go:115.22,117.3 1 0
server/public/model/message_attachment.go:119.2,119.34 1 0
server/public/model/message_attachment.go:119.34,121.3 1 0
server/public/model/message_attachment.go:123.2,123.28 1 0
server/public/model/message_attachment.go:123.28,125.3 1 0
server/public/model/message_attachment.go:127.2,127.32 1 0
server/public/model/message_attachment.go:127.32,129.3 1 0
server/public/model/message_attachment.go:131.2,131.38 1 0
server/public/model/message_attachment.go:131.38,133.3 1 0
server/public/model/message_attachment.go:135.2,135.38 1 0
server/public/model/message_attachment.go:135.38,137.3 1 0
server/public/model/message_attachment.go:139.2,139.38 1 0
server/public/model/message_attachment.go:139.38,141.3 1 0
server/public/model/message_attachment.go:143.2,143.28 1 0
server/public/model/message_attachment.go:143.28,145.3 1 0
server/public/model/message_attachment.go:147.2,147.36 1 0
server/public/model/message_attachment.go:147.36,149.3 1 0
server/public/model/message_attachment.go:151.2,151.26 1 0
server/public/model/message_attachment.go:151.26,153.3 1 0
server/public/model/message_attachment.go:155.2,155.34 1 0
server/public/model/message_attachment.go:155.34,157.3 1 0
server/public/model/message_attachment.go:159.2,159.34 1 0
server/public/model/message_attachment.go:159.34,161.3 1 0
server/public/model/message_attachment.go:163.2,163.30 1 0
server/public/model/message_attachment.go:163.30,165.3 1 0
server/public/model/message_attachment.go:167.2,167.38 1 0
server/public/model/message_attachment.go:167.38,169.3 1 0
server/public/model/message_attachment.go:172.2,172.40 1 0
server/public/model/message_attachment.go:172.40,174.3 1 0
server/public/model/message_attachment.go:176.2,176.26 1 0
server/public/model/message_attachment.go:176.26,177.43 1 0
server/public/model/message_attachment.go:177.43,179.4 1 0
server/public/model/message_attachment.go:183.2,183.42 1 0
server/public/model/message_attachment.go:183.42,185.3 1 0
server/public/model/message_attachment.go:187.2,187.27 1 0
server/public/model/message_attachment.go:187.27,188.45 1 0
server/public/model/message_attachment.go:188.45,190.4 1 0
server/public/model/message_attachment.go:193.2,193.39 1 0
server/public/model/message_attachment.go:202.50,205.20 2 0
server/public/model/message_attachment.go:205.20,206.25 1 0
server/public/model/message_attachment.go:207.20,207.20 0 0
server/public/model/message_attachment.go:209.11,210.94 1 0
server/public/model/message_attachment.go:214.2,214.30 1 0
server/public/model/message_attachment.go:217.77,218.28 1 0
server/public/model/message_attachment.go:218.28,220.3 1 0
server/public/model/message_attachment.go:222.2,222.176 1 0
server/public/model/message_attachment.go:222.176,223.29 1 0
server/public/model/message_attachment.go:223.29,225.4 1 0
server/public/model/message_attachment.go:226.8,227.47 1 0
server/public/model/message_attachment.go:227.47,229.4 1 0
server/public/model/message_attachment.go:232.2,232.31 1 0
server/public/model/message_attachment.go:235.88,237.31 2 0
server/public/model/message_attachment.go:237.31,238.24 1 0
server/public/model/message_attachment.go:238.24,239.12 1 0
server/public/model/message_attachment.go:241.3,244.43 3 0
server/public/model/message_attachment.go:244.43,245.20 1 0
server/public/model/message_attachment.go:245.20,246.13 1 0
server/public/model/message_attachment.go:248.4,250.26 2 0
server/public/model/message_attachment.go:250.26,253.5 1 0
server/public/model/message_attachment.go:255.3,255.35 1 0
server/public/model/message_attachment.go:257.2,257.26 1 0
server/public/model/message_attachment.go:262.75,263.21 1 0
server/public/model/message_attachment.go:263.21,265.3 1 0
server/public/model/message_attachment.go:267.2,269.41 2 0
server/public/model/message_attachment.go:269.41,270.24 1 0
server/public/model/message_attachment.go:270.24,271.12 1 0
server/public/model/message_attachment.go:274.3,277.43 3 0
server/public/model/message_attachment.go:277.43,278.20 1 0
server/public/model/message_attachment.go:278.20,279.13 1 0
server/public/model/message_attachment.go:281.4,281.45 1 0
server/public/model/message_attachment.go:281.45,283.5 1 0
server/public/model/message_attachment.go:285.3,285.56 1 0
server/public/model/message_attachment.go:287.2,287.53 1 0
server/public/model/message_attachment.go:290.52,292.2 1 0
server/public/model/message_export.go:45.44,48.79 3 0
server/public/model/message_export.go:48.79,49.51 1 0
server/public/model/message_export.go:49.51,51.4 1 0
server/public/model/message_export.go:53.2,53.18 1 0
server/public/model/metrics.go:95.110,97.2 1 0
server/public/model/metrics.go:110.45,111.14 1 0
server/public/model/metrics.go:111.14,113.3 1 0
server/public/model/metrics.go:115.2,116.16 2 0
server/public/model/metrics.go:116.16,118.3 1 0
server/public/model/metrics.go:120.2,120.123 1 0
server/public/model/metrics.go:120.123,122.3 1 0
server/public/model/metrics.go:124.2,124.21 1 0
server/public/model/metrics.go:124.21,126.3 1 0
server/public/model/metrics.go:128.2,129.59 2 0
server/public/model/metrics.go:129.59,131.3 1 0
server/public/model/metrics.go:133.2,133.12 1 0
server/public/model/metrics.go:136.63,143.2 1 0
server/public/model/metrics.go:145.117,148.9 2 0
server/public/model/metrics.go:148.9,150.3 1 0
server/public/model/metrics.go:151.2,155.9 3 0
server/public/model/metrics.go:155.9,157.3 1 0
server/public/model/metrics.go:159.2,159.14 1 0
server/public/model/mm_blocks_actions.go:35.75,37.34 2 0
server/public/model/mm_blocks_actions.go:37.34,39.3 1 0
server/public/model/mm_blocks_actions.go:40.2,41.9 2 0
server/public/model/mm_blocks_actions.go:41.9,43.3 1 0
server/public/model/mm_blocks_actions.go:44.2,45.25 2 0
server/public/model/mm_blocks_actions.go:45.25,47.3 1 0
server/public/model/mm_blocks_actions.go:48.2,49.9 2 0
server/public/model/mm_blocks_actions.go:49.9,51.3 1 0
server/public/model/mm_blocks_actions.go:52.2,52.41 1 0
server/public/model/mm_blocks_actions.go:56.74,58.15 2 0
server/public/model/mm_blocks_actions.go:58.15,60.3 1 0
server/public/model/mm_blocks_actions.go:61.2,61.39 1 0
server/public/model/mm_blocks_actions.go:61.39,63.3 1 0
server/public/model/mm_blocks_actions.go:64.2,68.13 5 0
server/public/model/mm_blocks_actions.go:72.62,73.25 1 0
server/public/model/mm_blocks_actions.go:73.25,75.3 1 0
server/public/model/mm_blocks_actions.go:76.2,77.78 2 0
server/public/model/mm_blocks_actions.go:77.78,79.3 1 0
server/public/model/mm_blocks_actions.go:80.2,80.49 1 0
server/public/model/mm_blocks_actions.go:84.76,85.17 1 0
server/public/model/mm_blocks_actions.go:85.17,87.3 1 0
server/public/model/mm_blocks_actions.go:88.2,89.16 2 0
server/public/model/mm_blocks_actions.go:89.16,91.3 1 0
server/public/model/mm_blocks_actions.go:92.2,93.22 2 0
server/public/model/mm_blocks_actions.go:93.22,95.3 1 0
server/public/model/mm_blocks_actions.go:96.2,97.24 2 0
server/public/model/mm_blocks_actions.go:104.45,105.48 1 0
server/public/model/mm_blocks_actions.go:105.48,107.3 1 0
server/public/model/mm_blocks_actions.go:108.2,108.37 1 0
server/public/model/mm_blocks_actions.go:112.47,113.14 1 0
server/public/model/mm_blocks_actions.go:113.14,115.3 1 0
server/public/model/mm_blocks_actions.go:116.2,116.29 1 0
server/public/model/mm_blocks_actions.go:116.29,118.3 1 0
server/public/model/mm_blocks_actions.go:119.2,119.42 1 0
server/public/model/mm_blocks_actions.go:119.42,124.3 1 0
server/public/model/mm_blocks_actions.go:125.2,125.12 1 0
server/public/model/mm_blocks_actions.go:128.54,130.24 2 0
server/public/model/mm_blocks_actions.go:130.24,132.3 1 0
server/public/model/mm_blocks_actions.go:133.2,134.24 2 0
server/public/model/mm_blocks_actions.go:134.24,135.32 1 0
server/public/model/mm_blocks_actions.go:135.32,137.4 1 0
server/public/model/mm_blocks_actions.go:139.2,139.19 1 0
server/public/model/mm_blocks_actions.go:139.19,141.3 1 0
server/public/model/mm_blocks_actions.go:142.2,142.12 1 0
server/public/model/mm_blocks_actions.go:145.57,146.14 1 0
server/public/model/mm_blocks_actions.go:146.14,148.3 1 0
server/public/model/mm_blocks_actions.go:149.2,150.8 2 0
server/public/model/mm_blocks_actions.go:150.8,152.3 1 0
server/public/model/mm_blocks_actions.go:153.2,153.19 1 0
server/public/model/notify_admin.go:65.49,66.75 1 0
server/public/model/notify_admin.go:66.75,68.3 1 0
server/public/model/notify_admin.go:69.2,69.55 1 0
server/public/model/notify_admin.go:69.55,71.3 1 0
server/public/model/notify_admin.go:73.2,73.67 1 0
server/public/model/notify_admin.go:73.67,75.3 1 0
server/public/model/notify_admin.go:77.2,77.12 1 0
server/public/model/notify_admin.go:80.39,82.2 1 0
server/public/model/oauth.go:59.47,75.2 1 0
server/public/model/oauth.go:77.40,78.22 1 0
server/public/model/oauth.go:78.22,80.3 1 0
server/public/model/oauth.go:82.2,82.21 1 0
server/public/model/oauth.go:82.21,84.3 1 0
server/public/model/oauth.go:86.2,86.21 1 0
server/public/model/oauth.go:86.21,88.3 1 0
server/public/model/oauth.go:90.2,90.59 1 0
server/public/model/oauth.go:90.59,92.3 1 0
server/public/model/oauth.go:95.2,95.55 1 0
server/public/model/oauth.go:95.55,97.3 1 0
server/public/model/oauth.go:99.2,99.38 1 0
server/public/model/oauth.go:99.38,101.3 1 0
server/public/model/oauth.go:103.2,103.79 1 0
server/public/model/oauth.go:103.79,105.3 1 0
server/public/model/oauth.go:107.2,107.42 1 0
server/public/model/oauth.go:107.42,108.32 1 0
server/public/model/oauth.go:108.32,110.4 1 0
server/public/model/oauth.go:113.2,113.52 1 0
server/public/model/oauth.go:113.52,115.3 1 0
server/public/model/oauth.go:117.2,117.80 1 0
server/public/model/oauth.go:117.80,119.3 1 0
server/public/model/oauth.go:121.2,121.49 1 0
server/public/model/oauth.go:121.49,123.3 1 0
server/public/model/oauth.go:125.2,125.21 1 0
server/public/model/oauth.go:125.21,126.57 1 0
server/public/model/oauth.go:126.57,128.4 1 0
server/public/model/oauth.go:131.2,131.33 1 0
server/public/model/oauth.go:131.33,133.3 1 0
server/public/model/oauth.go:135.2,135.12 1 0
server/public/model/oauth.go:140.30,141.16 1 0
server/public/model/oauth.go:141.16,143.3 1 0
server/public/model/oauth.go:148.2,149.25 2 0
server/public/model/oauth.go:153.32,155.2 1 0
server/public/model/oauth.go:158.34,160.2 1 0
server/public/model/oauth.go:163.31,165.2 1 0
server/public/model/oauth.go:167.56,169.2 1 0
server/public/model/oauth.go:173.56,174.26 1 0
server/public/model/oauth.go:174.26,176.3 1 0
server/public/model/oauth.go:177.2,177.41 1 0
server/public/model/oauth.go:181.42,183.2 1 0
server/public/model/oauth.go:186.97,187.24 1 0
server/public/model/oauth.go:187.24,189.3 1 0
server/public/model/oauth.go:190.2,190.67 1 0
server/public/model/oauth.go:194.102,196.24 1 0
server/public/model/oauth.go:196.24,198.3 1 0
server/public/model/oauth.go:201.2,201.40 1 0
server/public/model/oauth.go:201.40,203.3 1 0
server/public/model/oauth.go:206.2,206.61 1 0
server/public/model/oauth.go:206.61,208.3 1 0
server/public/model/oauth.go:210.2,210.12 1 0
server/public/model/oauth.go:214.94,216.83 1 0
server/public/model/oauth.go:216.83,218.3 1 0
server/public/model/oauth.go:220.2,220.12 1 0
server/public/model/oauth.go:223.100,230.27 2 0
server/public/model/oauth.go:230.27,232.3 1 0
server/public/model/oauth.go:232.8,234.3 1 0
server/public/model/oauth.go:237.2,238.40 2 0
server/public/model/oauth.go:238.40,240.3 1 0
server/public/model/oauth.go:242.2,242.49 1 0
server/public/model/oauth.go:242.49,244.3 1 0
server/public/model/oauth.go:246.2,246.26 1 0
server/public/model/oauth.go:246.26,248.3 1 0
server/public/model/oauth.go:250.2,250.12 1 0
server/public/model/oauth.go:253.93,263.25 2 0
server/public/model/oauth.go:263.25,265.3 1 0
server/public/model/oauth.go:267.2,267.18 1 0
server/public/model/oauth.go:267.18,269.3 1 0
server/public/model/oauth.go:271.2,271.22 1 0
server/public/model/oauth.go:271.22,273.3 1 0
server/public/model/oauth.go:275.2,275.13 1 0
server/public/model/oauth_dcr.go:41.57,42.30 1 0
server/public/model/oauth_dcr.go:42.30,44.3 1 0
server/public/model/oauth_dcr.go:46.2,46.37 1 0
server/public/model/oauth_dcr.go:46.37,47.27 1 0
server/public/model/oauth_dcr.go:47.27,49.4 1 0
server/public/model/oauth_dcr.go:52.2,52.52 1 0
server/public/model/oauth_dcr.go:52.52,54.3 1 0
server/public/model/oauth_dcr.go:56.2,56.24 1 0
server/public/model/oauth_dcr.go:56.24,57.36 1 0
server/public/model/oauth_dcr.go:57.36,59.4 1 0
server/public/model/oauth_dcr.go:60.3,60.30 1 0
server/public/model/oauth_dcr.go:60.30,62.4 1 0
server/public/model/oauth_dcr.go:65.2,65.158 1 0
server/public/model/oauth_dcr.go:65.158,67.3 1 0
server/public/model/oauth_dcr.go:69.2,69.12 1 0
server/public/model/oauth_dcr.go:72.59,77.2 1 0
server/public/model/oauth_dcr.go:79.38,81.2 1 0
server/public/model/oauth_dcr.go:83.41,85.2 1 0
server/public/model/oauth_dcr.go:89.56,90.44 1 0
server/public/model/oauth_dcr.go:90.44,91.23 1 0
server/public/model/oauth_dcr.go:91.23,93.4 1 0
server/public/model/oauth_dcr.go:94.8,94.50 1 0
server/public/model/oauth_dcr.go:94.50,95.23 1 0
server/public/model/oauth_dcr.go:95.23,97.4 1 0
server/public/model/oauth_dcr.go:98.8,100.3 1 0
server/public/model/oauth_dcr.go:102.2,102.28 1 0
server/public/model/oauth_dcr.go:102.28,103.28 1 0
server/public/model/oauth_dcr.go:103.28,105.4 1 0
server/public/model/oauth_dcr.go:108.2,108.38 1 0
server/public/model/oauth_dcr.go:108.38,110.3 1 0
server/public/model/oauth_dcr.go:114.2,121.35 5 0
server/public/model/oauth_dcr.go:126.55,128.2 1 0
server/public/model/oauth_dcr.go:130.72,131.24 1 0
server/public/model/oauth_dcr.go:131.24,132.25 1 0
server/public/model/oauth_dcr.go:132.25,133.51 1 0
server/public/model/oauth_dcr.go:133.51,136.27 2 0
server/public/model/oauth_dcr.go:136.27,138.6 1 0
server/public/model/oauth_dcr.go:139.5,139.24 1 0
server/public/model/oauth_dcr.go:139.24,140.59 1 0
server/public/model/oauth_dcr.go:140.59,142.7 1 0
server/public/model/oauth_dcr.go:143.6,143.10 1 0
server/public/model/oauth_dcr.go:145.5,145.17 1 0
server/public/model/oauth_dcr.go:148.4,148.59 1 0
server/public/model/oauth_dcr.go:148.59,150.5 1 0
server/public/model/oauth_dcr.go:151.4,151.40 1 0
server/public/model/oauth_dcr.go:151.40,153.60 2 0
server/public/model/oauth_dcr.go:153.60,155.6 1 0
server/public/model/oauth_dcr.go:157.4,157.16 1 0
server/public/model/oauth_dcr.go:159.3,159.47 1 0
server/public/model/oauth_dcr.go:159.47,161.4 1 0
server/public/model/oauth_dcr.go:162.3,163.7 2 0
server/public/model/oauth_dcr.go:165.2,165.23 1 0
server/public/model/oauth_dcr.go:170.71,171.25 1 0
server/public/model/oauth_dcr.go:171.25,173.3 1 0
server/public/model/oauth_dcr.go:174.2,174.30 1 0
server/public/model/oauth_dcr.go:174.30,176.60 2 0
server/public/model/oauth_dcr.go:176.60,178.4 1 0
server/public/model/oauth_dcr.go:180.2,180.14 1 0
server/public/model/oauth_metadata.go:40.79,42.16 2 0
server/public/model/oauth_metadata.go:42.16,44.3 1 0
server/public/model/oauth_metadata.go:45.2,46.16 2 0
server/public/model/oauth_metadata.go:46.16,48.3 1 0
server/public/model/oauth_metadata.go:49.2,70.8 1 0
server/public/model/onboarding.go:17.64,21.2 1 0
server/public/model/onboarding.go:24.96,27.16 3 0
server/public/model/onboarding.go:27.16,29.3 1 0
server/public/model/onboarding.go:31.2,31.15 1 0
server/public/model/outgoing_oauth_connection.go:15.59,17.2 1 0
server/public/model/outgoing_oauth_connection.go:41.63,50.2 1 0
server/public/model/outgoing_oauth_connection.go:53.47,56.2 2 0
server/public/model/outgoing_oauth_connection.go:59.73,60.17 1 0
server/public/model/outgoing_oauth_connection.go:60.17,62.3 1 0
server/public/model/outgoing_oauth_connection.go:64.2,64.21 1 0
server/public/model/outgoing_oauth_connection.go:64.21,66.3 1 0
server/public/model/outgoing_oauth_connection.go:67.2,67.25 1 0
server/public/model/outgoing_oauth_connection.go:67.25,69.3 1 0
server/public/model/outgoing_oauth_connection.go:70.2,70.29 1 0
server/public/model/outgoing_oauth_connection.go:70.29,72.3 1 0
server/public/model/outgoing_oauth_connection.go:73.2,73.30 1 0
server/public/model/outgoing_oauth_connection.go:73.30,75.3 1 0
server/public/model/outgoing_oauth_connection.go:76.2,76.26 1 0
server/public/model/outgoing_oauth_connection.go:76.26,78.3 1 0
server/public/model/outgoing_oauth_connection.go:79.2,79.29 1 0
server/public/model/outgoing_oauth_connection.go:79.29,81.3 1 0
server/public/model/outgoing_oauth_connection.go:82.2,82.37 1 0
server/public/model/outgoing_oauth_connection.go:82.37,84.3 1 0
server/public/model/outgoing_oauth_connection.go:85.2,85.37 1 0
server/public/model/outgoing_oauth_connection.go:85.37,87.3 1 0
server/public/model/outgoing_oauth_connection.go:91.56,92.23 1 0
server/public/model/outgoing_oauth_connection.go:92.23,94.3 1 0
server/public/model/outgoing_oauth_connection.go:96.2,96.22 1 0
server/public/model/outgoing_oauth_connection.go:96.22,98.3 1 0
server/public/model/outgoing_oauth_connection.go:100.2,100.22 1 0
server/public/model/outgoing_oauth_connection.go:100.22,102.3 1 0
server/public/model/outgoing_oauth_connection.go:104.2,104.30 1 0
server/public/model/outgoing_oauth_connection.go:104.30,106.3 1 0
server/public/model/outgoing_oauth_connection.go:108.2,108.59 1 0
server/public/model/outgoing_oauth_connection.go:108.59,110.3 1 0
server/public/model/outgoing_oauth_connection.go:112.2,112.68 1 0
server/public/model/outgoing_oauth_connection.go:112.68,114.3 1 0
server/public/model/outgoing_oauth_connection.go:116.2,116.76 1 0
server/public/model/outgoing_oauth_connection.go:116.76,118.3 1 0
server/public/model/outgoing_oauth_connection.go:120.2,120.89 1 0
server/public/model/outgoing_oauth_connection.go:120.89,122.3 1 0
server/public/model/outgoing_oauth_connection.go:124.2,124.47 1 0
server/public/model/outgoing_oauth_connection.go:124.47,126.3 1 0
server/public/model/outgoing_oauth_connection.go:128.2,128.28 1 0
server/public/model/outgoing_oauth_connection.go:128.28,130.3 1 0
server/public/model/outgoing_oauth_connection.go:132.2,132.27 1 0
server/public/model/outgoing_oauth_connection.go:132.27,133.41 1 0
server/public/model/outgoing_oauth_connection.go:133.41,134.33 1 0
server/public/model/outgoing_oauth_connection.go:134.33,136.5 1 0
server/public/model/outgoing_oauth_connection.go:140.2,140.12 1 0
server/public/model/outgoing_oauth_connection.go:144.66,145.29 1 0
server/public/model/outgoing_oauth_connection.go:145.29,147.3 1 0
server/public/model/outgoing_oauth_connection.go:149.2,149.130 1 0
server/public/model/outgoing_oauth_connection.go:149.130,151.3 1 0
server/public/model/outgoing_oauth_connection.go:153.2,153.130 1 0
server/public/model/outgoing_oauth_connection.go:153.130,155.3 1 0
server/public/model/outgoing_oauth_connection.go:157.2,157.12 1 0
server/public/model/outgoing_oauth_connection.go:161.46,162.17 1 0
server/public/model/outgoing_oauth_connection.go:162.17,164.3 1 0
server/public/model/outgoing_oauth_connection.go:166.2,167.27 2 0
server/public/model/outgoing_oauth_connection.go:171.48,173.2 1 0
server/public/model/outgoing_oauth_connection.go:176.50,178.2 1 0
server/public/model/outgoing_oauth_connection.go:193.71,194.20 1 0
server/public/model/outgoing_oauth_connection.go:194.20,196.3 1 0
server/public/model/outgoing_oauth_connection.go:200.82,203.19 2 0
server/public/model/outgoing_oauth_connection.go:203.19,205.3 1 0
server/public/model/outgoing_oauth_connection.go:207.2,207.24 1 0
server/public/model/outgoing_oauth_connection.go:207.24,209.3 1 0
server/public/model/outgoing_oauth_connection.go:211.2,211.24 1 0
server/public/model/outgoing_oauth_connection.go:211.24,213.3 1 0
server/public/model/outgoing_oauth_connection.go:215.2,215.22 1 0
server/public/model/outgoing_oauth_connection.go:215.22,217.3 1 0
server/public/model/outgoing_oauth_connection.go:218.2,218.10 1 0
server/public/model/outgoing_oauth_connection.go:228.66,230.2 1 0
server/public/model/outgoing_webhook.go:34.54,52.2 1 0
server/public/model/outgoing_webhook.go:82.56,98.2 14 0
server/public/model/outgoing_webhook.go:100.47,101.22 1 0
server/public/model/outgoing_webhook.go:101.22,103.3 1 0
server/public/model/outgoing_webhook.go:105.2,105.24 1 0
server/public/model/outgoing_webhook.go:105.24,107.3 1 0
server/public/model/outgoing_webhook.go:109.2,109.21 1 0
server/public/model/outgoing_webhook.go:109.21,111.3 1 0
server/public/model/outgoing_webhook.go:113.2,113.21 1 0
server/public/model/outgoing_webhook.go:113.21,115.3 1 0
server/public/model/outgoing_webhook.go:117.2,117.29 1 0
server/public/model/outgoing_webhook.go:117.29,119.3 1 0
server/public/model/outgoing_webhook.go:121.2,121.50 1 0
server/public/model/outgoing_webhook.go:121.50,123.3 1 0
server/public/model/outgoing_webhook.go:125.2,125.26 1 0
server/public/model/outgoing_webhook.go:125.26,127.3 1 0
server/public/model/outgoing_webhook.go:129.2,129.51 1 0
server/public/model/outgoing_webhook.go:129.51,131.3 1 0
server/public/model/outgoing_webhook.go:133.2,133.30 1 0
server/public/model/outgoing_webhook.go:133.30,134.42 1 0
server/public/model/outgoing_webhook.go:134.42,136.4 1 0
server/public/model/outgoing_webhook.go:139.2,139.79 1 0
server/public/model/outgoing_webhook.go:139.79,141.3 1 0
server/public/model/outgoing_webhook.go:143.2,143.42 1 0
server/public/model/outgoing_webhook.go:143.42,144.32 1 0
server/public/model/outgoing_webhook.go:144.32,146.4 1 0
server/public/model/outgoing_webhook.go:149.2,149.29 1 0
server/public/model/outgoing_webhook.go:149.29,151.3 1 0
server/public/model/outgoing_webhook.go:153.2,153.30 1 0
server/public/model/outgoing_webhook.go:153.30,155.3 1 0
server/public/model/outgoing_webhook.go:157.2,157.30 1 0
server/public/model/outgoing_webhook.go:157.30,159.3 1 0
server/public/model/outgoing_webhook.go:161.2,161.23 1 0
server/public/model/outgoing_webhook.go:161.23,163.3 1 0
server/public/model/outgoing_webhook.go:165.2,165.26 1 0
server/public/model/outgoing_webhook.go:165.26,167.3 1 0
server/public/model/outgoing_webhook.go:169.2,169.27 1 0
server/public/model/outgoing_webhook.go:169.27,171.3 1 0
server/public/model/outgoing_webhook.go:173.2,173.12 1 0
server/public/model/outgoing_webhook.go:176.37,177.16 1 0
server/public/model/outgoing_webhook.go:177.16,179.3 1 0
server/public/model/outgoing_webhook.go:181.2,181.19 1 0
server/public/model/outgoing_webhook.go:181.19,183.3 1 0
server/public/model/outgoing_webhook.go:185.2,186.25 2 0
server/public/model/outgoing_webhook.go:189.39,191.2 1 0
server/public/model/outgoing_webhook.go:193.67,194.16 1 0
server/public/model/outgoing_webhook.go:194.16,196.3 1 0
server/public/model/outgoing_webhook.go:198.2,198.46 1 0
server/public/model/outgoing_webhook.go:201.67,202.16 1 0
server/public/model/outgoing_webhook.go:202.16,204.3 1 0
server/public/model/outgoing_webhook.go:206.2,206.41 1 0
server/public/model/outgoing_webhook.go:206.41,207.39 1 0
server/public/model/outgoing_webhook.go:207.39,209.4 1 0
server/public/model/outgoing_webhook.go:212.2,212.14 1 0
server/public/model/outgoing_webhook.go:215.95,216.16 1 0
server/public/model/outgoing_webhook.go:216.16,218.3 1 0
server/public/model/outgoing_webhook.go:220.2,220.18 1 0
server/public/model/outgoing_webhook.go:220.18,221.42 1 0
server/public/model/outgoing_webhook.go:221.42,222.23 1 0
server/public/model/outgoing_webhook.go:222.23,224.10 2 0
server/public/model/outgoing_webhook.go:227.8,228.42 1 0
server/public/model/outgoing_webhook.go:228.42,229.40 1 0
server/public/model/outgoing_webhook.go:229.40,231.10 2 0
server/public/model/outgoing_webhook.go:236.2,236.20 1 0
server/public/model/packet_metadata.go:42.44,43.20 1 0
server/public/model/packet_metadata.go:43.20,45.3 1 0
server/public/model/packet_metadata.go:47.2,47.17 1 0
server/public/model/packet_metadata.go:48.43,48.43 0 0
server/public/model/packet_metadata.go:49.10,50.61 1 0
server/public/model/packet_metadata.go:53.2,53.25 1 0
server/public/model/packet_metadata.go:53.25,55.3 1 0
server/public/model/packet_metadata.go:57.2,57.63 1 0
server/public/model/packet_metadata.go:57.63,59.3 1 0
server/public/model/packet_metadata.go:61.2,61.29 1 0
server/public/model/packet_metadata.go:61.29,63.3 1 0
server/public/model/packet_metadata.go:65.2,65.52 1 0
server/public/model/packet_metadata.go:65.52,67.3 1 0
server/public/model/packet_metadata.go:69.2,69.54 1 0
server/public/model/packet_metadata.go:69.54,71.3 1 0
server/public/model/packet_metadata.go:73.2,73.12 1 0
server/public/model/packet_metadata.go:76.61,82.16 3 0
server/public/model/packet_metadata.go:82.16,84.3 1 0
server/public/model/packet_metadata.go:86.2,86.19 1 0
server/public/model/packet_metadata.go:87.9,90.17 3 0
server/public/model/packet_metadata.go:90.17,92.4 1 0
server/public/model/packet_metadata.go:94.3,95.17 2 0
server/public/model/packet_metadata.go:95.17,97.4 1 0
server/public/model/packet_metadata.go:99.3,99.18 1 0
server/public/model/packet_metadata.go:100.10,101.72 1 0
server/public/model/packet_metadata.go:107.128,108.18 1 0
server/public/model/packet_metadata.go:108.18,110.3 1 0
server/public/model/packet_metadata.go:112.2,121.20 2 0
server/public/model/packet_metadata.go:121.20,124.3 2 0
server/public/model/packet_metadata.go:126.2,126.38 1 0
server/public/model/packet_metadata.go:126.38,128.3 1 0
server/public/model/packet_metadata.go:130.2,130.16 1 0
server/public/model/permalink.go:19.76,20.17 1 0
server/public/model/permalink.go:20.17,22.3 1 0
server/public/model/permalink.go:23.2,30.3 1 0
server/public/model/permission.go:427.30,2749.51 331 1
server/public/model/permission.go:2749.51,2751.3 1 1
server/public/model/permission.go:2754.13,2756.2 1 1
server/public/model/permission.go:2758.75,2760.2 1 0
server/public/model/permission.go:2762.85,2765.41 3 0
server/public/model/permission.go:2765.41,2767.30 2 0
server/public/model/permission.go:2767.30,2769.4 1 0
server/public/model/permission.go:2771.2,2771.146 1 0
server/public/model/plugin_key_value.go:23.47,24.89 1 0
server/public/model/plugin_key_value.go:24.89,26.3 1 0
server/public/model/plugin_key_value.go:28.2,28.74 1 0
server/public/model/plugin_key_value.go:28.74,30.3 1 0
server/public/model/plugin_key_value.go:32.2,32.12 1 0
server/public/model/plugin_kvset_options.go:18.52,19.40 1 0
server/public/model/plugin_kvset_options.go:19.40,27.3 1 0
server/public/model/plugin_kvset_options.go:29.2,29.12 1 0
server/public/model/plugin_kvset_options.go:33.124,35.30 2 0
server/public/model/plugin_kvset_options.go:35.30,37.3 1 0
server/public/model/plugin_kvset_options.go:39.2,46.16 2 0
server/public/model/plugin_reattach.go:19.101,30.2 1 0
server/public/model/plugin_reattach.go:32.95,43.2 2 0
server/public/model/plugin_reattach.go:50.55,51.25 1 0
server/public/model/plugin_reattach.go:51.25,53.3 1 0
server/public/model/plugin_reattach.go:54.2,54.37 1 0
server/public/model/plugin_reattach.go:54.37,56.3 1 0
server/public/model/plugin_reattach.go:58.2,58.12 1 0
server/public/model/plugin_valid.go:22.13,24.2 1 1
server/public/model/plugin_valid.go:30.38,31.46 1 0
server/public/model/plugin_valid.go:31.46,33.3 1 0
server/public/model/plugin_valid.go:35.2,35.46 1 0
server/public/model/plugin_valid.go:35.46,37.3 1 0
server/public/model/plugin_valid.go:39.2,39.32 1 0
server/public/model/post.go:163.43,165.23 2 0
server/public/model/post.go:165.23,167.3 1 0
server/public/model/post.go:169.2,189.3 1 0
server/public/model/post.go:192.31,194.2 1 0
server/public/model/post.go:209.36,211.2 1 0
server/public/model/post.go:256.54,265.2 1 0
server/public/model/post.go:267.42,269.2 1 0
server/public/model/post.go:277.78,279.26 2 0
server/public/model/post.go:279.26,281.3 1 0
server/public/model/post.go:282.2,282.15 1 0
server/public/model/post.go:285.48,292.2 1 0
server/public/model/post.go:338.49,343.2 1 0
server/public/model/post.go:347.45,348.16 1 0
server/public/model/post.go:348.16,350.3 1 0
server/public/model/post.go:351.2,378.26 28 0
server/public/model/post.go:378.26,380.3 1 0
server/public/model/post.go:381.2,382.12 2 0
server/public/model/post.go:386.30,390.2 3 0
server/public/model/post.go:392.41,397.2 4 0
server/public/model/post.go:399.46,402.2 2 0
server/public/model/post.go:427.52,429.2 1 0
server/public/model/post.go:475.30,477.2 1 0
server/public/model/post.go:479.51,480.22 1 0
server/public/model/post.go:480.22,482.3 1 0
server/public/model/post.go:484.2,484.21 1 0
server/public/model/post.go:484.21,486.3 1 0
server/public/model/post.go:488.2,488.21 1 0
server/public/model/post.go:488.21,490.3 1 0
server/public/model/post.go:492.2,492.26 1 0
server/public/model/post.go:492.26,494.3 1 0
server/public/model/post.go:496.2,496.29 1 0
server/public/model/post.go:496.29,498.3 1 0
server/public/model/post.go:500.2,500.46 1 0
server/public/model/post.go:500.46,502.3 1 0
server/public/model/post.go:504.2,504.54 1 0
server/public/model/post.go:504.54,506.3 1 0
server/public/model/post.go:508.2,508.53 1 0
server/public/model/post.go:508.53,511.3 1 0
server/public/model/post.go:513.2,513.63 1 0
server/public/model/post.go:513.63,515.3 1 0
server/public/model/post.go:517.2,517.16 1 0
server/public/model/post.go:551.30,551.30 0 0
server/public/model/post.go:552.10,553.55 1 0
server/public/model/post.go:553.55,555.4 1 0
server/public/model/post.go:558.2,558.78 1 0
server/public/model/post.go:558.78,560.3 1 0
server/public/model/post.go:562.2,562.74 1 0
server/public/model/post.go:562.74,564.3 1 0
server/public/model/post.go:566.2,566.85 1 0
server/public/model/post.go:566.85,568.3 1 0
server/public/model/post.go:570.2,570.12 1 0
server/public/model/post.go:573.32,574.14 1 0
server/public/model/post.go:574.14,576.3 1 0
server/public/model/post.go:577.2,582.43 2 0
server/public/model/post.go:582.43,583.40 1 0
server/public/model/post.go:583.40,585.4 1 0
server/public/model/post.go:587.2,587.35 1 0
server/public/model/post.go:587.35,589.3 1 0
server/public/model/post.go:593.32,597.23 3 0
server/public/model/post.go:597.23,599.3 1 0
server/public/model/post.go:602.61,604.2 1 0
server/public/model/post.go:606.66,607.32 1 0
server/public/model/post.go:607.32,609.3 1 0
server/public/model/post.go:610.2,610.52 1 0
server/public/model/post.go:613.72,616.18 2 0
server/public/model/post.go:616.18,626.37 2 0
server/public/model/post.go:626.37,627.31 1 0
server/public/model/post.go:627.31,629.5 1 0
server/public/model/post.go:633.2,633.19 1 0
server/public/model/post.go:636.26,637.16 1 0
server/public/model/post.go:637.16,639.3 1 0
server/public/model/post.go:641.2,643.21 2 0
server/public/model/post.go:643.21,645.3 1 0
server/public/model/post.go:647.2,648.15 2 0
server/public/model/post.go:651.28,652.25 1 0
server/public/model/post.go:652.25,654.3 1 0
server/public/model/post.go:656.2,656.24 1 0
server/public/model/post.go:656.24,658.3 1 0
server/public/model/post.go:660.2,660.22 1 0
server/public/model/post.go:660.22,662.3 1 0
server/public/model/post.go:664.2,667.47 2 0
server/public/model/post.go:670.29,671.25 1 0
server/public/model/post.go:671.25,673.3 1 0
server/public/model/post.go:676.36,683.2 6 0
server/public/model/post.go:685.47,692.2 6 0
server/public/model/post.go:694.43,698.2 3 0
server/public/model/post.go:700.48,704.2 3 0
server/public/model/post.go:706.40,710.2 3 0
server/public/model/post.go:715.55,716.41 1 0
server/public/model/post.go:716.41,722.3 1 0
server/public/model/post.go:725.37,731.18 3 0
server/public/model/post.go:731.18,733.3 1 0
server/public/model/post.go:735.2,735.40 1 0
server/public/model/post.go:735.40,736.67 1 0
server/public/model/post.go:736.67,738.4 1 0
server/public/model/post.go:738.9,738.37 1 0
server/public/model/post.go:738.37,740.4 1 0
server/public/model/post.go:742.2,742.37 1 0
server/public/model/post.go:742.37,743.63 1 0
server/public/model/post.go:743.63,745.4 1 0
server/public/model/post.go:745.9,745.36 1 0
server/public/model/post.go:745.36,747.4 1 0
server/public/model/post.go:751.2,751.44 1 0
server/public/model/post.go:751.44,752.67 1 0
server/public/model/post.go:752.67,754.4 1 0
server/public/model/post.go:754.9,754.55 1 0
server/public/model/post.go:754.55,756.4 1 0
server/public/model/post.go:758.2,758.46 1 0
server/public/model/post.go:758.46,759.63 1 0
server/public/model/post.go:759.63,761.4 1 0
server/public/model/post.go:763.2,763.45 1 0
server/public/model/post.go:763.45,764.62 1 0
server/public/model/post.go:764.62,766.4 1 0
server/public/model/post.go:768.2,768.40 1 0
server/public/model/post.go:768.40,769.67 1 0
server/public/model/post.go:769.67,771.4 1 0
server/public/model/post.go:771.9,771.35 1 0
server/public/model/post.go:771.35,773.4 1 0
server/public/model/post.go:775.2,775.36 1 0
server/public/model/post.go:775.36,776.59 1 0
server/public/model/post.go:776.59,778.4 1 0
server/public/model/post.go:778.9,778.31 1 0
server/public/model/post.go:778.31,780.4 1 0
server/public/model/post.go:782.2,782.41 1 0
server/public/model/post.go:782.41,783.69 1 0
server/public/model/post.go:783.69,785.4 1 0
server/public/model/post.go:785.9,785.36 1 0
server/public/model/post.go:785.36,787.4 1 0
server/public/model/post.go:789.2,789.39 1 0
server/public/model/post.go:789.39,790.65 1 0
server/public/model/post.go:790.65,792.4 1 0
server/public/model/post.go:792.9,792.34 1 0
server/public/model/post.go:792.34,794.4 1 0
server/public/model/post.go:796.2,796.40 1 0
server/public/model/post.go:796.40,797.67 1 0
server/public/model/post.go:797.67,799.4 1 0
server/public/model/post.go:799.9,799.35 1 0
server/public/model/post.go:799.35,801.4 1 0
server/public/model/post.go:803.2,803.47 1 0
server/public/model/post.go:803.47,804.64 1 0
server/public/model/post.go:804.64,806.4 1 0
server/public/model/post.go:809.2,809.53 1 0
server/public/model/post.go:809.53,810.68 1 0
server/public/model/post.go:810.68,812.4 1 0
server/public/model/post.go:814.2,814.51 1 0
server/public/model/post.go:814.51,815.66 1 0
server/public/model/post.go:815.66,817.4 1 0
server/public/model/post.go:820.2,820.42 1 0
server/public/model/post.go:820.42,821.73 1 0
server/public/model/post.go:821.73,823.4 1 0
server/public/model/post.go:823.9,823.41 1 0
server/public/model/post.go:823.41,825.4 1 0
server/public/model/post.go:828.2,828.46 1 0
server/public/model/post.go:828.46,829.61 1 0
server/public/model/post.go:829.61,831.4 1 0
server/public/model/post.go:834.2,834.48 1 0
server/public/model/post.go:834.48,835.75 1 0
server/public/model/post.go:835.75,837.4 1 0
server/public/model/post.go:837.9,837.37 1 0
server/public/model/post.go:837.37,839.4 1 0
server/public/model/post.go:842.2,842.50 1 0
server/public/model/post.go:842.50,843.67 1 0
server/public/model/post.go:843.67,845.4 1 0
server/public/model/post.go:848.2,848.44 1 0
server/public/model/post.go:848.44,849.52 1 0
server/public/model/post.go:849.52,851.4 1 0
server/public/model/post.go:854.2,854.36 1 0
server/public/model/post.go:854.36,855.37 1 0
server/public/model/post.go:855.37,857.4 1 0
server/public/model/post.go:860.2,860.30 1 0
server/public/model/post.go:863.39,865.2 1 0
server/public/model/post.go:868.32,870.2 1 0
server/public/model/post.go:873.37,874.23 1 0
server/public/model/post.go:874.23,876.3 1 0
server/public/model/post.go:877.2,877.11 1 0
server/public/model/post.go:880.42,891.2 1 0
server/public/model/post.go:893.40,894.27 1 0
server/public/model/post.go:894.27,896.3 1 0
server/public/model/post.go:898.2,898.26 1 0
server/public/model/post.go:898.26,900.3 1 0
server/public/model/post.go:902.2,902.24 1 0
server/public/model/post.go:902.24,905.3 2 0
server/public/model/post.go:907.2,907.26 1 0
server/public/model/post.go:907.26,909.3 1 0
server/public/model/post.go:911.2,911.31 1 0
server/public/model/post.go:911.31,913.3 1 0
server/public/model/post.go:916.43,918.2 1 0
server/public/model/post.go:922.46,933.42 5 0
server/public/model/post.go:933.42,934.33 1 0
server/public/model/post.go:934.33,937.4 2 0
server/public/model/post.go:940.2,940.45 1 0
server/public/model/post.go:940.45,941.33 1 0
server/public/model/post.go:941.33,944.4 2 0
server/public/model/post.go:947.2,947.20 1 0
server/public/model/post.go:951.50,953.17 2 0
server/public/model/post.go:953.17,955.3 1 0
server/public/model/post.go:956.2,956.16 1 0
server/public/model/post.go:960.48,961.22 1 0
server/public/model/post.go:961.22,963.3 1 0
server/public/model/post.go:964.2,964.69 1 0
server/public/model/post.go:964.69,965.21 1 0
server/public/model/post.go:965.21,967.4 1 0
server/public/model/post.go:968.3,968.55 1 0
server/public/model/post.go:972.72,975.39 3 0
server/public/model/post.go:975.39,977.3 1 0
server/public/model/post.go:978.2,978.8 1 0
server/public/model/post.go:981.51,982.83 1 0
server/public/model/post.go:982.83,984.3 1 0
server/public/model/post.go:985.2,986.68 2 0
server/public/model/post.go:986.68,987.42 1 0
server/public/model/post.go:987.42,988.56 1 0
server/public/model/post.go:988.56,990.45 2 0
server/public/model/post.go:990.45,993.45 2 0
server/public/model/post.go:993.45,994.24 1 0
server/public/model/post.go:994.24,997.8 2 0
server/public/model/post.go:999.6,1003.43 3 0
server/public/model/post.go:1003.43,1004.23 1 0
server/public/model/post.go:1004.23,1007.8 2 0
server/public/model/post.go:1009.6,1010.33 2 0
server/public/model/post.go:1015.2,1015.12 1 0
server/public/model/post.go:1018.51,1022.47 3 0
server/public/model/post.go:1022.47,1024.3 1 0
server/public/model/post.go:1026.2,1026.29 1 0
server/public/model/post.go:1026.29,1027.50 1 0
server/public/model/post.go:1027.50,1029.4 1 0
server/public/model/post.go:1032.2,1032.13 1 0
server/public/model/post.go:1045.68,1048.61 3 0
server/public/model/post.go:1048.61,1050.3 1 0
server/public/model/post.go:1051.2,1051.14 1 0
server/public/model/post.go:1060.69,1061.38 1 0
server/public/model/post.go:1061.38,1063.3 1 0
server/public/model/post.go:1065.2,1067.57 2 0
server/public/model/post.go:1067.57,1068.36 1 0
server/public/model/post.go:1069.33,1070.65 1 0
server/public/model/post.go:1071.30,1072.45 1 0
server/public/model/post.go:1073.11,1074.15 1 0
server/public/model/post.go:1076.3,1076.14 1 0
server/public/model/post.go:1079.2,1079.19 1 0
server/public/model/post.go:1079.19,1081.3 1 0
server/public/model/post.go:1083.2,1083.41 1 0
server/public/model/post.go:1083.41,1085.3 1 0
server/public/model/post.go:1087.2,1092.27 5 0
server/public/model/post.go:1092.27,1093.10 1 0
server/public/model/post.go:1094.15,1094.15 0 0
server/public/model/post.go:1095.43,1096.27 1 0
server/public/model/post.go:1097.11,1098.12 1 0
server/public/model/post.go:1100.3,1104.35 5 0
server/public/model/post.go:1107.2,1110.31 3 0
server/public/model/post.go:1110.31,1113.3 2 0
server/public/model/post.go:1114.2,1116.23 2 0
server/public/model/post.go:1119.38,1122.2 2 0
server/public/model/post.go:1124.39,1125.16 1 0
server/public/model/post.go:1125.16,1127.3 1 0
server/public/model/post.go:1128.2,1128.10 1 0
server/public/model/post.go:1131.34,1134.70 3 0
server/public/model/post.go:1134.70,1136.3 1 0
server/public/model/post.go:1137.2,1137.10 1 0
server/public/model/post.go:1140.46,1141.23 1 0
server/public/model/post.go:1141.23,1143.3 1 0
server/public/model/post.go:1144.2,1144.42 1 0
server/public/model/post.go:1144.42,1145.55 1 0
server/public/model/post.go:1145.55,1146.56 1 0
server/public/model/post.go:1146.56,1148.5 1 0
server/public/model/post.go:1151.2,1151.12 1 0
server/public/model/post.go:1154.46,1155.63 1 0
server/public/model/post.go:1155.63,1157.3 1 0
server/public/model/post.go:1158.2,1158.11 1 0
server/public/model/post.go:1161.44,1162.23 1 0
server/public/model/post.go:1162.23,1164.3 1 0
server/public/model/post.go:1165.2,1165.28 1 0
server/public/model/post.go:1168.50,1170.21 2 0
server/public/model/post.go:1170.21,1172.3 1 0
server/public/model/post.go:1173.2,1173.41 1 0
server/public/model/post.go:1176.40,1178.21 2 0
server/public/model/post.go:1178.21,1180.3 1 0
server/public/model/post.go:1181.2,1181.30 1 0
server/public/model/post.go:1184.32,1186.25 2 0
server/public/model/post.go:1186.25,1188.3 1 0
server/public/model/post.go:1190.2,1190.34 1 0
server/public/model/post.go:1190.34,1192.3 1 0
server/public/model/post.go:1194.2,1194.53 1 0
server/public/model/post.go:1197.34,1203.2 5 0
server/public/model/post.go:1218.52,1223.2 1 0
server/public/model/post.go:1327.54,1329.29 1 0
server/public/model/post.go:1329.29,1331.3 1 0
server/public/model/post.go:1334.2,1334.92 1 0
server/public/model/post.go:1334.92,1336.3 1 0
server/public/model/post.go:1339.2,1339.99 1 0
server/public/model/post.go:1339.99,1341.3 1 0
server/public/model/post.go:1344.2,1344.48 1 0
server/public/model/post.go:1344.48,1346.3 1 0
server/public/model/post.go:1350.2,1350.12 1 0
server/public/model/post.go:1359.172,1369.2 2 0
server/public/model/post.go:1373.82,1375.16 2 0
server/public/model/post.go:1375.16,1377.3 1 0
server/public/model/post.go:1379.2,1380.21 2 0
server/public/model/post.go:1380.21,1382.3 1 0
server/public/model/post.go:1384.2,1385.16 2 0
server/public/model/post.go:1385.16,1387.3 1 0
server/public/model/post.go:1388.2,1388.18 1 0
server/public/model/post.go:1388.18,1390.3 1 0
server/public/model/post.go:1392.2,1393.16 2 0
server/public/model/post.go:1393.16,1395.3 1 0
server/public/model/post.go:1397.2,1398.16 2 0
server/public/model/post.go:1398.16,1400.3 1 0
server/public/model/post.go:1402.2,1403.16 2 0
server/public/model/post.go:1403.16,1405.3 1 0
server/public/model/post.go:1407.2,1415.8 1 0
server/public/model/post_acknowledgement.go:16.51,17.26 1 0
server/public/model/post_acknowledgement.go:17.26,19.3 1 0
server/public/model/post_acknowledgement.go:21.2,21.26 1 0
server/public/model/post_acknowledgement.go:21.26,23.3 1 0
server/public/model/post_acknowledgement.go:25.2,25.29 1 0
server/public/model/post_acknowledgement.go:25.29,27.3 1 0
server/public/model/post_acknowledgement.go:29.2,29.12 1 0
server/public/model/post_acknowledgement.go:32.52,33.23 1 0
server/public/model/post_acknowledgement.go:33.23,35.3 1 0
server/public/model/post_acknowledgement.go:36.2,36.11 1 0
server/public/model/post_acknowledgement.go:39.41,40.27 1 0
server/public/model/post_acknowledgement.go:40.27,42.3 1 0
server/public/model/post_deletion_report.go:23.43,24.11 1 0
server/public/model/post_deletion_report.go:25.19,26.15 1 0
server/public/model/post_deletion_report.go:27.18,28.15 1 0
server/public/model/post_deletion_report.go:29.19,30.18 1 0
server/public/model/post_deletion_report.go:31.25,32.15 1 0
server/public/model/post_deletion_report.go:33.10,34.15 1 0
server/public/model/post_deletion_report.go:38.64,39.11 1 0
server/public/model/post_deletion_report.go:40.19,41.54 1 0
server/public/model/post_deletion_report.go:42.18,43.53 1 0
server/public/model/post_deletion_report.go:44.19,45.54 1 0
server/public/model/post_deletion_report.go:46.25,47.61 1 0
server/public/model/post_deletion_report.go:48.10,49.54 1 0
server/public/model/post_deletion_report.go:76.108,83.2 1 0
server/public/model/post_deletion_report.go:85.147,93.2 1 0
server/public/model/post_deletion_report.go:95.119,96.18 1 0
server/public/model/post_deletion_report.go:96.18,98.3 1 0
server/public/model/post_deletion_report.go:99.2,99.27 1 0
server/public/model/post_deletion_report.go:99.27,100.45 1 0
server/public/model/post_deletion_report.go:100.45,102.4 1 0
server/public/model/post_deletion_report.go:103.3,103.33 1 0
server/public/model/post_deletion_report.go:105.2,105.18 1 0
server/public/model/post_deletion_report.go:108.66,125.31 9 0
server/public/model/post_deletion_report.go:125.31,128.3 2 0
server/public/model/post_deletion_report.go:130.2,133.41 3 0
server/public/model/post_deletion_report.go:133.41,135.3 1 0
server/public/model/post_deletion_report.go:137.2,137.19 1 0
server/public/model/post_deletion_report.go:140.73,147.41 4 0
server/public/model/post_deletion_report.go:147.41,149.3 1 0
server/public/model/post_deletion_report.go:151.2,151.19 1 0
server/public/model/post_deletion_report.go:154.117,158.28 3 0
server/public/model/post_deletion_report.go:158.28,162.37 4 0
server/public/model/post_deletion_report.go:162.37,163.33 1 0
server/public/model/post_deletion_report.go:163.33,165.5 1 0
server/public/model/post_deletion_report.go:165.10,167.5 1 0
server/public/model/post_deletion_report.go:169.3,174.37 2 0
server/public/model/post_deletion_report.go:174.37,177.23 3 0
server/public/model/post_deletion_report.go:177.23,179.5 1 0
server/public/model/post_deletion_report.go:180.4,181.23 2 0
server/public/model/post_deletion_report.go:183.8,185.29 2 0
server/public/model/post_deletion_report.go:185.29,187.4 1 0
server/public/model/post_deletion_report.go:188.3,188.36 1 0
server/public/model/post_deletion_report.go:190.2,190.21 1 0
server/public/model/post_deletion_report.go:193.100,194.20 1 0
server/public/model/post_deletion_report.go:194.20,196.3 1 0
server/public/model/post_deletion_report.go:197.2,198.25 2 0
server/public/model/post_deletion_report.go:198.25,199.47 1 0
server/public/model/post_deletion_report.go:199.47,201.4 1 0
server/public/model/post_deletion_report.go:203.2,203.26 1 0
server/public/model/post_deletion_report.go:206.91,213.31 4 0
server/public/model/post_deletion_report.go:213.31,218.3 3 0
server/public/model/post_deletion_report.go:221.92,222.31 1 0
server/public/model/post_deletion_report.go:222.31,223.22 1 0
server/public/model/post_deletion_report.go:224.20,225.13 1 0
server/public/model/post_deletion_report.go:226.19,227.12 1 0
server/public/model/post_deletion_report.go:228.20,229.13 1 0
server/public/model/post_deletion_report.go:230.26,231.19 1 0
server/public/model/post_deletion_report.go:234.2,234.8 1 0
server/public/model/post_deletion_report.go:237.60,239.29 2 0
server/public/model/post_deletion_report.go:239.29,240.30 1 0
server/public/model/post_deletion_report.go:240.30,242.4 1 0
server/public/model/post_deletion_report.go:244.2,244.14 1 0
server/public/model/post_embed.go:27.49,33.2 1 0
server/public/model/post_list.go:26.30,34.2 1 0
server/public/model/post_list.go:36.38,40.28 4 0
server/public/model/post_list.go:40.28,42.3 1 0
server/public/model/post_list.go:43.2,44.38 2 0
server/public/model/post_list.go:44.38,46.3 1 0
server/public/model/post_list.go:47.2,55.3 1 0
server/public/model/post_list.go:58.42,60.33 2 0
server/public/model/post_list.go:60.33,62.3 1 0
server/public/model/post_list.go:63.2,63.15 1 0
server/public/model/post_list.go:66.38,69.30 2 0
server/public/model/post_list.go:69.30,71.3 1 0
server/public/model/post_list.go:73.2,73.29 1 0
server/public/model/post_list.go:73.29,75.3 1 0
server/public/model/post_list.go:76.2,76.14 1 0
server/public/model/post_list.go:79.76,82.32 3 0
server/public/model/post_list.go:82.32,84.3 1 0
server/public/model/post_list.go:85.2,85.16 1 0
server/public/model/post_list.go:88.46,91.30 3 0
server/public/model/post_list.go:91.30,95.3 3 0
server/public/model/post_list.go:98.45,103.2 4 0
server/public/model/post_list.go:105.50,108.2 2 0
server/public/model/post_list.go:110.33,111.20 1 0
server/public/model/post_list.go:111.20,113.3 1 0
server/public/model/post_list.go:115.2,115.20 1 0
server/public/model/post_list.go:115.20,117.3 1 0
server/public/model/post_list.go:119.2,119.28 1 0
server/public/model/post_list.go:119.28,121.3 1 0
server/public/model/post_list.go:124.40,125.20 1 0
server/public/model/post_list.go:125.20,127.3 1 0
server/public/model/post_list.go:129.2,129.31 1 0
server/public/model/post_list.go:132.40,133.20 1 0
server/public/model/post_list.go:133.20,135.3 1 0
server/public/model/post_list.go:137.2,137.37 1 0
server/public/model/post_list.go:137.37,139.3 1 0
server/public/model/post_list.go:141.2,141.25 1 0
server/public/model/post_list.go:144.34,147.33 3 0
server/public/model/post_list.go:147.33,148.39 1 0
server/public/model/post_list.go:148.39,151.4 2 0
server/public/model/post_list.go:154.2,154.17 1 0
server/public/model/post_list.go:157.44,158.34 1 0
server/public/model/post_list.go:158.34,160.3 1 0
server/public/model/post_list.go:162.2,162.37 1 0
server/public/model/post_list.go:162.37,164.3 1 0
server/public/model/post_list.go:166.2,166.17 1 0
server/public/model/post_list.go:169.37,170.42 1 0
server/public/model/post_list.go:170.42,172.3 1 0
server/public/model/post_list.go:175.34,179.28 3 0
server/public/model/post_list.go:179.28,180.21 1 0
server/public/model/post_list.go:180.21,183.4 2 0
server/public/model/post_list.go:183.9,183.42 1 0
server/public/model/post_list.go:183.42,186.4 2 0
server/public/model/post_list.go:189.2,190.22 2 0
server/public/model/post_list.go:190.22,192.3 1 0
server/public/model/post_list.go:194.2,194.29 1 0
server/public/model/post_list.go:197.55,198.28 1 0
server/public/model/post_list.go:198.28,199.31 1 0
server/public/model/post_list.go:199.31,201.4 1 0
server/public/model/post_list.go:204.2,204.13 1 0
server/public/model/post_list.go:207.62,214.21 5 0
server/public/model/post_list.go:214.21,217.3 1 0
server/public/model/post_list.go:220.2,222.23 2 0
server/public/model/post_list.go:222.23,226.37 2 0
server/public/model/post_list.go:226.37,229.4 2 0
server/public/model/post_list.go:231.3,233.35 2 0
server/public/model/post_list.go:237.2,240.12 3 0
server/public/model/post_metadata.go:57.51,59.30 2 0
server/public/model/post_metadata.go:59.30,61.3 1 0
server/public/model/post_metadata.go:62.2,62.22 1 0
server/public/model/post_metadata.go:62.22,64.3 1 0
server/public/model/post_metadata.go:66.2,76.3 1 0
server/public/model/post_metadata.go:91.45,114.23 16 0
server/public/model/post_metadata.go:114.23,122.3 1 0
server/public/model/post_metadata.go:124.2,134.3 1 0
server/public/model/post_search_results.go:18.91,23.2 1 0
server/public/model/post_search_results.go:25.54,30.2 4 0
server/public/model/post_search_results.go:32.59,35.2 2 0
server/public/model/post_search_results.go:37.60,41.2 3 0
server/public/model/post_search_results.go:43.56,47.23 3 0
server/public/model/post_search_results.go:47.23,50.3 2 0
server/public/model/post_search_results.go:52.2,55.3 1 0
server/public/model/preference.go:132.42,133.26 1 0
server/public/model/preference.go:133.26,135.3 1 0
server/public/model/preference.go:137.2,137.46 1 0
server/public/model/preference.go:137.46,139.3 1 0
server/public/model/preference.go:141.2,141.22 1 0
server/public/model/preference.go:141.22,143.3 1 0
server/public/model/preference.go:145.2,145.64 1 0
server/public/model/preference.go:145.64,147.3 1 0
server/public/model/preference.go:149.2,149.43 1 0
server/public/model/preference.go:149.43,151.85 2 0
server/public/model/preference.go:151.85,153.4 1 0
server/public/model/preference.go:156.2,156.95 1 0
server/public/model/preference.go:156.95,158.108 2 0
server/public/model/preference.go:158.108,160.4 1 0
server/public/model/preference.go:163.2,163.12 1 0
server/public/model/preference.go:168.34,169.43 1 0
server/public/model/preference.go:169.43,176.34 3 0
server/public/model/preference.go:176.34,177.64 1 0
server/public/model/preference.go:177.64,178.13 1 0
server/public/model/preference.go:181.4,181.49 1 0
server/public/model/preference.go:181.49,183.5 1 0
server/public/model/preference.go:186.3,186.48 1 0
server/public/model/preference.go:186.48,188.4 1 0
server/public/model/product_notices.go:15.52,17.2 1 0
server/public/model/product_notices.go:19.67,23.2 3 0
server/public/model/product_notices.go:34.45,36.2 1 0
server/public/model/product_notices.go:38.46,40.2 1 0
server/public/model/product_notices.go:75.52,77.2 1 0
server/public/model/product_notices.go:79.77,83.2 3 0
server/public/model/product_notices.go:89.58,91.2 1 0
server/public/model/product_notices.go:93.70,94.12 1 0
server/public/model/product_notices.go:95.25,96.14 1 0
server/public/model/product_notices.go:97.28,98.33 1 0
server/public/model/product_notices.go:99.30,100.18 1 0
server/public/model/product_notices.go:101.31,102.19 1 0
server/public/model/product_notices.go:104.2,104.14 1 0
server/public/model/product_notices.go:120.64,120.81 1 0
server/public/model/product_notices.go:122.65,123.12 1 0
server/public/model/product_notices.go:124.27,125.14 1 0
server/public/model/product_notices.go:126.30,127.86 1 0
server/public/model/product_notices.go:128.10,129.21 1 0
server/public/model/product_notices.go:142.69,143.11 1 0
server/public/model/product_notices.go:144.13,145.34 1 0
server/public/model/product_notices.go:146.20,147.40 1 0
server/public/model/product_notices.go:148.24,149.44 1 0
server/public/model/product_notices.go:150.17,151.38 1 0
server/public/model/product_notices.go:153.2,153.72 1 0
server/public/model/product_notices.go:160.70,160.87 1 0
server/public/model/product_notices.go:161.57,162.34 1 0
server/public/model/product_notices.go:162.34,164.3 1 0
server/public/model/product_notices.go:165.2,165.47 1 0
server/public/model/product_notices.go:165.47,167.3 1 0
server/public/model/product_notices.go:168.2,168.47 1 0
server/public/model/product_notices.go:168.47,170.3 1 0
server/public/model/product_notices.go:171.2,171.13 1 0
server/public/model/product_notices.go:184.43,184.60 1 0
server/public/model/product_notices.go:185.44,186.12 1 0
server/public/model/product_notices.go:187.20,188.14 1 0
server/public/model/product_notices.go:189.34,190.17 1 0
server/public/model/product_notices.go:191.10,192.25 1 0
server/public/model/property_access.go:23.56,24.20 1 0
server/public/model/property_access.go:27.32,28.14 1 0
server/public/model/property_access.go:30.2,30.14 1 0
server/public/model/property_access.go:35.58,36.24 1 0
server/public/model/property_access.go:36.24,38.3 1 0
server/public/model/property_access.go:40.2,41.24 2 0
server/public/model/property_access.go:46.48,47.20 1 0
server/public/model/property_access.go:47.20,49.3 1 0
server/public/model/property_access.go:50.2,51.9 2 0
server/public/model/property_access.go:51.9,53.3 1 0
server/public/model/property_access.go:54.2,54.19 1 0
server/public/model/property_access.go:59.66,60.24 1 0
server/public/model/property_access.go:60.24,62.3 1 0
server/public/model/property_access.go:64.2,65.9 2 0
server/public/model/property_access.go:65.9,68.3 1 0
server/public/model/property_access.go:71.2,71.44 1 0
server/public/model/property_access.go:71.44,73.3 1 0
server/public/model/property_access.go:76.2,76.94 1 0
server/public/model/property_access.go:76.94,77.39 1 0
server/public/model/property_access.go:77.39,79.4 1 0
server/public/model/property_access.go:86.2,86.133 1 0
server/public/model/property_access.go:86.133,88.3 1 0
server/public/model/property_access.go:90.2,90.12 1 0
server/public/model/property_access_control.go:34.73,36.2 1 0
server/public/model/property_access_control.go:40.62,41.63 1 0
server/public/model/property_access_control.go:41.63,42.31 1 0
server/public/model/property_access_control.go:42.31,44.4 1 0
server/public/model/property_access_control.go:46.2,46.18 1 0
server/public/model/property_field.go:105.53,126.2 1 0
server/public/model/property_field.go:130.36,131.17 1 0
server/public/model/property_field.go:131.17,133.3 1 0
server/public/model/property_field.go:135.2,137.17 3 0
server/public/model/property_field.go:142.50,143.83 1 0
server/public/model/property_field.go:143.83,145.3 1 0
server/public/model/property_field.go:147.2,147.21 1 0
server/public/model/property_field.go:147.21,149.3 1 0
server/public/model/property_field.go:151.2,152.9 2 0
server/public/model/property_field.go:152.9,154.3 1 0
server/public/model/property_field.go:157.2,158.16 2 0
server/public/model/property_field.go:158.16,160.3 1 0
server/public/model/property_field.go:162.2,163.63 2 0
server/public/model/property_field.go:163.63,165.3 1 0
server/public/model/property_field.go:167.2,167.33 1 0
server/public/model/property_field.go:167.33,168.55 1 0
server/public/model/property_field.go:168.55,170.4 1 0
server/public/model/property_field.go:174.2,175.30 2 0
server/public/model/property_field.go:175.30,177.3 1 0
server/public/model/property_field.go:178.2,180.12 2 0
server/public/model/property_field.go:183.42,184.23 1 0
server/public/model/property_field.go:184.23,186.3 1 0
server/public/model/property_field.go:188.2,188.28 1 0
server/public/model/property_field.go:188.28,190.3 1 0
server/public/model/property_field.go:192.2,192.19 1 0
server/public/model/property_field.go:192.19,194.3 1 0
server/public/model/property_field.go:196.2,196.65 1 0
server/public/model/property_field.go:196.65,198.3 1 0
server/public/model/property_field.go:200.2,200.77 1 0
server/public/model/property_field.go:200.77,202.3 1 0
server/public/model/property_field.go:204.2,204.73 1 0
server/public/model/property_field.go:204.73,206.3 1 0
server/public/model/property_field.go:208.2,208.77 1 0
server/public/model/property_field.go:208.77,210.3 1 0
server/public/model/property_field.go:213.2,213.18 1 0
server/public/model/property_field.go:213.18,214.53 1 0
server/public/model/property_field.go:214.53,216.4 1 0
server/public/model/property_field.go:218.3,218.58 1 0
server/public/model/property_field.go:218.58,220.4 1 0
server/public/model/property_field.go:222.3,222.24 1 0
server/public/model/property_field.go:223.47,224.25 1 0
server/public/model/property_field.go:224.25,226.5 1 0
server/public/model/property_field.go:227.86,228.31 1 0
server/public/model/property_field.go:228.31,230.5 1 0
server/public/model/property_field.go:234.3,234.112 1 0
server/public/model/property_field.go:234.112,236.4 1 0
server/public/model/property_field.go:237.8,239.19 1 0
server/public/model/property_field.go:239.19,241.4 1 0
server/public/model/property_field.go:243.3,243.32 1 0
server/public/model/property_field.go:243.32,245.4 1 0
server/public/model/property_field.go:247.3,247.33 1 0
server/public/model/property_field.go:247.33,249.4 1 0
server/public/model/property_field.go:251.3,251.34 1 0
server/public/model/property_field.go:251.34,253.4 1 0
server/public/model/property_field.go:256.2,261.41 1 0
server/public/model/property_field.go:261.41,263.3 1 0
server/public/model/property_field.go:268.2,268.89 1 0
server/public/model/property_field.go:268.89,270.3 1 0
server/public/model/property_field.go:273.2,273.108 1 0
server/public/model/property_field.go:273.108,275.3 1 0
server/public/model/property_field.go:277.2,277.22 1 0
server/public/model/property_field.go:277.22,279.3 1 0
server/public/model/property_field.go:281.2,281.22 1 0
server/public/model/property_field.go:281.22,283.3 1 0
server/public/model/property_field.go:285.2,285.95 1 0
server/public/model/property_field.go:285.95,287.3 1 0
server/public/model/property_field.go:289.2,289.97 1 0
server/public/model/property_field.go:289.97,291.3 1 0
server/public/model/property_field.go:293.2,293.99 1 0
server/public/model/property_field.go:293.99,295.3 1 0
server/public/model/property_field.go:298.2,298.18 1 0
server/public/model/property_field.go:298.18,299.32 1 0
server/public/model/property_field.go:299.32,301.4 1 0
server/public/model/property_field.go:302.3,302.49 1 0
server/public/model/property_field.go:302.49,304.4 1 0
server/public/model/property_field.go:308.2,308.94 1 0
server/public/model/property_field.go:308.94,310.3 1 0
server/public/model/property_field.go:312.2,312.12 1 0
server/public/model/property_field.go:324.59,333.2 1 0
server/public/model/property_field.go:335.48,336.40 1 0
server/public/model/property_field.go:336.40,338.3 1 0
server/public/model/property_field.go:340.2,340.86 1 0
server/public/model/property_field.go:340.86,342.3 1 0
server/public/model/property_field.go:344.2,344.104 1 0
server/public/model/property_field.go:344.104,346.3 1 0
server/public/model/property_field.go:348.2,348.98 1 0
server/public/model/property_field.go:348.98,350.3 1 0
server/public/model/property_field.go:352.2,358.43 1 0
server/public/model/property_field.go:358.43,360.3 1 0
server/public/model/property_field.go:362.2,362.12 1 0
server/public/model/property_field.go:368.76,369.23 1 0
server/public/model/property_field.go:369.23,371.3 1 0
server/public/model/property_field.go:373.2,373.23 1 0
server/public/model/property_field.go:373.23,375.3 1 0
server/public/model/property_field.go:377.2,377.24 1 0
server/public/model/property_field.go:377.24,378.17 1 0
server/public/model/property_field.go:378.17,379.23 1 0
server/public/model/property_field.go:379.23,381.5 1 0
server/public/model/property_field.go:382.4,382.41 1 0
server/public/model/property_field.go:382.41,383.21 1 0
server/public/model/property_field.go:383.21,385.6 1 0
server/public/model/property_field.go:385.11,387.6 1 0
server/public/model/property_field.go:389.9,391.4 1 0
server/public/model/property_field.go:394.2,394.27 1 0
server/public/model/property_field.go:394.27,396.3 1 0
server/public/model/property_field.go:398.2,398.29 1 0
server/public/model/property_field.go:398.29,400.3 1 0
server/public/model/property_field.go:402.2,402.32 1 0
server/public/model/property_field.go:402.32,403.33 1 0
server/public/model/property_field.go:403.33,406.4 1 0
server/public/model/property_field.go:406.9,408.4 1 0
server/public/model/property_field.go:416.41,418.2 1 0
server/public/model/property_field.go:423.41,425.2 1 0
server/public/model/property_field.go:429.66,431.2 1 0
server/public/model/property_field.go:435.61,437.2 1 0
server/public/model/property_field.go:444.51,446.2 1 0
server/public/model/property_field.go:448.52,449.17 1 0
server/public/model/property_field.go:449.17,451.3 1 0
server/public/model/property_field.go:453.2,453.21 1 0
server/public/model/property_field.go:453.21,455.3 1 0
server/public/model/property_field.go:457.2,457.35 1 0
server/public/model/property_field.go:457.35,459.3 1 0
server/public/model/property_field.go:460.2,460.12 1 0
server/public/model/property_field.go:485.50,487.2 1 0
server/public/model/property_field.go:500.101,503.16 3 0
server/public/model/property_field.go:503.16,505.3 1 0
server/public/model/property_field.go:507.2,508.16 2 0
server/public/model/property_field.go:508.16,510.3 1 0
server/public/model/property_field.go:512.2,512.25 1 0
server/public/model/property_field.go:512.25,513.31 1 0
server/public/model/property_field.go:513.31,515.4 1 0
server/public/model/property_field.go:518.2,518.21 1 0
server/public/model/property_field.go:521.45,522.17 1 0
server/public/model/property_field.go:522.17,524.3 1 0
server/public/model/property_field.go:526.2,527.27 2 0
server/public/model/property_field.go:527.27,528.42 1 0
server/public/model/property_field.go:528.42,530.4 1 0
server/public/model/property_field.go:532.3,532.55 1 0
server/public/model/property_field.go:532.55,534.4 1 0
server/public/model/property_field.go:535.3,535.43 1 0
server/public/model/property_field.go:538.2,538.12 1 0
server/public/model/property_field.go:547.69,554.2 1 0
server/public/model/property_field.go:556.47,557.19 1 0
server/public/model/property_field.go:557.19,559.3 1 0
server/public/model/property_field.go:560.2,560.21 1 0
server/public/model/property_field.go:563.49,564.19 1 0
server/public/model/property_field.go:564.19,566.3 1 0
server/public/model/property_field.go:567.2,567.23 1 0
server/public/model/property_field.go:570.49,571.19 1 0
server/public/model/property_field.go:571.19,573.3 1 0
server/public/model/property_field.go:574.2,574.19 1 0
server/public/model/property_field.go:577.48,578.19 1 0
server/public/model/property_field.go:578.19,580.3 1 0
server/public/model/property_field.go:582.2,583.14 2 0
server/public/model/property_field.go:583.14,585.3 1 0
server/public/model/property_field.go:587.2,587.20 1 0
server/public/model/property_field.go:587.20,589.3 1 0
server/public/model/property_field.go:591.2,592.16 2 0
server/public/model/property_field.go:592.16,594.3 1 0
server/public/model/property_field.go:596.2,596.12 1 0
server/public/model/property_field.go:600.60,601.19 1 0
server/public/model/property_field.go:601.19,603.3 1 0
server/public/model/property_field.go:604.2,604.20 1 0
server/public/model/property_field.go:608.60,609.19 1 0
server/public/model/property_field.go:609.19,611.3 1 0
server/public/model/property_field.go:612.2,612.21 1 0
server/public/model/property_field.go:616.62,617.19 1 0
server/public/model/property_field.go:617.19,619.3 1 0
server/public/model/property_field.go:620.2,620.29 1 0
server/public/model/property_field.go:624.65,626.54 2 0
server/public/model/property_field.go:626.54,628.3 1 0
server/public/model/property_field.go:629.2,630.12 2 0
server/public/model/property_field_attrs_validation.go:43.52,44.11 1 0
server/public/model/property_field_attrs_validation.go:47.33,48.14 1 0
server/public/model/property_field_attrs_validation.go:49.10,50.15 1 0
server/public/model/property_field_attrs_validation.go:55.51,56.11 1 0
server/public/model/property_field_attrs_validation.go:59.31,60.14 1 0
server/public/model/property_field_attrs_validation.go:61.10,62.15 1 0
server/public/model/property_field_attrs_validation.go:68.66,69.24 1 0
server/public/model/property_field_attrs_validation.go:69.24,71.3 1 0
server/public/model/property_field_attrs_validation.go:73.2,74.9 2 0
server/public/model/property_field_attrs_validation.go:74.9,76.3 1 0
server/public/model/property_field_attrs_validation.go:78.2,79.9 2 0
server/public/model/property_field_attrs_validation.go:79.9,81.3 1 0
server/public/model/property_field_attrs_validation.go:83.2,84.13 2 0
server/public/model/property_field_attrs_validation.go:84.13,86.3 1 0
server/public/model/property_field_attrs_validation.go:88.2,88.40 1 0
server/public/model/property_field_attrs_validation.go:88.40,90.3 1 0
server/public/model/property_field_attrs_validation.go:92.2,92.12 1 0
server/public/model/property_field_attrs_validation.go:97.65,98.24 1 0
server/public/model/property_field_attrs_validation.go:98.24,100.3 1 0
server/public/model/property_field_attrs_validation.go:102.2,103.9 2 0
server/public/model/property_field_attrs_validation.go:103.9,105.3 1 0
server/public/model/property_field_attrs_validation.go:107.2,107.20 1 0
server/public/model/property_field_attrs_validation.go:108.40,109.13 1 0
server/public/model/property_field_attrs_validation.go:110.10,111.63 1 0
server/public/model/property_field_attrs_validation.go:118.87,119.21 1 0
server/public/model/property_field_attrs_validation.go:119.21,121.3 1 0
server/public/model/property_field_attrs_validation.go:123.2,124.52 2 0
server/public/model/property_field_attrs_validation.go:124.52,126.3 1 0
server/public/model/property_field_attrs_validation.go:128.2,129.15 2 0
server/public/model/property_field_attrs_validation.go:129.15,131.3 1 0
server/public/model/property_field_attrs_validation.go:133.2,133.19 1 0
server/public/model/property_field_attrs_validation.go:134.35,135.25 1 0
server/public/model/property_field_attrs_validation.go:135.25,137.4 1 0
server/public/model/property_field_attrs_validation.go:138.33,143.17 2 0
server/public/model/property_field_attrs_validation.go:143.17,145.4 1 0
server/public/model/property_field_attrs_validation.go:146.3,146.37 1 0
server/public/model/property_field_attrs_validation.go:146.37,148.4 1 0
server/public/model/property_field_attrs_validation.go:149.35,149.35 0 0
server/public/model/property_field_attrs_validation.go:151.10,152.56 1 0
server/public/model/property_field_attrs_validation.go:155.2,155.12 1 0
server/public/model/property_field_attrs_validation.go:160.61,161.24 1 0
server/public/model/property_field_attrs_validation.go:161.24,163.3 1 0
server/public/model/property_field_attrs_validation.go:164.2,165.29 2 0
server/public/model/property_field_attrs_validation.go:170.55,171.24 1 0
server/public/model/property_field_attrs_validation.go:171.24,173.3 1 0
server/public/model/property_field_attrs_validation.go:174.2,176.33 3 0
server/public/model/property_field_attrs_validation.go:181.62,182.24 1 0
server/public/model/property_field_attrs_validation.go:182.24,184.3 1 0
server/public/model/property_field_attrs_validation.go:185.2,185.72 1 0
server/public/model/property_field_attrs_validation.go:185.72,187.3 1 0
server/public/model/property_field_attrs_validation.go:188.2,188.72 1 0
server/public/model/property_field_attrs_validation.go:188.72,190.3 1 0
server/public/model/property_field_attrs_validation.go:191.2,191.11 1 0
server/public/model/property_group.go:48.41,50.2 1 0
server/public/model/property_group.go:52.41,54.2 1 0
server/public/model/property_group.go:56.36,57.17 1 0
server/public/model/property_group.go:57.17,59.3 1 0
server/public/model/property_group.go:61.2,61.21 1 0
server/public/model/property_group.go:61.21,63.3 1 0
server/public/model/property_group.go:65.2,65.27 1 0
server/public/model/property_group.go:65.27,67.3 1 0
server/public/model/property_group.go:70.46,71.23 1 0
server/public/model/property_group.go:71.23,73.3 1 0
server/public/model/property_group.go:75.2,75.40 1 0
server/public/model/property_group.go:75.40,77.3 1 0
server/public/model/property_group.go:79.2,79.82 1 0
server/public/model/property_group.go:79.82,81.3 1 0
server/public/model/property_group.go:83.2,83.12 1 0
server/public/model/property_group.go:88.49,90.2 1 0
server/public/model/property_value.go:47.69,48.49 1 0
server/public/model/property_value.go:48.49,50.3 1 0
server/public/model/property_value.go:51.2,51.28 1 0
server/public/model/property_value.go:54.36,55.17 1 0
server/public/model/property_value.go:55.17,57.3 1 0
server/public/model/property_value.go:59.2,59.22 1 0
server/public/model/property_value.go:59.22,61.3 1 0
server/public/model/property_value.go:62.2,62.27 1 0
server/public/model/property_value.go:65.42,66.23 1 0
server/public/model/property_value.go:66.23,68.3 1 0
server/public/model/property_value.go:70.2,70.63 1 0
server/public/model/property_value.go:70.63,72.3 1 0
server/public/model/property_value.go:74.2,74.25 1 0
server/public/model/property_value.go:74.25,76.3 1 0
server/public/model/property_value.go:78.2,78.77 1 0
server/public/model/property_value.go:78.77,80.3 1 0
server/public/model/property_value.go:82.2,82.73 1 0
server/public/model/property_value.go:82.73,84.3 1 0
server/public/model/property_value.go:86.2,86.28 1 0
server/public/model/property_value.go:86.28,88.3 1 0
server/public/model/property_value.go:90.2,90.28 1 0
server/public/model/property_value.go:90.28,92.3 1 0
server/public/model/property_value.go:94.2,94.22 1 0
server/public/model/property_value.go:94.22,96.3 1 0
server/public/model/property_value.go:98.2,98.22 1 0
server/public/model/property_value.go:98.22,100.3 1 0
server/public/model/property_value.go:102.2,102.12 1 0
server/public/model/property_value.go:110.51,112.2 1 0
server/public/model/property_value.go:114.52,115.17 1 0
server/public/model/property_value.go:115.17,117.3 1 0
server/public/model/property_value.go:119.2,119.21 1 0
server/public/model/property_value.go:119.21,121.3 1 0
server/public/model/property_value.go:123.2,123.35 1 0
server/public/model/property_value.go:123.35,125.3 1 0
server/public/model/property_value.go:126.2,126.12 1 0
server/public/model/property_value.go:165.65,166.19 1 0
server/public/model/property_value.go:166.19,168.3 1 0
server/public/model/property_value.go:170.2,171.48 2 0
server/public/model/property_value.go:171.48,173.19 2 0
server/public/model/property_value.go:173.19,175.4 1 0
server/public/model/property_value.go:176.3,177.17 2 0
server/public/model/property_value.go:177.17,179.4 1 0
server/public/model/property_value.go:180.3,180.13 1 0
server/public/model/property_value.go:183.2,184.50 2 0
server/public/model/property_value.go:184.50,187.25 3 0
server/public/model/property_value.go:187.25,189.14 2 0
server/public/model/property_value.go:189.14,191.5 1 0
server/public/model/property_value.go:192.4,192.15 1 0
server/public/model/property_value.go:192.15,193.16 1 0
server/public/model/property_value.go:193.16,195.6 1 0
server/public/model/property_value.go:196.5,196.13 1 0
server/public/model/property_value.go:198.4,198.34 1 0
server/public/model/property_value.go:200.3,200.44 1 0
server/public/model/property_value.go:200.44,202.4 1 0
server/public/model/property_value.go:203.3,204.17 2 0
server/public/model/property_value.go:204.17,206.4 1 0
server/public/model/property_value.go:207.3,207.13 1 0
server/public/model/property_value.go:210.2,210.12 1 0
server/public/model/push_notification.go:101.58,104.2 2 0
server/public/model/push_notification.go:106.69,107.56 1 0
server/public/model/push_notification.go:107.56,110.3 2 0
server/public/model/push_response.go:16.39,20.2 3 0
server/public/model/push_response.go:22.43,26.2 3 0
server/public/model/push_response.go:28.56,33.2 4 0
server/public/model/reaction.go:22.40,23.26 1 0
server/public/model/reaction.go:23.26,25.3 1 0
server/public/model/reaction.go:27.2,27.26 1 0
server/public/model/reaction.go:27.26,29.3 1 0
server/public/model/reaction.go:31.2,33.103 2 0
server/public/model/reaction.go:33.103,35.3 1 0
server/public/model/reaction.go:37.2,37.21 1 0
server/public/model/reaction.go:37.21,39.3 1 0
server/public/model/reaction.go:41.2,41.21 1 0
server/public/model/reaction.go:41.21,43.3 1 0
server/public/model/reaction.go:45.2,45.12 1 0
server/public/model/reaction.go:48.30,49.21 1 0
server/public/model/reaction.go:49.21,51.3 1 0
server/public/model/reaction.go:52.2,55.23 3 0
server/public/model/reaction.go:55.23,57.3 1 0
server/public/model/reaction.go:60.32,63.23 2 0
server/public/model/reaction.go:63.23,65.3 1 0
server/public/model/reaction.go:68.41,69.23 1 0
server/public/model/reaction.go:69.23,71.3 1 0
server/public/model/reaction.go:72.2,72.20 1 0
server/public/model/recap.go:58.44,60.37 2 0
server/public/model/recap.go:60.37,62.3 1 0
server/public/model/recap.go:64.2,76.3 1 0
server/public/model/remote_cluster.go:48.48,50.2 1 0
server/public/model/remote_cluster.go:52.41,54.2 1 0
server/public/model/remote_cluster.go:56.43,58.2 1 0
server/public/model/remote_cluster.go:79.53,95.2 1 0
server/public/model/remote_cluster.go:97.36,98.23 1 0
server/public/model/remote_cluster.go:98.23,100.3 1 0
server/public/model/remote_cluster.go:102.2,102.26 1 0
server/public/model/remote_cluster.go:102.26,104.3 1 0
server/public/model/remote_cluster.go:106.2,110.20 4 0
server/public/model/remote_cluster.go:110.20,112.3 1 0
server/public/model/remote_cluster.go:114.2,114.22 1 0
server/public/model/remote_cluster.go:114.22,116.3 1 0
server/public/model/remote_cluster.go:117.2,117.16 1 0
server/public/model/remote_cluster.go:120.46,121.29 1 0
server/public/model/remote_cluster.go:121.29,123.3 1 0
server/public/model/remote_cluster.go:125.2,125.33 1 0
server/public/model/remote_cluster.go:125.33,127.3 1 0
server/public/model/remote_cluster.go:129.2,129.22 1 0
server/public/model/remote_cluster.go:129.22,131.3 1 0
server/public/model/remote_cluster.go:133.2,133.30 1 0
server/public/model/remote_cluster.go:133.30,135.3 1 0
server/public/model/remote_cluster.go:137.2,137.22 1 0
server/public/model/remote_cluster.go:137.22,139.3 1 0
server/public/model/remote_cluster.go:141.2,141.60 1 0
server/public/model/remote_cluster.go:141.60,143.3 1 0
server/public/model/remote_cluster.go:145.2,145.12 1 0
server/public/model/remote_cluster.go:148.37,151.2 2 0
server/public/model/remote_cluster.go:158.59,163.2 1 0
server/public/model/remote_cluster.go:165.59,166.30 1 0
server/public/model/remote_cluster.go:166.30,168.3 1 0
server/public/model/remote_cluster.go:170.2,170.32 1 0
server/public/model/remote_cluster.go:170.32,172.3 1 0
server/public/model/remote_cluster.go:186.61,188.2 1 0
server/public/model/remote_cluster.go:190.54,192.2 1 0
server/public/model/remote_cluster.go:194.56,196.2 1 0
server/public/model/remote_cluster.go:198.39,199.66 1 0
server/public/model/remote_cluster.go:199.66,201.3 1 0
server/public/model/remote_cluster.go:202.2,202.44 1 0
server/public/model/remote_cluster.go:210.39,214.22 3 0
server/public/model/remote_cluster.go:214.22,216.46 2 0
server/public/model/remote_cluster.go:216.46,218.4 1 0
server/public/model/remote_cluster.go:221.2,223.34 2 0
server/public/model/remote_cluster.go:223.34,225.3 1 0
server/public/model/remote_cluster.go:227.2,227.27 1 0
server/public/model/remote_cluster.go:227.27,229.3 1 0
server/public/model/remote_cluster.go:231.2,231.10 1 0
server/public/model/remote_cluster.go:234.38,235.26 1 0
server/public/model/remote_cluster.go:235.26,237.3 1 0
server/public/model/remote_cluster.go:239.2,242.16 4 0
server/public/model/remote_cluster.go:245.42,247.2 1 0
server/public/model/remote_cluster.go:249.45,250.19 1 0
server/public/model/remote_cluster.go:250.19,252.3 1 0
server/public/model/remote_cluster.go:254.2,254.72 1 0
server/public/model/remote_cluster.go:254.72,256.3 1 0
server/public/model/remote_cluster.go:257.2,257.14 1 0
server/public/model/remote_cluster.go:260.42,262.2 1 0
server/public/model/remote_cluster.go:264.46,266.48 2 0
server/public/model/remote_cluster.go:266.48,268.3 1 0
server/public/model/remote_cluster.go:269.2,269.93 1 0
server/public/model/remote_cluster.go:269.93,271.3 1 0
server/public/model/remote_cluster.go:272.2,272.16 1 0
server/public/model/remote_cluster.go:276.38,278.37 2 0
server/public/model/remote_cluster.go:278.37,281.3 2 0
server/public/model/remote_cluster.go:283.2,287.20 4 0
server/public/model/remote_cluster.go:287.20,289.15 2 0
server/public/model/remote_cluster.go:289.15,292.4 2 0
server/public/model/remote_cluster.go:294.2,294.25 1 0
server/public/model/remote_cluster.go:297.66,307.2 1 0
server/public/model/remote_cluster.go:309.46,311.2 1 0
server/public/model/remote_cluster.go:330.57,336.2 1 0
server/public/model/remote_cluster.go:338.50,339.28 1 0
server/public/model/remote_cluster.go:339.28,341.3 1 0
server/public/model/remote_cluster.go:343.2,343.46 1 0
server/public/model/remote_cluster.go:343.46,345.3 1 0
server/public/model/remote_cluster.go:347.2,347.12 1 0
server/public/model/remote_cluster.go:359.82,366.2 1 0
server/public/model/remote_cluster.go:368.47,369.22 1 0
server/public/model/remote_cluster.go:369.22,371.3 1 0
server/public/model/remote_cluster.go:373.2,373.19 1 0
server/public/model/remote_cluster.go:373.19,375.3 1 0
server/public/model/remote_cluster.go:377.2,377.25 1 0
server/public/model/remote_cluster.go:377.25,379.3 1 0
server/public/model/remote_cluster.go:381.2,381.12 1 0
server/public/model/remote_cluster.go:401.53,402.30 1 0
server/public/model/remote_cluster.go:402.30,404.3 1 0
server/public/model/remote_cluster.go:406.2,406.21 1 0
server/public/model/remote_cluster.go:406.21,408.3 1 0
server/public/model/remote_cluster.go:410.2,410.60 1 0
server/public/model/remote_cluster.go:410.60,412.3 1 0
server/public/model/remote_cluster.go:414.2,414.12 1 0
server/public/model/remote_cluster.go:417.74,419.16 2 0
server/public/model/remote_cluster.go:419.16,421.3 1 0
server/public/model/remote_cluster.go:424.2,425.57 2 0
server/public/model/remote_cluster.go:425.57,427.3 1 0
server/public/model/remote_cluster.go:429.2,430.22 2 0
server/public/model/remote_cluster.go:430.22,433.17 2 0
server/public/model/remote_cluster.go:433.17,435.4 1 0
server/public/model/remote_cluster.go:436.8,439.17 2 0
server/public/model/remote_cluster.go:439.17,441.4 1 0
server/public/model/remote_cluster.go:444.2,445.16 2 0
server/public/model/remote_cluster.go:445.16,447.3 1 0
server/public/model/remote_cluster.go:449.2,450.16 2 0
server/public/model/remote_cluster.go:450.16,452.3 1 0
server/public/model/remote_cluster.go:455.2,456.58 2 0
server/public/model/remote_cluster.go:456.58,458.3 1 0
server/public/model/remote_cluster.go:461.2,463.37 2 0
server/public/model/remote_cluster.go:466.82,467.26 1 0
server/public/model/remote_cluster.go:467.26,469.3 1 0
server/public/model/remote_cluster.go:472.2,476.72 3 0
server/public/model/remote_cluster.go:476.72,478.3 1 0
server/public/model/remote_cluster.go:481.2,481.57 1 0
server/public/model/remote_cluster.go:484.114,488.15 3 0
server/public/model/remote_cluster.go:488.15,491.17 2 0
server/public/model/remote_cluster.go:491.17,493.4 1 0
server/public/model/remote_cluster.go:494.8,497.17 2 0
server/public/model/remote_cluster.go:497.17,499.4 1 0
server/public/model/remote_cluster.go:502.2,503.16 2 0
server/public/model/remote_cluster.go:503.16,505.3 1 0
server/public/model/remote_cluster.go:507.2,508.16 2 0
server/public/model/remote_cluster.go:508.16,510.3 1 0
server/public/model/remote_cluster.go:513.2,517.16 4 0
server/public/model/remote_cluster.go:517.16,519.3 1 0
server/public/model/remote_cluster.go:522.2,522.36 1 0
server/public/model/report.go:50.73,54.43 3 0
server/public/model/report.go:54.43,56.3 1 0
server/public/model/report.go:56.8,56.53 1 0
server/public/model/report.go:56.53,60.3 3 0
server/public/model/report.go:60.8,60.51 1 0
server/public/model/report.go:60.51,62.3 1 0
server/public/model/report.go:64.2,64.23 1 0
server/public/model/report.go:67.71,72.2 3 0
server/public/model/report.go:74.58,75.58 1 0
server/public/model/report.go:75.58,77.3 1 0
server/public/model/report.go:79.2,79.12 1 0
server/public/model/report.go:94.42,96.27 2 0
server/public/model/report.go:96.27,98.3 1 0
server/public/model/report.go:99.2,100.27 2 0
server/public/model/report.go:100.27,102.3 1 0
server/public/model/report.go:103.2,104.25 2 0
server/public/model/report.go:104.25,106.3 1 0
server/public/model/report.go:107.2,108.25 2 0
server/public/model/report.go:108.25,110.3 1 0
server/public/model/report.go:111.2,112.27 2 0
server/public/model/report.go:112.27,114.3 1 0
server/public/model/report.go:115.2,116.21 2 0
server/public/model/report.go:116.21,118.3 1 0
server/public/model/report.go:120.2,121.20 2 0
server/public/model/report.go:121.20,123.3 1 0
server/public/model/report.go:125.2,139.3 1 0
server/public/model/report.go:153.49,154.63 1 0
server/public/model/report.go:154.63,156.3 1 0
server/public/model/report.go:159.2,159.59 1 0
server/public/model/report.go:159.59,161.3 1 0
server/public/model/report.go:163.2,163.81 1 0
server/public/model/report.go:163.81,165.3 1 0
server/public/model/report.go:167.2,167.12 1 0
server/public/model/report.go:170.50,177.2 2 0
server/public/model/report.go:179.52,181.2 1 0
server/public/model/role.go:25.13,368.2 12 1
server/public/model/role.go:431.30,433.26 2 0
server/public/model/role.go:433.26,436.3 2 0
server/public/model/role.go:437.2,437.23 1 0
server/public/model/role.go:437.23,440.3 2 0
server/public/model/role.go:441.2,441.15 1 0
server/public/model/role.go:444.43,458.2 1 0
server/public/model/role.go:460.27,463.2 2 0
server/public/model/role.go:465.43,491.2 1 0
server/public/model/role.go:493.63,509.16 3 0
server/public/model/role.go:509.16,511.3 1 0
server/public/model/role.go:513.2,514.16 2 0
server/public/model/role.go:514.16,516.3 1 0
server/public/model/role.go:517.2,518.16 2 0
server/public/model/role.go:518.16,520.3 1 0
server/public/model/role.go:521.2,522.16 2 0
server/public/model/role.go:522.16,524.3 1 0
server/public/model/role.go:526.2,539.12 2 0
server/public/model/role.go:546.48,550.2 1 0
server/public/model/role.go:557.40,558.30 1 0
server/public/model/role.go:558.30,560.3 1 0
server/public/model/role.go:563.36,565.2 1 0
server/public/model/role.go:567.36,569.2 1 0
server/public/model/role.go:571.36,573.2 1 0
server/public/model/role.go:577.94,583.36 4 0
server/public/model/role.go:583.36,584.41 1 0
server/public/model/role.go:584.41,585.12 1 0
server/public/model/role.go:588.3,593.83 2 0
server/public/model/role.go:593.83,595.12 2 0
server/public/model/role.go:598.3,599.28 2 0
server/public/model/role.go:599.28,601.45 2 0
server/public/model/role.go:601.45,603.5 1 0
server/public/model/role.go:604.9,605.28 1 0
server/public/model/role.go:605.28,607.5 1 0
server/public/model/role.go:611.2,611.35 1 0
server/public/model/role.go:616.71,619.30 2 0
server/public/model/role.go:619.30,621.3 1 0
server/public/model/role.go:623.2,626.46 3 0
server/public/model/role.go:626.46,628.3 1 0
server/public/model/role.go:630.2,630.48 1 0
server/public/model/role.go:630.48,632.3 1 0
server/public/model/role.go:634.2,634.46 1 0
server/public/model/role.go:634.46,635.28 1 0
server/public/model/role.go:635.28,637.4 1 0
server/public/model/role.go:640.2,640.48 1 0
server/public/model/role.go:640.48,641.27 1 0
server/public/model/role.go:641.27,643.4 1 0
server/public/model/role.go:646.2,646.15 1 0
server/public/model/role.go:649.87,652.17 2 0
server/public/model/role.go:652.17,654.3 1 0
server/public/model/role.go:656.2,656.30 1 0
server/public/model/role.go:656.30,658.3 1 0
server/public/model/role.go:660.2,663.46 3 0
server/public/model/role.go:663.46,664.97 1 0
server/public/model/role.go:664.97,666.4 1 0
server/public/model/role.go:669.2,669.48 1 0
server/public/model/role.go:669.48,670.97 1 0
server/public/model/role.go:670.97,672.4 1 0
server/public/model/role.go:675.2,675.37 1 0
server/public/model/role.go:675.37,676.31 1 0
server/public/model/role.go:676.31,678.4 1 0
server/public/model/role.go:681.2,681.38 1 0
server/public/model/role.go:681.38,682.30 1 0
server/public/model/role.go:682.30,684.4 1 0
server/public/model/role.go:687.2,687.15 1 0
server/public/model/role.go:690.60,691.51 1 0
server/public/model/role.go:691.51,692.27 1 0
server/public/model/role.go:692.27,694.4 1 0
server/public/model/role.go:696.2,696.14 1 0
server/public/model/role.go:700.88,702.43 2 0
server/public/model/role.go:702.43,703.69 1 0
server/public/model/role.go:703.69,704.12 1 0
server/public/model/role.go:707.3,707.83 1 0
server/public/model/role.go:707.83,709.54 1 0
server/public/model/role.go:709.54,710.13 1 0
server/public/model/role.go:713.4,713.31 1 0
server/public/model/role.go:713.31,716.118 1 0
server/public/model/role.go:716.118,726.6 3 0
server/public/model/role.go:726.11,726.56 1 0
server/public/model/role.go:726.56,730.6 3 0
server/public/model/role.go:730.11,732.6 1 0
server/public/model/role.go:737.2,737.29 1 0
server/public/model/role.go:741.132,745.43 2 0
server/public/model/role.go:745.43,747.81 1 0
server/public/model/role.go:747.81,748.12 1 0
server/public/model/role.go:751.3,753.66 2 0
server/public/model/role.go:753.66,754.82 1 0
server/public/model/role.go:754.82,756.30 1 0
server/public/model/role.go:756.30,757.95 1 0
server/public/model/role.go:757.95,759.7 1 0
server/public/model/role.go:760.11,760.36 1 0
server/public/model/role.go:760.36,761.93 1 0
server/public/model/role.go:761.93,763.7 1 0
server/public/model/role.go:768.3,768.24 1 0
server/public/model/role.go:768.24,770.4 1 0
server/public/model/role.go:774.2,774.65 1 0
server/public/model/role.go:774.65,775.83 1 0
server/public/model/role.go:775.83,776.176 1 0
server/public/model/role.go:776.176,778.5 1 0
server/public/model/role.go:780.4,780.173 1 0
server/public/model/role.go:780.173,782.5 1 0
server/public/model/role.go:786.2,787.50 2 0
server/public/model/role.go:787.50,789.3 1 0
server/public/model/role.go:791.2,791.51 1 0
server/public/model/role.go:794.32,795.22 1 0
server/public/model/role.go:795.22,797.3 1 0
server/public/model/role.go:799.2,799.29 1 0
server/public/model/role.go:802.41,803.30 1 0
server/public/model/role.go:803.30,805.3 1 0
server/public/model/role.go:807.2,807.25 1 0
server/public/model/role.go:807.25,809.3 1 0
server/public/model/role.go:810.2,810.51 1 0
server/public/model/role.go:810.51,812.3 1 0
server/public/model/role.go:814.2,814.51 1 0
server/public/model/role.go:814.51,816.3 1 0
server/public/model/role.go:818.2,818.57 1 0
server/public/model/role.go:818.57,820.3 1 0
server/public/model/role.go:822.2,822.12 1 0
server/public/model/role.go:827.46,828.61 1 0
server/public/model/role.go:828.61,829.27 1 0
server/public/model/role.go:829.27,830.26 1 0
server/public/model/role.go:830.26,832.5 1 0
server/public/model/role.go:834.3,834.15 1 0
server/public/model/role.go:837.2,838.43 2 0
server/public/model/role.go:838.43,839.86 1 0
server/public/model/role.go:839.86,841.4 1 0
server/public/model/role.go:843.2,843.16 1 0
server/public/model/role.go:846.58,848.37 2 0
server/public/model/role.go:848.37,849.40 1 0
server/public/model/role.go:849.40,850.12 1 0
server/public/model/role.go:853.3,853.33 1 0
server/public/model/role.go:853.33,855.4 1 0
server/public/model/role.go:857.3,857.56 1 0
server/public/model/role.go:860.2,860.31 1 0
server/public/model/role.go:863.44,864.57 1 0
server/public/model/role.go:864.57,866.3 1 0
server/public/model/role.go:868.2,868.79 1 0
server/public/model/role.go:868.79,870.3 1 0
server/public/model/role.go:872.2,872.13 1 0
server/public/model/role.go:875.42,1231.44 26 0
server/public/model/role.go:1231.44,1233.3 1 0
server/public/model/role.go:1235.2,1247.14 2 0
server/public/model/role.go:1250.61,1251.41 1 1
server/public/model/role.go:1251.41,1252.81 1 1
server/public/model/role.go:1252.81,1253.61 1 1
server/public/model/role.go:1253.61,1255.5 1 1
server/public/model/role.go:1258.2,1258.20 1 1
server/public/model/role.go:1261.53,1263.25 2 0
server/public/model/role.go:1263.25,1265.3 1 0
server/public/model/role.go:1266.2,1266.16 1 0
server/public/model/scheduled_post.go:38.63,40.24 2 0
server/public/model/scheduled_post.go:40.24,42.3 1 0
server/public/model/scheduled_post.go:44.2,44.24 1 0
server/public/model/scheduled_post.go:47.49,48.62 1 0
server/public/model/scheduled_post.go:48.62,50.3 1 0
server/public/model/scheduled_post.go:52.2,52.16 1 0
server/public/model/scheduled_post.go:52.16,54.3 1 0
server/public/model/scheduled_post.go:56.2,56.48 1 0
server/public/model/scheduled_post.go:56.48,58.3 1 0
server/public/model/scheduled_post.go:60.2,60.61 1 0
server/public/model/scheduled_post.go:60.61,62.3 1 0
server/public/model/scheduled_post.go:64.2,64.23 1 0
server/public/model/scheduled_post.go:64.23,66.3 1 0
server/public/model/scheduled_post.go:68.2,68.12 1 0
server/public/model/scheduled_post.go:71.35,72.16 1 0
server/public/model/scheduled_post.go:72.16,74.3 1 0
server/public/model/scheduled_post.go:76.2,79.19 3 0
server/public/model/scheduled_post.go:82.37,85.2 2 0
server/public/model/scheduled_post.go:88.49,99.39 2 0
server/public/model/scheduled_post.go:99.39,101.3 1 0
server/public/model/scheduled_post.go:103.2,103.25 1 0
server/public/model/scheduled_post.go:103.25,105.10 2 0
server/public/model/scheduled_post.go:105.10,107.4 1 0
server/public/model/scheduled_post.go:109.3,110.10 2 0
server/public/model/scheduled_post.go:110.10,112.4 1 0
server/public/model/scheduled_post.go:114.3,115.10 2 0
server/public/model/scheduled_post.go:115.10,117.4 1 0
server/public/model/scheduled_post.go:119.3,119.27 1 0
server/public/model/scheduled_post.go:119.27,121.4 1 0
server/public/model/scheduled_post.go:123.3,127.4 1 0
server/public/model/scheduled_post.go:130.2,130.18 1 0
server/public/model/scheduled_post.go:133.52,135.23 2 0
server/public/model/scheduled_post.go:135.23,137.3 1 0
server/public/model/scheduled_post.go:139.2,149.3 1 0
server/public/model/scheduled_post.go:152.89,159.2 6 0
server/public/model/scheduled_post.go:161.41,164.23 2 0
server/public/model/scheduled_post.go:164.23,166.3 1 0
server/public/model/scheduled_post.go:169.53,170.23 1 0
server/public/model/scheduled_post.go:170.23,172.3 1 0
server/public/model/scheduled_post.go:173.2,173.28 1 0
server/public/model/scheduled_task.go:23.95,25.2 1 0
server/public/model/scheduled_task.go:27.97,29.2 1 0
server/public/model/scheduled_task.go:31.117,33.2 1 0
server/public/model/scheduled_task.go:35.131,46.12 2 0
server/public/model/scheduled_task.go:46.12,52.32 4 0
server/public/model/scheduled_task.go:52.32,55.30 3 0
server/public/model/scheduled_task.go:55.30,57.5 1 0
server/public/model/scheduled_task.go:58.4,59.33 2 0
server/public/model/scheduled_task.go:60.9,63.4 2 0
server/public/model/scheduled_task.go:64.3,64.16 1 0
server/public/model/scheduled_task.go:64.16,66.4 1 0
server/public/model/scheduled_task.go:68.3,68.7 1 0
server/public/model/scheduled_task.go:68.7,69.11 1 0
server/public/model/scheduled_task.go:70.21,72.15 2 0
server/public/model/scheduled_task.go:73.20,74.15 1 0
server/public/model/scheduled_task.go:75.23,76.11 1 0
server/public/model/scheduled_task.go:79.4,79.23 1 0
server/public/model/scheduled_task.go:79.23,80.10 1 0
server/public/model/scheduled_task.go:85.2,85.13 1 0
server/public/model/scheduled_task.go:88.37,91.2 2 0
server/public/model/scheduled_task.go:93.44,100.2 1 0
server/public/model/scheme.go:44.50,65.2 1 0
server/public/model/scheme.go:67.34,71.2 3 0
server/public/model/scheme.go:73.50,113.2 1 0
server/public/model/scheme.go:115.70,138.16 3 0
server/public/model/scheme.go:138.16,140.3 1 0
server/public/model/scheme.go:142.2,143.16 2 0
server/public/model/scheme.go:143.16,145.3 1 0
server/public/model/scheme.go:146.2,147.16 2 0
server/public/model/scheme.go:147.16,149.3 1 0
server/public/model/scheme.go:150.2,151.16 2 0
server/public/model/scheme.go:151.16,153.3 1 0
server/public/model/scheme.go:155.2,175.12 2 0
server/public/model/scheme.go:184.55,190.2 1 0
server/public/model/scheme.go:196.52,200.2 1 0
server/public/model/scheme.go:221.44,238.2 1 0
server/public/model/scheme.go:246.50,248.2 1 0
server/public/model/scheme.go:250.38,251.27 1 0
server/public/model/scheme.go:251.27,253.3 1 0
server/public/model/scheme.go:255.2,255.34 1 0
server/public/model/scheme.go:258.47,259.86 1 0
server/public/model/scheme.go:259.86,261.3 1 0
server/public/model/scheme.go:263.2,263.37 1 0
server/public/model/scheme.go:263.37,265.3 1 0
server/public/model/scheme.go:267.2,267.58 1 0
server/public/model/scheme.go:267.58,269.3 1 0
server/public/model/scheme.go:271.2,271.22 1 0
server/public/model/scheme.go:272.80,272.80 0 0
server/public/model/scheme.go:273.10,274.15 1 0
server/public/model/scheme.go:277.2,277.54 1 0
server/public/model/scheme.go:277.54,279.3 1 0
server/public/model/scheme.go:281.2,281.53 1 0
server/public/model/scheme.go:281.53,283.3 1 0
server/public/model/scheme.go:285.2,285.54 1 0
server/public/model/scheme.go:285.54,287.3 1 0
server/public/model/scheme.go:289.2,289.37 1 0
server/public/model/scheme.go:289.37,290.52 1 0
server/public/model/scheme.go:290.52,292.4 1 0
server/public/model/scheme.go:294.3,294.51 1 0
server/public/model/scheme.go:294.51,296.4 1 0
server/public/model/scheme.go:298.3,298.52 1 0
server/public/model/scheme.go:298.52,300.4 1 0
server/public/model/scheme.go:302.3,302.56 1 0
server/public/model/scheme.go:302.56,304.4 1 0
server/public/model/scheme.go:306.3,306.57 1 0
server/public/model/scheme.go:306.57,308.4 1 0
server/public/model/scheme.go:310.3,310.51 1 0
server/public/model/scheme.go:310.51,312.4 1 0
server/public/model/scheme.go:314.3,314.52 1 0
server/public/model/scheme.go:314.52,316.4 1 0
server/public/model/scheme.go:319.2,319.40 1 0
server/public/model/scheme.go:319.40,320.40 1 0
server/public/model/scheme.go:320.40,322.4 1 0
server/public/model/scheme.go:324.3,324.39 1 0
server/public/model/scheme.go:324.39,326.4 1 0
server/public/model/scheme.go:328.3,328.40 1 0
server/public/model/scheme.go:328.40,330.4 1 0
server/public/model/scheme.go:333.2,333.13 1 0
server/public/model/scheme.go:336.49,337.30 1 0
server/public/model/scheme.go:337.30,339.3 1 0
server/public/model/scheme.go:340.2,340.23 1 0
server/public/model/scheme.go:340.23,342.3 1 0
server/public/model/scheme.go:343.2,343.30 1 0
server/public/model/scheme.go:343.30,345.3 1 0
server/public/model/scheme.go:348.42,351.2 2 0
server/public/model/search_params.go:41.51,43.16 2 0
server/public/model/search_params.go:43.16,45.3 1 0
server/public/model/search_params.go:48.2,50.57 3 0
server/public/model/search_params.go:54.59,56.16 2 0
server/public/model/search_params.go:56.16,58.3 1 0
server/public/model/search_params.go:61.2,63.57 3 0
server/public/model/search_params.go:67.52,69.16 2 0
server/public/model/search_params.go:69.16,71.3 1 0
server/public/model/search_params.go:74.2,76.56 3 0
server/public/model/search_params.go:80.60,82.16 2 0
server/public/model/search_params.go:82.16,84.3 1 0
server/public/model/search_params.go:87.2,89.56 3 0
server/public/model/search_params.go:93.57,95.16 2 0
server/public/model/search_params.go:95.16,97.3 1 0
server/public/model/search_params.go:99.2,99.95 1 0
server/public/model/search_params.go:103.63,105.16 2 0
server/public/model/search_params.go:105.16,107.3 1 0
server/public/model/search_params.go:109.2,109.95 1 0
server/public/model/search_params.go:125.39,130.28 4 0
server/public/model/search_params.go:130.28,131.18 1 0
server/public/model/search_params.go:131.18,132.18 1 0
server/public/model/search_params.go:132.18,138.5 4 0
server/public/model/search_params.go:138.10,140.34 2 0
server/public/model/search_params.go:140.34,142.6 1 0
server/public/model/search_params.go:143.5,145.25 3 0
server/public/model/search_params.go:150.2,152.14 2 0
server/public/model/search_params.go:155.62,160.29 4 0
server/public/model/search_params.go:160.29,161.19 1 0
server/public/model/search_params.go:161.19,163.12 2 0
server/public/model/search_params.go:166.3,168.53 2 0
server/public/model/search_params.go:168.53,171.36 3 0
server/public/model/search_params.go:171.36,174.5 2 0
server/public/model/search_params.go:174.10,177.5 2 0
server/public/model/search_params.go:179.4,181.43 2 0
server/public/model/search_params.go:181.43,183.48 1 0
server/public/model/search_params.go:183.48,184.21 1 0
server/public/model/search_params.go:184.21,191.7 2 0
server/public/model/search_params.go:191.12,191.33 1 0
server/public/model/search_params.go:191.33,199.7 3 0
server/public/model/search_params.go:201.6,201.16 1 0
server/public/model/search_params.go:201.16,202.12 1 0
server/public/model/search_params.go:208.3,208.14 1 0
server/public/model/search_params.go:208.14,210.36 2 0
server/public/model/search_params.go:210.36,212.5 1 0
server/public/model/search_params.go:214.4,220.18 4 0
server/public/model/search_params.go:220.18,225.5 1 0
server/public/model/search_params.go:229.2,229.21 1 0
server/public/model/search_params.go:232.73,240.29 6 0
server/public/model/search_params.go:240.29,241.43 1 0
server/public/model/search_params.go:241.43,242.20 1 0
server/public/model/search_params.go:242.20,244.5 1 0
server/public/model/search_params.go:244.10,246.5 1 0
server/public/model/search_params.go:247.9,248.20 1 0
server/public/model/search_params.go:248.20,250.5 1 0
server/public/model/search_params.go:250.10,252.5 1 0
server/public/model/search_params.go:256.2,274.29 17 0
server/public/model/search_params.go:274.29,275.50 1 0
server/public/model/search_params.go:275.50,276.20 1 0
server/public/model/search_params.go:276.20,278.5 1 0
server/public/model/search_params.go:278.10,280.5 1 0
server/public/model/search_params.go:281.9,281.33 1 0
server/public/model/search_params.go:281.33,282.20 1 0
server/public/model/search_params.go:282.20,284.5 1 0
server/public/model/search_params.go:284.10,286.5 1 0
server/public/model/search_params.go:287.9,287.34 1 0
server/public/model/search_params.go:287.34,288.20 1 0
server/public/model/search_params.go:288.20,290.5 1 0
server/public/model/search_params.go:290.10,292.5 1 0
server/public/model/search_params.go:293.9,293.35 1 0
server/public/model/search_params.go:293.35,294.20 1 0
server/public/model/search_params.go:294.20,296.5 1 0
server/public/model/search_params.go:296.10,298.5 1 0
server/public/model/search_params.go:299.9,299.31 1 0
server/public/model/search_params.go:299.31,300.20 1 0
server/public/model/search_params.go:300.20,302.5 1 0
server/public/model/search_params.go:302.10,304.5 1 0
server/public/model/search_params.go:305.9,305.32 1 0
server/public/model/search_params.go:305.32,306.20 1 0
server/public/model/search_params.go:306.20,308.5 1 0
server/public/model/search_params.go:308.10,310.5 1 0
server/public/model/search_params.go:314.2,316.50 2 0
server/public/model/search_params.go:316.50,335.3 1 0
server/public/model/search_params.go:337.2,337.54 1 0
server/public/model/search_params.go:337.54,356.3 1 0
server/public/model/search_params.go:359.2,366.40 1 0
server/public/model/search_params.go:366.40,385.3 1 0
server/public/model/search_params.go:387.2,387.19 1 0
server/public/model/search_params.go:390.68,392.36 1 0
server/public/model/search_params.go:392.36,393.76 1 0
server/public/model/search_params.go:393.76,395.4 1 0
server/public/model/search_params.go:397.2,397.12 1 0
server/public/model/service_environment.go:36.37,39.36 2 0
server/public/model/service_environment.go:40.83,41.36 1 0
server/public/model/service_environment.go:44.2,44.39 1 0
server/public/model/service_environment_dev_default.go:8.44,10.2 1 0
server/public/model/session.go:71.46,84.2 1 0
server/public/model/session.go:88.41,90.2 1 0
server/public/model/session.go:92.39,95.20 2 0
server/public/model/session.go:95.20,97.3 1 0
server/public/model/session.go:99.2,99.26 1 0
server/public/model/session.go:99.26,101.40 2 0
server/public/model/session.go:101.40,104.4 2 0
server/public/model/session.go:107.2,107.21 1 0
server/public/model/session.go:110.39,111.22 1 0
server/public/model/session.go:111.22,113.3 1 0
server/public/model/session.go:115.2,115.26 1 0
server/public/model/session.go:115.26,117.3 1 0
server/public/model/session.go:119.2,119.21 1 0
server/public/model/session.go:119.21,121.3 1 0
server/public/model/session.go:123.2,123.39 1 0
server/public/model/session.go:123.39,126.3 1 0
server/public/model/session.go:128.2,128.12 1 0
server/public/model/session.go:131.29,132.16 1 0
server/public/model/session.go:132.16,134.3 1 0
server/public/model/session.go:136.2,136.19 1 0
server/public/model/session.go:136.19,138.3 1 0
server/public/model/session.go:140.2,143.20 3 0
server/public/model/session.go:143.20,145.3 1 0
server/public/model/session.go:148.30,150.2 1 0
server/public/model/session.go:152.36,153.22 1 0
server/public/model/session.go:153.22,155.3 1 0
server/public/model/session.go:157.2,157.31 1 0
server/public/model/session.go:157.31,159.3 1 0
server/public/model/session.go:161.2,161.14 1 0
server/public/model/session.go:164.53,165.20 1 0
server/public/model/session.go:165.20,167.3 1 0
server/public/model/session.go:169.2,169.22 1 0
server/public/model/session.go:172.62,173.35 1 0
server/public/model/session.go:173.35,174.26 1 0
server/public/model/session.go:174.26,176.4 1 0
server/public/model/session.go:179.2,179.12 1 0
server/public/model/session.go:182.38,184.2 1 0
server/public/model/session.go:186.35,188.9 2 0
server/public/model/session.go:188.9,190.3 1 0
server/public/model/session.go:191.2,192.16 2 0
server/public/model/session.go:192.16,195.3 2 0
server/public/model/session.go:196.2,196.17 1 0
server/public/model/session.go:199.33,201.9 2 0
server/public/model/session.go:201.9,203.3 1 0
server/public/model/session.go:204.2,205.16 2 0
server/public/model/session.go:205.16,208.3 2 0
server/public/model/session.go:209.2,209.15 1 0
server/public/model/session.go:212.38,214.9 2 0
server/public/model/session.go:214.9,216.3 1 0
server/public/model/session.go:217.2,218.16 2 0
server/public/model/session.go:218.16,221.3 2 0
server/public/model/session.go:222.2,222.20 1 0
server/public/model/session.go:225.36,227.9 2 0
server/public/model/session.go:227.9,229.3 1 0
server/public/model/session.go:230.2,230.34 1 0
server/public/model/session.go:230.34,232.3 1 0
server/public/model/session.go:233.2,233.14 1 0
server/public/model/session.go:236.44,238.9 2 0
server/public/model/session.go:238.9,240.3 1 0
server/public/model/session.go:241.2,241.39 1 0
server/public/model/session.go:241.39,243.3 1 0
server/public/model/session.go:244.2,244.14 1 0
server/public/model/session.go:249.40,251.2 1 0
server/public/model/session.go:253.37,255.2 1 0
server/public/model/session.go:257.34,259.9 2 0
server/public/model/session.go:259.9,261.3 1 0
server/public/model/session.go:262.2,262.22 1 0
server/public/model/session.go:265.43,267.2 1 0
server/public/model/session.go:269.41,273.2 3 0
server/public/model/session.go:275.36,276.20 1 0
server/public/model/session.go:276.20,278.3 1 0
server/public/model/session.go:280.2,280.24 1 0
server/public/model/session.go:283.39,285.2 1 0
server/public/model/session.go:287.40,289.2 1 0
server/public/model/session.go:291.45,293.2 1 0
server/public/model/session_attributes.go:110.71,111.18 1 0
server/public/model/session_attributes.go:111.18,113.3 1 0
server/public/model/session_attributes.go:115.2,116.27 2 0
server/public/model/session_attributes.go:116.27,118.3 1 0
server/public/model/session_attributes.go:121.2,122.16 2 0
server/public/model/session_attributes.go:122.16,124.3 1 0
server/public/model/session_attributes.go:125.2,125.61 1 0
server/public/model/session_attributes.go:125.61,127.3 1 0
server/public/model/session_attributes.go:128.2,128.16 1 0
server/public/model/session_attributes.go:131.60,132.34 1 0
server/public/model/session_attributes.go:132.34,134.3 1 0
server/public/model/session_attributes.go:135.2,135.53 1 0
server/public/model/session_attributes.go:139.73,140.34 1 0
server/public/model/session_attributes.go:140.34,142.3 1 0
server/public/model/session_attributes.go:144.2,144.20 1 0
server/public/model/session_attributes.go:145.29,147.10 2 0
server/public/model/session_attributes.go:147.10,149.4 1 0
server/public/model/session_attributes.go:150.3,150.16 1 0
server/public/model/session_attributes.go:150.16,152.4 1 0
server/public/model/session_attributes.go:153.3,153.14 1 0
server/public/model/session_attributes.go:154.31,156.23 2 0
server/public/model/session_attributes.go:156.23,158.4 1 0
server/public/model/session_attributes.go:159.3,160.24 2 0
server/public/model/session_attributes.go:160.24,162.4 1 0
server/public/model/session_attributes.go:163.3,164.17 2 0
server/public/model/session_attributes.go:164.17,166.4 1 0
server/public/model/session_attributes.go:167.3,167.34 1 0
server/public/model/session_attributes.go:167.34,168.56 1 0
server/public/model/session_attributes.go:168.56,170.5 1 0
server/public/model/session_attributes.go:172.3,172.15 1 0
server/public/model/session_attributes.go:173.10,174.15 1 0
server/public/model/session_attributes.go:178.85,185.2 1 0
server/public/model/session_attributes.go:187.158,202.2 3 0
server/public/model/session_attributes.go:205.68,250.2 6 0
server/public/model/session_serial_gen.go:13.72,18.16 5 0
server/public/model/session_serial_gen.go:18.16,21.3 2 0
server/public/model/session_serial_gen.go:22.2,22.17 1 0
server/public/model/session_serial_gen.go:22.17,25.17 3 0
server/public/model/session_serial_gen.go:25.17,28.4 2 0
server/public/model/session_serial_gen.go:29.3,29.35 1 0
server/public/model/session_serial_gen.go:30.18,32.18 2 0
server/public/model/session_serial_gen.go:32.18,35.5 2 0
server/public/model/session_serial_gen.go:36.19,38.18 2 0
server/public/model/session_serial_gen.go:38.18,41.5 2 0
server/public/model/session_serial_gen.go:42.16,44.18 2 0
server/public/model/session_serial_gen.go:44.18,47.5 2 0
server/public/model/session_serial_gen.go:48.31,50.18 2 0
server/public/model/session_serial_gen.go:50.18,53.5 2 0
server/public/model/session_serial_gen.go:54.11,56.18 2 0
server/public/model/session_serial_gen.go:56.18,59.5 2 0
server/public/model/session_serial_gen.go:62.2,62.8 1 0
server/public/model/session_serial_gen.go:66.72,70.16 2 0
server/public/model/session_serial_gen.go:70.16,72.3 1 0
server/public/model/session_serial_gen.go:73.2,74.16 2 0
server/public/model/session_serial_gen.go:74.16,77.3 2 0
server/public/model/session_serial_gen.go:79.2,80.16 2 0
server/public/model/session_serial_gen.go:80.16,82.3 1 0
server/public/model/session_serial_gen.go:83.2,84.16 2 0
server/public/model/session_serial_gen.go:84.16,87.3 2 0
server/public/model/session_serial_gen.go:89.2,90.16 2 0
server/public/model/session_serial_gen.go:90.16,92.3 1 0
server/public/model/session_serial_gen.go:93.2,94.16 2 0
server/public/model/session_serial_gen.go:94.16,97.3 2 0
server/public/model/session_serial_gen.go:99.2,100.16 2 0
server/public/model/session_serial_gen.go:100.16,102.3 1 0
server/public/model/session_serial_gen.go:103.2,104.16 2 0
server/public/model/session_serial_gen.go:104.16,107.3 2 0
server/public/model/session_serial_gen.go:108.2,108.8 1 0
server/public/model/session_serial_gen.go:112.76,128.2 10 0
server/public/model/session_serial_gen.go:131.80,136.16 5 0
server/public/model/session_serial_gen.go:136.16,139.3 2 0
server/public/model/session_serial_gen.go:140.2,140.17 1 0
server/public/model/session_serial_gen.go:140.17,143.17 3 0
server/public/model/session_serial_gen.go:143.17,146.4 2 0
server/public/model/session_serial_gen.go:147.3,147.35 1 0
server/public/model/session_serial_gen.go:148.18,150.18 2 0
server/public/model/session_serial_gen.go:150.18,153.5 2 0
server/public/model/session_serial_gen.go:154.19,156.18 2 0
server/public/model/session_serial_gen.go:156.18,159.5 2 0
server/public/model/session_serial_gen.go:160.16,162.18 2 0
server/public/model/session_serial_gen.go:162.18,165.5 2 0
server/public/model/session_serial_gen.go:166.31,168.18 2 0
server/public/model/session_serial_gen.go:168.18,171.5 2 0
server/public/model/session_serial_gen.go:172.11,174.18 2 0
server/public/model/session_serial_gen.go:174.18,177.5 2 0
server/public/model/session_serial_gen.go:180.2,181.8 2 0
server/public/model/session_serial_gen.go:185.51,188.2 2 0
server/public/model/session_serial_gen.go:191.58,194.16 3 0
server/public/model/session_serial_gen.go:194.16,197.3 2 0
server/public/model/session_serial_gen.go:198.2,198.18 1 0
server/public/model/session_serial_gen.go:198.18,201.3 2 0
server/public/model/session_serial_gen.go:202.2,203.16 2 0
server/public/model/session_serial_gen.go:203.16,206.3 2 0
server/public/model/session_serial_gen.go:207.2,208.16 2 0
server/public/model/session_serial_gen.go:208.16,211.3 2 0
server/public/model/session_serial_gen.go:212.2,213.16 2 0
server/public/model/session_serial_gen.go:213.16,216.3 2 0
server/public/model/session_serial_gen.go:217.2,218.16 2 0
server/public/model/session_serial_gen.go:218.16,221.3 2 0
server/public/model/session_serial_gen.go:222.2,223.16 2 0
server/public/model/session_serial_gen.go:223.16,226.3 2 0
server/public/model/session_serial_gen.go:227.2,228.16 2 0
server/public/model/session_serial_gen.go:228.16,231.3 2 0
server/public/model/session_serial_gen.go:232.2,233.16 2 0
server/public/model/session_serial_gen.go:233.16,236.3 2 0
server/public/model/session_serial_gen.go:237.2,238.16 2 0
server/public/model/session_serial_gen.go:238.16,241.3 2 0
server/public/model/session_serial_gen.go:242.2,243.16 2 0
server/public/model/session_serial_gen.go:243.16,246.3 2 0
server/public/model/session_serial_gen.go:247.2,248.16 2 0
server/public/model/session_serial_gen.go:248.16,251.3 2 0
server/public/model/session_serial_gen.go:252.2,254.16 3 0
server/public/model/session_serial_gen.go:254.16,257.3 2 0
server/public/model/session_serial_gen.go:258.2,258.20 1 0
server/public/model/session_serial_gen.go:258.20,260.3 1 0
server/public/model/session_serial_gen.go:260.8,260.29 1 0
server/public/model/session_serial_gen.go:260.29,261.28 1 0
server/public/model/session_serial_gen.go:261.28,263.4 1 0
server/public/model/session_serial_gen.go:265.2,265.17 1 0
server/public/model/session_serial_gen.go:265.17,270.17 5 0
server/public/model/session_serial_gen.go:270.17,273.4 2 0
server/public/model/session_serial_gen.go:274.3,275.17 2 0
server/public/model/session_serial_gen.go:275.17,278.4 2 0
server/public/model/session_serial_gen.go:279.3,279.27 1 0
server/public/model/session_serial_gen.go:281.2,283.16 3 0
server/public/model/session_serial_gen.go:283.16,286.3 2 0
server/public/model/session_serial_gen.go:287.2,287.39 1 0
server/public/model/session_serial_gen.go:287.39,289.3 1 0
server/public/model/session_serial_gen.go:289.8,291.3 1 0
server/public/model/session_serial_gen.go:292.2,292.36 1 0
server/public/model/session_serial_gen.go:292.36,293.17 1 0
server/public/model/session_serial_gen.go:293.17,295.18 2 0
server/public/model/session_serial_gen.go:295.18,298.5 2 0
server/public/model/session_serial_gen.go:299.4,299.31 1 0
server/public/model/session_serial_gen.go:300.9,301.36 1 0
server/public/model/session_serial_gen.go:301.36,303.5 1 0
server/public/model/session_serial_gen.go:304.4,305.18 2 0
server/public/model/session_serial_gen.go:305.18,308.5 2 0
server/public/model/session_serial_gen.go:311.2,312.16 2 0
server/public/model/session_serial_gen.go:312.16,315.3 2 0
server/public/model/session_serial_gen.go:316.2,316.8 1 0
server/public/model/session_serial_gen.go:320.58,323.16 2 0
server/public/model/session_serial_gen.go:323.16,325.3 1 0
server/public/model/session_serial_gen.go:326.2,327.16 2 0
server/public/model/session_serial_gen.go:327.16,330.3 2 0
server/public/model/session_serial_gen.go:331.2,332.16 2 0
server/public/model/session_serial_gen.go:332.16,335.3 2 0
server/public/model/session_serial_gen.go:336.2,337.16 2 0
server/public/model/session_serial_gen.go:337.16,340.3 2 0
server/public/model/session_serial_gen.go:341.2,342.16 2 0
server/public/model/session_serial_gen.go:342.16,345.3 2 0
server/public/model/session_serial_gen.go:346.2,347.16 2 0
server/public/model/session_serial_gen.go:347.16,350.3 2 0
server/public/model/session_serial_gen.go:351.2,352.16 2 0
server/public/model/session_serial_gen.go:352.16,355.3 2 0
server/public/model/session_serial_gen.go:356.2,357.16 2 0
server/public/model/session_serial_gen.go:357.16,360.3 2 0
server/public/model/session_serial_gen.go:361.2,362.16 2 0
server/public/model/session_serial_gen.go:362.16,365.3 2 0
server/public/model/session_serial_gen.go:366.2,367.16 2 0
server/public/model/session_serial_gen.go:367.16,370.3 2 0
server/public/model/session_serial_gen.go:371.2,372.16 2 0
server/public/model/session_serial_gen.go:372.16,375.3 2 0
server/public/model/session_serial_gen.go:376.2,377.16 2 0
server/public/model/session_serial_gen.go:377.16,380.3 2 0
server/public/model/session_serial_gen.go:381.2,381.38 1 0
server/public/model/session_serial_gen.go:381.38,383.17 2 0
server/public/model/session_serial_gen.go:383.17,386.4 2 0
server/public/model/session_serial_gen.go:387.3,388.17 2 0
server/public/model/session_serial_gen.go:388.17,391.4 2 0
server/public/model/session_serial_gen.go:393.2,394.16 2 0
server/public/model/session_serial_gen.go:394.16,397.3 2 0
server/public/model/session_serial_gen.go:398.2,398.36 1 0
server/public/model/session_serial_gen.go:398.36,399.35 1 0
server/public/model/session_serial_gen.go:399.35,401.18 2 0
server/public/model/session_serial_gen.go:401.18,403.5 1 0
server/public/model/session_serial_gen.go:404.9,406.18 2 0
server/public/model/session_serial_gen.go:406.18,409.5 2 0
server/public/model/session_serial_gen.go:412.2,413.16 2 0
server/public/model/session_serial_gen.go:413.16,416.3 2 0
server/public/model/session_serial_gen.go:417.2,417.8 1 0
server/public/model/session_serial_gen.go:421.62,436.38 14 0
server/public/model/session_serial_gen.go:436.38,439.3 2 0
server/public/model/session_serial_gen.go:440.2,441.36 2 0
server/public/model/session_serial_gen.go:441.36,442.35 1 0
server/public/model/session_serial_gen.go:442.35,444.4 1 0
server/public/model/session_serial_gen.go:444.9,446.18 2 0
server/public/model/session_serial_gen.go:446.18,449.5 2 0
server/public/model/session_serial_gen.go:452.2,453.8 2 0
server/public/model/session_serial_gen.go:457.66,460.16 3 0
server/public/model/session_serial_gen.go:460.16,463.3 2 0
server/public/model/session_serial_gen.go:464.2,464.18 1 0
server/public/model/session_serial_gen.go:464.18,467.3 2 0
server/public/model/session_serial_gen.go:468.2,469.16 2 0
server/public/model/session_serial_gen.go:469.16,472.3 2 0
server/public/model/session_serial_gen.go:473.2,474.16 2 0
server/public/model/session_serial_gen.go:474.16,477.3 2 0
server/public/model/session_serial_gen.go:478.2,479.16 2 0
server/public/model/session_serial_gen.go:479.16,482.3 2 0
server/public/model/session_serial_gen.go:483.2,484.16 2 0
server/public/model/session_serial_gen.go:484.16,487.3 2 0
server/public/model/session_serial_gen.go:488.2,489.16 2 0
server/public/model/session_serial_gen.go:489.16,492.3 2 0
server/public/model/session_serial_gen.go:493.2,494.16 2 0
server/public/model/session_serial_gen.go:494.16,497.3 2 0
server/public/model/session_serial_gen.go:498.2,499.16 2 0
server/public/model/session_serial_gen.go:499.16,502.3 2 0
server/public/model/session_serial_gen.go:503.2,504.16 2 0
server/public/model/session_serial_gen.go:504.16,507.3 2 0
server/public/model/session_serial_gen.go:508.2,509.16 2 0
server/public/model/session_serial_gen.go:509.16,512.3 2 0
server/public/model/session_serial_gen.go:513.2,514.16 2 0
server/public/model/session_serial_gen.go:514.16,517.3 2 0
server/public/model/session_serial_gen.go:518.2,520.16 3 0
server/public/model/session_serial_gen.go:520.16,523.3 2 0
server/public/model/session_serial_gen.go:524.2,524.20 1 0
server/public/model/session_serial_gen.go:524.20,526.3 1 0
server/public/model/session_serial_gen.go:526.8,526.29 1 0
server/public/model/session_serial_gen.go:526.29,527.28 1 0
server/public/model/session_serial_gen.go:527.28,529.4 1 0
server/public/model/session_serial_gen.go:531.2,531.17 1 0
server/public/model/session_serial_gen.go:531.17,536.17 5 0
server/public/model/session_serial_gen.go:536.17,539.4 2 0
server/public/model/session_serial_gen.go:540.3,541.17 2 0
server/public/model/session_serial_gen.go:541.17,544.4 2 0
server/public/model/session_serial_gen.go:545.3,545.27 1 0
server/public/model/session_serial_gen.go:547.2,549.16 3 0
server/public/model/session_serial_gen.go:549.16,552.3 2 0
server/public/model/session_serial_gen.go:553.2,553.39 1 0
server/public/model/session_serial_gen.go:553.39,555.3 1 0
server/public/model/session_serial_gen.go:555.8,557.3 1 0
server/public/model/session_serial_gen.go:558.2,558.36 1 0
server/public/model/session_serial_gen.go:558.36,559.22 1 0
server/public/model/session_serial_gen.go:559.22,561.18 2 0
server/public/model/session_serial_gen.go:561.18,563.5 1 0
server/public/model/session_serial_gen.go:564.4,564.31 1 0
server/public/model/session_serial_gen.go:565.9,566.36 1 0
server/public/model/session_serial_gen.go:566.36,568.5 1 0
server/public/model/session_serial_gen.go:569.4,570.18 2 0
server/public/model/session_serial_gen.go:570.18,573.5 2 0
server/public/model/session_serial_gen.go:576.2,577.16 2 0
server/public/model/session_serial_gen.go:577.16,580.3 2 0
server/public/model/session_serial_gen.go:581.2,582.8 2 0
server/public/model/session_serial_gen.go:586.37,588.20 2 0
server/public/model/session_serial_gen.go:588.20,589.39 1 0
server/public/model/session_serial_gen.go:589.39,592.4 2 0
server/public/model/session_serial_gen.go:594.2,595.36 2 0
server/public/model/session_serial_gen.go:595.36,596.35 1 0
server/public/model/session_serial_gen.go:596.35,598.4 1 0
server/public/model/session_serial_gen.go:598.9,600.4 1 0
server/public/model/session_serial_gen.go:602.2,603.8 2 0
server/public/model/session_serial_gen.go:607.60,610.16 3 0
server/public/model/session_serial_gen.go:610.16,613.3 2 0
server/public/model/session_serial_gen.go:614.2,614.17 1 0
server/public/model/session_serial_gen.go:614.17,616.3 1 0
server/public/model/session_serial_gen.go:616.8,616.26 1 0
server/public/model/session_serial_gen.go:616.26,617.23 1 0
server/public/model/session_serial_gen.go:617.23,619.4 1 0
server/public/model/session_serial_gen.go:621.2,621.17 1 0
server/public/model/session_serial_gen.go:621.17,626.17 5 0
server/public/model/session_serial_gen.go:626.17,629.4 2 0
server/public/model/session_serial_gen.go:630.3,631.17 2 0
server/public/model/session_serial_gen.go:631.17,634.4 2 0
server/public/model/session_serial_gen.go:635.3,635.24 1 0
server/public/model/session_serial_gen.go:637.2,637.8 1 0
server/public/model/session_serial_gen.go:641.59,643.16 2 0
server/public/model/session_serial_gen.go:643.16,646.3 2 0
server/public/model/session_serial_gen.go:647.2,647.32 1 0
server/public/model/session_serial_gen.go:647.32,649.17 2 0
server/public/model/session_serial_gen.go:649.17,652.4 2 0
server/public/model/session_serial_gen.go:653.3,654.17 2 0
server/public/model/session_serial_gen.go:654.17,657.4 2 0
server/public/model/session_serial_gen.go:659.2,659.8 1 0
server/public/model/session_serial_gen.go:663.63,666.32 3 0
server/public/model/session_serial_gen.go:666.32,669.3 2 0
server/public/model/session_serial_gen.go:670.2,670.8 1 0
server/public/model/session_serial_gen.go:674.68,677.16 3 0
server/public/model/session_serial_gen.go:677.16,680.3 2 0
server/public/model/session_serial_gen.go:681.2,681.17 1 0
server/public/model/session_serial_gen.go:681.17,683.3 1 0
server/public/model/session_serial_gen.go:683.8,683.26 1 0
server/public/model/session_serial_gen.go:683.26,684.23 1 0
server/public/model/session_serial_gen.go:684.23,686.4 1 0
server/public/model/session_serial_gen.go:688.2,688.17 1 0
server/public/model/session_serial_gen.go:688.17,693.17 5 0
server/public/model/session_serial_gen.go:693.17,696.4 2 0
server/public/model/session_serial_gen.go:697.3,698.17 2 0
server/public/model/session_serial_gen.go:698.17,701.4 2 0
server/public/model/session_serial_gen.go:702.3,702.24 1 0
server/public/model/session_serial_gen.go:704.2,705.8 2 0
server/public/model/session_serial_gen.go:709.38,711.14 2 0
server/public/model/session_serial_gen.go:711.14,712.33 1 0
server/public/model/session_serial_gen.go:712.33,715.4 2 0
server/public/model/session_serial_gen.go:717.2,717.8 1 0
server/public/model/shared_channel.go:51.46,52.30 1 0
server/public/model/shared_channel.go:52.30,54.3 1 0
server/public/model/shared_channel.go:56.2,56.90 1 0
server/public/model/shared_channel.go:56.90,58.3 1 0
server/public/model/shared_channel.go:60.2,60.22 1 0
server/public/model/shared_channel.go:60.22,62.3 1 0
server/public/model/shared_channel.go:64.2,64.22 1 0
server/public/model/shared_channel.go:64.22,66.3 1 0
server/public/model/shared_channel.go:68.2,68.78 1 0
server/public/model/shared_channel.go:68.78,70.3 1 0
server/public/model/shared_channel.go:72.2,72.45 1 0
server/public/model/shared_channel.go:72.45,74.3 1 0
server/public/model/shared_channel.go:76.2,76.68 1 0
server/public/model/shared_channel.go:76.68,78.3 1 0
server/public/model/shared_channel.go:80.2,80.70 1 0
server/public/model/shared_channel.go:80.70,82.3 1 0
server/public/model/shared_channel.go:84.2,84.30 1 0
server/public/model/shared_channel.go:84.30,86.3 1 0
server/public/model/shared_channel.go:88.2,88.14 1 0
server/public/model/shared_channel.go:88.14,89.30 1 0
server/public/model/shared_channel.go:89.30,91.4 1 0
server/public/model/shared_channel.go:93.2,93.12 1 0
server/public/model/shared_channel.go:96.36,102.2 4 0
server/public/model/shared_channel.go:104.38,108.2 3 0
server/public/model/shared_channel.go:129.52,130.23 1 0
server/public/model/shared_channel.go:130.23,132.3 1 0
server/public/model/shared_channel.go:134.2,134.30 1 0
server/public/model/shared_channel.go:134.30,136.3 1 0
server/public/model/shared_channel.go:138.2,138.22 1 0
server/public/model/shared_channel.go:138.22,140.3 1 0
server/public/model/shared_channel.go:142.2,142.22 1 0
server/public/model/shared_channel.go:142.22,144.3 1 0
server/public/model/shared_channel.go:146.2,146.30 1 0
server/public/model/shared_channel.go:146.30,148.3 1 0
server/public/model/shared_channel.go:149.2,149.12 1 0
server/public/model/shared_channel.go:152.42,153.17 1 0
server/public/model/shared_channel.go:153.17,155.3 1 0
server/public/model/shared_channel.go:156.2,157.27 2 0
server/public/model/shared_channel.go:160.44,162.2 1 0
server/public/model/shared_channel.go:187.41,190.2 2 0
server/public/model/shared_channel.go:192.51,193.24 1 0
server/public/model/shared_channel.go:193.24,195.3 1 0
server/public/model/shared_channel.go:197.2,197.28 1 0
server/public/model/shared_channel.go:197.28,199.3 1 0
server/public/model/shared_channel.go:201.2,201.31 1 0
server/public/model/shared_channel.go:201.31,203.3 1 0
server/public/model/shared_channel.go:205.2,205.30 1 0
server/public/model/shared_channel.go:205.30,207.3 1 0
server/public/model/shared_channel.go:209.2,209.23 1 0
server/public/model/shared_channel.go:209.23,211.3 1 0
server/public/model/shared_channel.go:212.2,212.12 1 0
server/public/model/shared_channel.go:231.47,232.18 1 0
server/public/model/shared_channel.go:232.18,234.3 1 0
server/public/model/shared_channel.go:235.2,235.23 1 0
server/public/model/shared_channel.go:235.23,238.3 2 0
server/public/model/shared_channel.go:238.8,240.3 1 0
server/public/model/shared_channel.go:243.57,244.24 1 0
server/public/model/shared_channel.go:244.24,246.3 1 0
server/public/model/shared_channel.go:248.2,248.28 1 0
server/public/model/shared_channel.go:248.28,250.3 1 0
server/public/model/shared_channel.go:252.2,252.30 1 0
server/public/model/shared_channel.go:252.30,254.3 1 0
server/public/model/shared_channel.go:256.2,256.23 1 0
server/public/model/shared_channel.go:256.23,258.3 1 0
server/public/model/shared_channel.go:259.2,259.12 1 0
server/public/model/shared_channel.go:303.44,308.2 1 0
server/public/model/shared_channel.go:310.45,312.16 2 0
server/public/model/shared_channel.go:312.16,314.3 1 0
server/public/model/shared_channel.go:315.2,315.15 1 0
server/public/model/shared_channel.go:318.36,320.16 2 0
server/public/model/shared_channel.go:320.16,322.3 1 0
server/public/model/shared_channel.go:323.2,323.21 1 0
server/public/model/shared_channel.go:350.77,351.45 1 0
server/public/model/shared_channel.go:351.45,353.3 1 0
server/public/model/shared_channel.go:356.2,365.99 2 0
server/public/model/shared_channel.go:365.99,367.3 1 0
server/public/model/shared_channel.go:370.2,370.23 1 0
server/public/model/shared_channel.go:370.23,372.51 2 0
server/public/model/shared_channel.go:372.51,374.4 1 0
server/public/model/shared_channel.go:376.3,377.27 2 0
server/public/model/shared_channel.go:377.27,379.4 1 0
server/public/model/shared_channel.go:380.3,382.26 2 0
server/public/model/shared_channel.go:382.26,384.103 2 0
server/public/model/shared_channel.go:384.103,386.5 1 0
server/public/model/shared_channel.go:389.3,389.57 1 0
server/public/model/shared_channel.go:389.57,391.4 1 0
server/public/model/shared_channel.go:395.2,395.35 1 0
server/public/model/shared_channel.go:395.35,397.48 2 0
server/public/model/shared_channel.go:397.48,399.4 1 0
server/public/model/shared_channel.go:401.3,402.39 2 0
server/public/model/shared_channel.go:402.39,404.4 1 0
server/public/model/shared_channel.go:405.3,407.26 2 0
server/public/model/shared_channel.go:407.26,409.103 2 0
server/public/model/shared_channel.go:409.103,411.5 1 0
server/public/model/shared_channel.go:414.3,414.54 1 0
server/public/model/shared_channel.go:414.54,416.4 1 0
server/public/model/shared_channel.go:419.2,419.35 1 0
server/public/model/shared_channel.go:423.79,427.6 3 0
server/public/model/shared_channel.go:427.6,429.17 2 0
server/public/model/shared_channel.go:429.17,431.4 1 0
server/public/model/shared_channel.go:433.3,433.26 1 0
server/public/model/shared_channel.go:434.25,435.24 1 0
server/public/model/shared_channel.go:436.18,438.56 2 0
server/public/model/shared_channel.go:438.56,440.6 1 0
server/public/model/shared_channel.go:441.5,447.50 7 0
server/public/model/shared_channel.go:449.17,451.49 2 0
server/public/model/shared_channel.go:451.49,453.6 1 0
server/public/model/shared_channel.go:455.29,457.61 2 0
server/public/model/shared_channel.go:457.61,459.6 1 0
server/public/model/shared_channel.go:461.12,462.36 1 0
server/public/model/shared_channel.go:462.36,464.6 1 0
server/public/model/shared_channel.go:467.23,468.14 1 0
server/public/model/shared_channel.go:473.56,474.6 1 0
server/public/model/shared_channel.go:474.6,476.17 2 0
server/public/model/shared_channel.go:476.17,478.4 1 0
server/public/model/shared_channel.go:480.3,480.26 1 0
server/public/model/shared_channel.go:481.25,482.35 1 0
server/public/model/shared_channel.go:482.35,484.55 2 0
server/public/model/shared_channel.go:484.55,486.6 1 0
server/public/model/shared_channel.go:487.5,487.36 1 0
server/public/model/shared_channel.go:488.10,489.36 1 0
server/public/model/shared_channel.go:489.36,491.6 1 0
server/public/model/shared_channel.go:493.23,494.14 1 0
server/public/model/shared_channel.go:499.68,500.6 1 0
server/public/model/shared_channel.go:500.6,502.17 2 0
server/public/model/shared_channel.go:502.17,504.4 1 0
server/public/model/shared_channel.go:506.3,506.26 1 0
server/public/model/shared_channel.go:507.25,508.35 1 0
server/public/model/shared_channel.go:508.35,510.55 2 0
server/public/model/shared_channel.go:510.55,512.6 1 0
server/public/model/shared_channel.go:513.5,513.50 1 0
server/public/model/shared_channel.go:514.10,515.36 1 0
server/public/model/shared_channel.go:515.36,517.6 1 0
server/public/model/shared_channel.go:519.23,520.14 1 0
server/public/model/shared_channel.go:569.55,571.21 2 0
server/public/model/shared_channel.go:571.21,573.3 1 0
server/public/model/shared_channel.go:574.2,574.20 1 0
server/public/model/shared_channel.go:574.20,576.3 1 0
server/public/model/shared_channel.go:577.2,577.14 1 0
server/public/model/slack_compatibility.go:18.73,20.2 1 0
server/public/model/slack_compatibility.go:23.76,25.2 1 0
server/public/model/slack_compatibility.go:35.64,37.15 2 0
server/public/model/slack_compatibility.go:38.24,39.12 1 0
server/public/model/slack_compatibility.go:40.26,41.13 1 0
server/public/model/slack_compatibility.go:42.10,43.69 1 0
server/public/model/slack_compatibility.go:46.2,46.12 1 0
server/public/model/status.go:39.43,43.2 3 0
server/public/model/status.go:45.52,47.22 2 0
server/public/model/status.go:47.22,50.3 2 0
server/public/model/status.go:51.2,51.27 1 0
server/public/model/status.go:54.75,56.30 2 0
server/public/model/status.go:56.30,58.32 1 0
server/public/model/status.go:58.32,60.4 1 0
server/public/model/status.go:62.2,62.21 1 0
server/public/model/support_packet.go:247.86,250.16 3 0
server/public/model/support_packet.go:250.16,252.3 1 0
server/public/model/support_packet.go:254.2,254.15 1 0
server/public/model/switch_request.go:16.52,23.2 1 0
server/public/model/switch_request.go:25.45,32.2 1 0
server/public/model/switch_request.go:34.45,40.2 1 0
server/public/model/switch_request.go:42.44,44.2 1 0
server/public/model/switch_request.go:46.44,48.2 1 0
server/public/model/team.go:47.43,61.2 1 0
server/public/model/team.go:63.31,65.2 1 0
server/public/model/team.go:77.48,83.2 1 0
server/public/model/team.go:99.42,101.35 2 0
server/public/model/team.go:101.35,103.3 1 0
server/public/model/team.go:104.2,104.18 1 0
server/public/model/team.go:107.30,109.2 1 0
server/public/model/team.go:111.36,112.22 1 0
server/public/model/team.go:112.22,114.3 1 0
server/public/model/team.go:116.2,116.21 1 0
server/public/model/team.go:116.21,118.3 1 0
server/public/model/team.go:120.2,120.21 1 0
server/public/model/team.go:120.21,122.3 1 0
server/public/model/team.go:124.2,124.39 1 0
server/public/model/team.go:124.39,126.3 1 0
server/public/model/team.go:128.2,128.45 1 0
server/public/model/team.go:128.45,130.3 1 0
server/public/model/team.go:132.2,132.115 1 0
server/public/model/team.go:132.115,134.3 1 0
server/public/model/team.go:136.2,136.37 1 0
server/public/model/team.go:136.37,138.3 1 0
server/public/model/team.go:140.2,140.51 1 0
server/public/model/team.go:140.51,142.3 1 0
server/public/model/team.go:144.2,144.22 1 0
server/public/model/team.go:144.22,146.3 1 0
server/public/model/team.go:148.2,148.32 1 0
server/public/model/team.go:148.32,150.3 1 0
server/public/model/team.go:152.2,152.30 1 0
server/public/model/team.go:152.30,154.3 1 0
server/public/model/team.go:156.2,156.51 1 0
server/public/model/team.go:156.51,158.3 1 0
server/public/model/team.go:160.2,160.51 1 0
server/public/model/team.go:160.51,162.3 1 0
server/public/model/team.go:164.2,164.57 1 0
server/public/model/team.go:164.57,166.3 1 0
server/public/model/team.go:168.2,168.12 1 0
server/public/model/team.go:171.26,172.16 1 0
server/public/model/team.go:172.16,174.3 1 0
server/public/model/team.go:176.2,184.22 7 0
server/public/model/team.go:184.22,186.3 1 0
server/public/model/team.go:189.28,195.2 5 0
server/public/model/team.go:197.40,200.37 2 0
server/public/model/team.go:200.37,201.35 1 0
server/public/model/team.go:201.35,203.4 1 0
server/public/model/team.go:206.2,206.14 1 0
server/public/model/team.go:209.37,210.25 1 0
server/public/model/team.go:210.25,212.3 1 0
server/public/model/team.go:214.2,214.32 1 0
server/public/model/team.go:214.32,216.3 1 0
server/public/model/team.go:218.2,218.13 1 0
server/public/model/team.go:223.37,226.37 2 0
server/public/model/team.go:226.37,227.35 1 0
server/public/model/team.go:227.35,229.4 1 0
server/public/model/team.go:232.2,234.22 2 0
server/public/model/team.go:234.22,236.48 2 0
server/public/model/team.go:236.48,238.4 1 0
server/public/model/team.go:241.2,243.25 2 0
server/public/model/team.go:243.25,245.3 1 0
server/public/model/team.go:247.2,247.10 1 0
server/public/model/team.go:250.27,253.2 2 0
server/public/model/team.go:255.40,256.30 1 0
server/public/model/team.go:256.30,258.3 1 0
server/public/model/team.go:260.2,260.30 1 0
server/public/model/team.go:260.30,262.3 1 0
server/public/model/team.go:264.2,264.30 1 0
server/public/model/team.go:264.30,266.3 1 0
server/public/model/team.go:268.2,268.33 1 0
server/public/model/team.go:268.33,270.3 1 0
server/public/model/team.go:272.2,272.34 1 0
server/public/model/team.go:272.34,274.3 1 0
server/public/model/team.go:276.2,276.35 1 0
server/public/model/team.go:276.35,278.3 1 0
server/public/model/team.go:280.2,280.38 1 0
server/public/model/team.go:280.38,282.3 1 0
server/public/model/team.go:285.42,287.2 1 0
server/public/model/team.go:290.36,293.2 2 0
server/public/model/team_member.go:32.49,44.2 1 0
server/public/model/team_member.go:94.71,96.22 2 0
server/public/model/team_member.go:96.22,97.21 1 0
server/public/model/team_member.go:97.21,99.4 1 0
server/public/model/team_member.go:101.2,101.12 1 0
server/public/model/team_member.go:104.67,106.2 1 0
server/public/model/team_member.go:108.80,110.22 2 0
server/public/model/team_member.go:110.22,111.21 1 0
server/public/model/team_member.go:111.21,113.4 1 0
server/public/model/team_member.go:115.2,115.12 1 0
server/public/model/team_member.go:118.65,120.2 1 0
server/public/model/team_member.go:122.42,123.26 1 0
server/public/model/team_member.go:123.26,125.3 1 0
server/public/model/team_member.go:127.2,127.26 1 0
server/public/model/team_member.go:127.26,129.3 1 0
server/public/model/team_member.go:131.2,131.39 1 0
server/public/model/team_member.go:131.39,134.3 1 0
server/public/model/team_member.go:136.2,136.12 1 0
server/public/model/team_member.go:139.35,140.2 0 0
server/public/model/team_member.go:142.42,144.2 1 0
server/public/model/team_member.go:146.61,147.31 1 0
server/public/model/team_member.go:147.31,154.3 6 0
server/public/model/team_member_serial_gen.go:13.61,16.16 3 0
server/public/model/team_member_serial_gen.go:16.16,19.3 2 0
server/public/model/team_member_serial_gen.go:20.2,20.17 1 0
server/public/model/team_member_serial_gen.go:20.17,23.3 2 0
server/public/model/team_member_serial_gen.go:24.2,25.16 2 0
server/public/model/team_member_serial_gen.go:25.16,28.3 2 0
server/public/model/team_member_serial_gen.go:29.2,30.16 2 0
server/public/model/team_member_serial_gen.go:30.16,33.3 2 0
server/public/model/team_member_serial_gen.go:34.2,35.16 2 0
server/public/model/team_member_serial_gen.go:35.16,38.3 2 0
server/public/model/team_member_serial_gen.go:39.2,40.16 2 0
server/public/model/team_member_serial_gen.go:40.16,43.3 2 0
server/public/model/team_member_serial_gen.go:44.2,45.16 2 0
server/public/model/team_member_serial_gen.go:45.16,48.3 2 0
server/public/model/team_member_serial_gen.go:49.2,50.16 2 0
server/public/model/team_member_serial_gen.go:50.16,53.3 2 0
server/public/model/team_member_serial_gen.go:54.2,55.16 2 0
server/public/model/team_member_serial_gen.go:55.16,58.3 2 0
server/public/model/team_member_serial_gen.go:59.2,60.16 2 0
server/public/model/team_member_serial_gen.go:60.16,63.3 2 0
server/public/model/team_member_serial_gen.go:64.2,65.16 2 0
server/public/model/team_member_serial_gen.go:65.16,68.3 2 0
server/public/model/team_member_serial_gen.go:69.2,69.8 1 0
server/public/model/team_member_serial_gen.go:73.61,76.16 2 0
server/public/model/team_member_serial_gen.go:76.16,78.3 1 0
server/public/model/team_member_serial_gen.go:79.2,80.16 2 0
server/public/model/team_member_serial_gen.go:80.16,83.3 2 0
server/public/model/team_member_serial_gen.go:84.2,85.16 2 0
server/public/model/team_member_serial_gen.go:85.16,88.3 2 0
server/public/model/team_member_serial_gen.go:89.2,90.16 2 0
server/public/model/team_member_serial_gen.go:90.16,93.3 2 0
server/public/model/team_member_serial_gen.go:94.2,95.16 2 0
server/public/model/team_member_serial_gen.go:95.16,98.3 2 0
server/public/model/team_member_serial_gen.go:99.2,100.16 2 0
server/public/model/team_member_serial_gen.go:100.16,103.3 2 0
server/public/model/team_member_serial_gen.go:104.2,105.16 2 0
server/public/model/team_member_serial_gen.go:105.16,108.3 2 0
server/public/model/team_member_serial_gen.go:109.2,110.16 2 0
server/public/model/team_member_serial_gen.go:110.16,113.3 2 0
server/public/model/team_member_serial_gen.go:114.2,115.16 2 0
server/public/model/team_member_serial_gen.go:115.16,118.3 2 0
server/public/model/team_member_serial_gen.go:119.2,120.16 2 0
server/public/model/team_member_serial_gen.go:120.16,123.3 2 0
server/public/model/team_member_serial_gen.go:124.2,124.8 1 0
server/public/model/team_member_serial_gen.go:128.65,142.2 12 0
server/public/model/team_member_serial_gen.go:145.69,148.16 3 0
server/public/model/team_member_serial_gen.go:148.16,151.3 2 0
server/public/model/team_member_serial_gen.go:152.2,152.17 1 0
server/public/model/team_member_serial_gen.go:152.17,155.3 2 0
server/public/model/team_member_serial_gen.go:156.2,157.16 2 0
server/public/model/team_member_serial_gen.go:157.16,160.3 2 0
server/public/model/team_member_serial_gen.go:161.2,162.16 2 0
server/public/model/team_member_serial_gen.go:162.16,165.3 2 0
server/public/model/team_member_serial_gen.go:166.2,167.16 2 0
server/public/model/team_member_serial_gen.go:167.16,170.3 2 0
server/public/model/team_member_serial_gen.go:171.2,172.16 2 0
server/public/model/team_member_serial_gen.go:172.16,175.3 2 0
server/public/model/team_member_serial_gen.go:176.2,177.16 2 0
server/public/model/team_member_serial_gen.go:177.16,180.3 2 0
server/public/model/team_member_serial_gen.go:181.2,182.16 2 0
server/public/model/team_member_serial_gen.go:182.16,185.3 2 0
server/public/model/team_member_serial_gen.go:186.2,187.16 2 0
server/public/model/team_member_serial_gen.go:187.16,190.3 2 0
server/public/model/team_member_serial_gen.go:191.2,192.16 2 0
server/public/model/team_member_serial_gen.go:192.16,195.3 2 0
server/public/model/team_member_serial_gen.go:196.2,197.16 2 0
server/public/model/team_member_serial_gen.go:197.16,200.3 2 0
server/public/model/team_member_serial_gen.go:201.2,202.8 2 0
server/public/model/team_member_serial_gen.go:206.40,209.2 2 0
server/public/model/team_search.go:20.41,22.2 1 0
server/public/model/temporary_post.go:16.41,17.16 1 0
server/public/model/temporary_post.go:17.16,19.3 1 0
server/public/model/temporary_post.go:21.2,21.12 1 0
server/public/model/temporary_post.go:26.85,39.2 4 0
server/public/model/terms_of_service.go:19.46,20.22 1 0
server/public/model/terms_of_service.go:20.22,22.3 1 0
server/public/model/terms_of_service.go:24.2,24.21 1 0
server/public/model/terms_of_service.go:24.21,26.3 1 0
server/public/model/terms_of_service.go:28.2,28.26 1 0
server/public/model/terms_of_service.go:28.26,30.3 1 0
server/public/model/terms_of_service.go:32.2,32.60 1 0
server/public/model/terms_of_service.go:32.60,34.3 1 0
server/public/model/terms_of_service.go:36.2,36.12 1 0
server/public/model/terms_of_service.go:39.86,42.28 3 0
server/public/model/terms_of_service.go:42.28,44.3 1 0
server/public/model/terms_of_service.go:45.2,45.134 1 0
server/public/model/terms_of_service.go:48.36,49.16 1 0
server/public/model/terms_of_service.go:49.16,51.3 1 0
server/public/model/terms_of_service.go:53.2,53.26 1 0
server/public/model/thread.go:95.32,97.2 1 0
server/public/model/thread.go:134.48,135.26 1 0
server/public/model/thread.go:135.26,137.3 1 0
server/public/model/thread.go:139.2,139.26 1 0
server/public/model/thread.go:139.26,141.3 1 0
server/public/model/thread.go:143.2,143.12 1 0
server/public/model/token.go:37.47,44.2 1 0
server/public/model/token.go:46.37,47.31 1 0
server/public/model/token.go:47.31,49.3 1 0
server/public/model/token.go:51.2,51.21 1 0
server/public/model/token.go:51.21,53.3 1 0
server/public/model/token.go:55.2,55.12 1 0
server/public/model/token.go:60.34,61.14 1 0
server/public/model/token.go:61.14,63.3 1 0
server/public/model/token.go:65.2,66.16 2 0
server/public/model/token.go:67.31,68.35 1 0
server/public/model/token.go:69.41,70.36 1 0
server/public/model/token.go:71.33,72.41 1 0
server/public/model/token.go:73.28,74.41 1 0
server/public/model/token.go:75.31,76.36 1 0
server/public/model/token.go:77.32,78.36 1 0
server/public/model/token.go:80.2,80.48 1 0
server/public/model/token.go:83.41,85.2 1 0
server/public/model/token.go:87.42,89.2 1 0
server/public/model/unicode.go:8.33,9.22 1 0
server/public/model/unicode.go:9.22,13.34 1 0
server/public/model/unicode.go:13.34,15.4 1 0
server/public/model/unicode.go:17.2,17.14 1 0
server/public/model/upload_session.go:50.53,61.2 1 0
server/public/model/upload_session.go:64.36,65.17 1 0
server/public/model/upload_session.go:65.17,67.3 1 0
server/public/model/upload_session.go:69.2,69.22 1 0
server/public/model/upload_session.go:69.22,71.3 1 0
server/public/model/upload_session.go:76.37,77.11 1 0
server/public/model/upload_session.go:78.28,79.13 1 0
server/public/model/upload_session.go:80.24,81.13 1 0
server/public/model/upload_session.go:82.10,82.10 0 0
server/public/model/upload_session.go:84.2,84.47 1 0
server/public/model/upload_session.go:89.46,90.23 1 0
server/public/model/upload_session.go:90.23,92.3 1 0
server/public/model/upload_session.go:94.2,94.42 1 0
server/public/model/upload_session.go:94.42,96.3 1 0
server/public/model/upload_session.go:98.2,98.58 1 0
server/public/model/upload_session.go:98.58,100.3 1 0
server/public/model/upload_session.go:102.2,102.65 1 0
server/public/model/upload_session.go:102.65,104.3 1 0
server/public/model/upload_session.go:106.2,106.22 1 0
server/public/model/upload_session.go:106.22,108.3 1 0
server/public/model/upload_session.go:110.2,110.23 1 0
server/public/model/upload_session.go:110.23,112.3 1 0
server/public/model/upload_session.go:114.2,114.22 1 0
server/public/model/upload_session.go:114.22,116.3 1 0
server/public/model/upload_session.go:118.2,118.54 1 0
server/public/model/upload_session.go:118.54,120.3 1 0
server/public/model/upload_session.go:122.2,122.19 1 0
server/public/model/upload_session.go:122.19,124.3 1 0
server/public/model/upload_session.go:126.2,126.12 1 0
server/public/model/user.go:125.43,155.2 1 0
server/public/model/user.go:157.31,178.2 1 0
server/public/model/user.go:208.48,222.2 1 0
server/public/model/user.go:230.47,234.2 1 0
server/public/model/user.go:236.35,237.44 1 0
server/public/model/user.go:237.44,239.3 1 0
server/public/model/user.go:241.2,241.43 1 0
server/public/model/user.go:241.43,243.3 1 0
server/public/model/user.go:245.2,245.47 1 0
server/public/model/user.go:281.47,282.14 1 0
server/public/model/user.go:282.14,284.3 1 0
server/public/model/user.go:285.2,289.41 5 0
server/public/model/user.go:295.41,297.25 2 0
server/public/model/user.go:297.25,299.3 1 0
server/public/model/user.go:300.2,301.18 2 0
server/public/model/user.go:304.35,306.25 2 0
server/public/model/user.go:306.25,308.3 1 0
server/public/model/user.go:309.2,309.12 1 0
server/public/model/user.go:312.50,315.25 2 0
server/public/model/user.go:315.25,316.18 1 0
server/public/model/user.go:316.18,318.4 1 0
server/public/model/user.go:320.2,320.27 1 0
server/public/model/user.go:323.58,326.25 2 0
server/public/model/user.go:326.25,327.35 1 0
server/public/model/user.go:327.35,329.4 1 0
server/public/model/user.go:329.9,329.43 1 0
server/public/model/user.go:329.43,331.4 1 0
server/public/model/user.go:333.2,333.27 1 0
server/public/model/user.go:336.55,338.25 2 0
server/public/model/user.go:338.25,339.26 1 0
server/public/model/user.go:339.26,340.21 1 0
server/public/model/user.go:340.21,342.5 1 0
server/public/model/user.go:345.2,345.27 1 0
server/public/model/user.go:348.60,350.25 2 0
server/public/model/user.go:350.25,352.26 2 0
server/public/model/user.go:352.26,353.21 1 0
server/public/model/user.go:353.21,355.5 1 0
server/public/model/user.go:357.3,357.15 1 0
server/public/model/user.go:357.15,359.4 1 0
server/public/model/user.go:361.2,361.24 1 0
server/public/model/user.go:364.33,366.23 2 0
server/public/model/user.go:366.23,368.3 1 0
server/public/model/user.go:369.2,369.20 1 0
server/public/model/user.go:369.20,371.3 1 0
server/public/model/user.go:372.2,372.26 1 0
server/public/model/user.go:372.26,374.3 1 0
server/public/model/user.go:375.2,375.23 1 0
server/public/model/user.go:375.23,377.3 1 0
server/public/model/user.go:378.2,378.18 1 0
server/public/model/user.go:383.36,384.22 1 0
server/public/model/user.go:384.22,386.3 1 0
server/public/model/user.go:388.2,388.21 1 0
server/public/model/user.go:388.21,390.3 1 0
server/public/model/user.go:392.2,392.21 1 0
server/public/model/user.go:392.21,394.3 1 0
server/public/model/user.go:396.2,396.18 1 0
server/public/model/user.go:396.18,397.46 1 0
server/public/model/user.go:397.46,399.4 1 0
server/public/model/user.go:400.8,401.35 1 0
server/public/model/user.go:401.35,403.4 1 0
server/public/model/user.go:406.2,406.101 1 0
server/public/model/user.go:406.101,408.3 1 0
server/public/model/user.go:410.2,410.63 1 0
server/public/model/user.go:410.63,412.3 1 0
server/public/model/user.go:414.2,414.63 1 0
server/public/model/user.go:414.63,416.3 1 0
server/public/model/user.go:418.2,418.65 1 0
server/public/model/user.go:418.65,420.3 1 0
server/public/model/user.go:422.2,422.63 1 0
server/public/model/user.go:422.63,424.3 1 0
server/public/model/user.go:426.2,426.67 1 0
server/public/model/user.go:426.67,428.3 1 0
server/public/model/user.go:430.2,430.67 1 0
server/public/model/user.go:430.67,432.3 1 0
server/public/model/user.go:434.2,434.64 1 0
server/public/model/user.go:434.64,436.3 1 0
server/public/model/user.go:438.2,438.30 1 0
server/public/model/user.go:438.30,440.3 1 0
server/public/model/user.go:442.2,442.25 1 0
server/public/model/user.go:442.25,443.58 1 0
server/public/model/user.go:443.58,445.4 1 0
server/public/model/user.go:445.9,445.59 1 0
server/public/model/user.go:445.59,447.4 1 0
server/public/model/user.go:450.2,450.39 1 0
server/public/model/user.go:450.39,453.3 1 0
server/public/model/user.go:455.2,455.20 1 0
server/public/model/user.go:455.20,456.32 1 0
server/public/model/user.go:456.32,459.4 1 0
server/public/model/user.go:462.2,462.12 1 0
server/public/model/user.go:465.75,468.18 3 0
server/public/model/user.go:468.18,470.3 1 0
server/public/model/user.go:471.2,472.77 2 0
server/public/model/user.go:475.48,477.2 1 0
server/public/model/user.go:479.42,481.2 1 0
server/public/model/user.go:486.61,487.16 1 0
server/public/model/user.go:487.16,489.3 1 0
server/public/model/user.go:491.2,491.22 1 0
server/public/model/user.go:491.22,493.3 1 0
server/public/model/user.go:495.2,495.44 1 0
server/public/model/user.go:495.44,497.3 1 0
server/public/model/user.go:499.2,507.21 7 0
server/public/model/user.go:507.21,509.3 1 0
server/public/model/user.go:510.2,516.20 4 0
server/public/model/user.go:516.20,518.3 1 0
server/public/model/user.go:520.2,520.20 1 0
server/public/model/user.go:520.20,522.3 1 0
server/public/model/user.go:524.2,524.29 1 0
server/public/model/user.go:524.29,526.3 1 0
server/public/model/user.go:528.2,528.23 1 0
server/public/model/user.go:528.23,530.3 1 0
server/public/model/user.go:532.2,532.22 1 0
server/public/model/user.go:532.22,534.41 2 0
server/public/model/user.go:534.41,537.4 1 0
server/public/model/user.go:537.9,537.24 1 0
server/public/model/user.go:537.24,540.4 1 0
server/public/model/user.go:541.3,541.22 1 0
server/public/model/user.go:544.2,545.15 2 0
server/public/model/user.go:545.15,548.3 2 0
server/public/model/user.go:550.2,550.12 1 0
server/public/model/user.go:554.28,570.44 13 0
server/public/model/user.go:570.44,572.3 1 0
server/public/model/user.go:574.2,574.29 1 0
server/public/model/user.go:574.29,576.3 1 0
server/public/model/user.go:576.8,576.62 1 0
server/public/model/user.go:576.62,580.33 3 0
server/public/model/user.go:580.33,581.17 1 0
server/public/model/user.go:581.17,583.5 1 0
server/public/model/user.go:585.3,585.69 1 0
server/public/model/user.go:588.2,588.20 1 0
server/public/model/user.go:588.20,590.16 2 0
server/public/model/user.go:590.16,593.4 2 0
server/public/model/user.go:597.42,612.2 14 0
server/public/model/user.go:614.66,616.41 2 0
server/public/model/user.go:616.41,617.51 1 0
server/public/model/user.go:617.51,619.4 1 0
server/public/model/user.go:622.2,623.30 2 0
server/public/model/user.go:623.30,625.3 1 0
server/public/model/user.go:628.42,631.79 2 0
server/public/model/user.go:631.79,634.23 2 0
server/public/model/user.go:634.23,635.12 1 0
server/public/model/user.go:638.3,638.34 1 0
server/public/model/user.go:641.2,641.13 1 0
server/public/model/user.go:644.40,645.27 1 0
server/public/model/user.go:645.27,647.3 1 0
server/public/model/user.go:649.2,649.27 1 0
server/public/model/user.go:649.27,651.3 1 0
server/public/model/user.go:653.2,653.28 1 0
server/public/model/user.go:653.28,655.3 1 0
server/public/model/user.go:657.2,657.27 1 0
server/public/model/user.go:657.27,659.3 1 0
server/public/model/user.go:661.2,661.27 1 0
server/public/model/user.go:661.27,663.3 1 0
server/public/model/user.go:665.2,665.24 1 0
server/public/model/user.go:665.24,667.3 1 0
server/public/model/user.go:669.2,669.24 1 0
server/public/model/user.go:669.24,671.3 1 0
server/public/model/user.go:673.2,673.30 1 0
server/public/model/user.go:673.30,675.3 1 0
server/public/model/user.go:677.2,677.25 1 0
server/public/model/user.go:677.25,679.3 1 0
server/public/model/user.go:681.2,681.27 1 0
server/public/model/user.go:681.27,683.3 1 0
server/public/model/user.go:685.2,685.27 1 0
server/public/model/user.go:685.27,687.3 1 0
server/public/model/user.go:691.58,693.2 1 0
server/public/model/user.go:696.50,702.23 5 0
server/public/model/user.go:702.23,703.24 1 0
server/public/model/user.go:703.24,706.4 2 0
server/public/model/user.go:707.3,707.27 1 0
server/public/model/user.go:707.27,710.4 2 0
server/public/model/user.go:711.3,711.33 1 0
server/public/model/user.go:711.33,713.4 1 0
server/public/model/user.go:714.3,714.30 1 0
server/public/model/user.go:714.30,716.4 1 0
server/public/model/user.go:717.3,717.27 1 0
server/public/model/user.go:717.27,719.4 1 0
server/public/model/user.go:724.44,725.14 1 0
server/public/model/user.go:725.14,729.3 3 0
server/public/model/user.go:730.2,741.22 12 0
server/public/model/user.go:744.52,752.14 7 0
server/public/model/user.go:752.14,756.3 3 0
server/public/model/user.go:759.71,763.2 2 0
server/public/model/user.go:765.29,766.20 1 0
server/public/model/user.go:766.20,768.3 1 0
server/public/model/user.go:770.2,770.26 1 0
server/public/model/user.go:770.26,772.3 1 0
server/public/model/user.go:775.56,779.2 2 0
server/public/model/user.go:781.56,784.20 3 0
server/public/model/user.go:784.20,786.3 1 0
server/public/model/user.go:787.2,788.12 2 0
server/public/model/user.go:791.48,798.2 4 0
server/public/model/user.go:800.45,807.2 4 0
server/public/model/user.go:809.36,812.2 2 0
server/public/model/user.go:814.44,816.28 2 0
server/public/model/user.go:816.28,818.16 2 0
server/public/model/user.go:818.16,820.4 1 0
server/public/model/user.go:822.2,822.13 1 0
server/public/model/user.go:825.37,826.43 1 0
server/public/model/user.go:826.43,828.3 1 0
server/public/model/user.go:828.8,828.30 1 0
server/public/model/user.go:828.30,830.3 1 0
server/public/model/user.go:830.8,830.29 1 0
server/public/model/user.go:830.29,832.3 1 0
server/public/model/user.go:833.2,833.11 1 0
server/public/model/user.go:836.67,839.40 2 0
server/public/model/user.go:839.40,840.23 1 0
server/public/model/user.go:840.23,842.4 1 0
server/public/model/user.go:842.9,842.57 1 0
server/public/model/user.go:842.57,844.4 1 0
server/public/model/user.go:845.8,845.39 1 0
server/public/model/user.go:845.39,846.50 1 0
server/public/model/user.go:846.50,848.4 1 0
server/public/model/user.go:851.2,851.20 1 0
server/public/model/user.go:854.57,858.2 2 0
server/public/model/user.go:860.75,864.2 2 0
server/public/model/user.go:866.36,868.2 1 0
server/public/model/user.go:870.37,872.2 1 0
server/public/model/user.go:874.46,877.26 2 0
server/public/model/user.go:877.26,878.26 1 0
server/public/model/user.go:878.26,880.4 1 0
server/public/model/user.go:884.2,884.51 1 0
server/public/model/user.go:884.51,886.3 1 0
server/public/model/user.go:888.2,888.13 1 0
server/public/model/user.go:893.31,895.2 1 0
server/public/model/user.go:897.42,900.2 1 0
server/public/model/user.go:902.37,904.2 1 0
server/public/model/user.go:908.45,910.2 1 0
server/public/model/user.go:914.53,918.2 2 0
server/public/model/user.go:920.33,922.2 1 0
server/public/model/user.go:924.35,929.2 1 0
server/public/model/user.go:931.34,933.2 1 0
server/public/model/user.go:935.34,937.2 1 0
server/public/model/user.go:942.50,943.17 1 0
server/public/model/user.go:950.17,951.14 1 0
server/public/model/user.go:953.2,953.14 1 0
server/public/model/user.go:956.46,958.2 1 0
server/public/model/user.go:960.53,962.16 2 0
server/public/model/user.go:962.16,964.3 1 0
server/public/model/user.go:965.2,965.12 1 0
server/public/model/user.go:969.32,971.2 1 0
server/public/model/user.go:974.37,976.2 1 0
server/public/model/user.go:978.45,979.20 1 0
server/public/model/user.go:979.20,980.19 1 0
server/public/model/user.go:980.19,982.4 1 0
server/public/model/user.go:983.3,983.12 1 0
server/public/model/user.go:985.2,985.93 1 0
server/public/model/user.go:985.93,987.3 1 0
server/public/model/user.go:988.2,988.18 1 0
server/public/model/user.go:988.18,990.3 1 0
server/public/model/user.go:991.2,991.11 1 0
server/public/model/user.go:994.37,996.2 1 0
server/public/model/user.go:999.52,1002.2 2 0
server/public/model/user.go:1006.51,1007.20 1 0
server/public/model/user.go:1007.20,1009.3 1 0
server/public/model/user.go:1010.2,1010.23 1 0
server/public/model/user.go:1013.37,1021.2 1 0
server/public/model/user.go:1023.67,1024.19 1 0
server/public/model/user.go:1025.19,1026.28 1 0
server/public/model/user.go:1027.18,1028.27 1 0
server/public/model/user.go:1029.18,1030.27 1 0
server/public/model/user.go:1031.15,1032.24 1 0
server/public/model/user.go:1033.18,1034.27 1 0
server/public/model/user.go:1035.18,1036.27 1 0
server/public/model/user.go:1050.37,1051.62 1 0
server/public/model/user.go:1051.62,1053.3 1 0
server/public/model/user.go:1055.2,1055.40 1 0
server/public/model/user.go:1055.40,1057.3 1 0
server/public/model/user.go:1059.2,1060.15 2 0
server/public/model/user.go:1063.48,1064.62 1 0
server/public/model/user.go:1064.62,1066.3 1 0
server/public/model/user.go:1068.2,1068.49 1 0
server/public/model/user.go:1068.49,1070.3 1 0
server/public/model/user.go:1072.2,1073.15 2 0
server/public/model/user.go:1076.69,1079.37 2 0
server/public/model/user.go:1079.37,1080.17 1 0
server/public/model/user.go:1080.17,1082.4 1 0
server/public/model/user.go:1085.2,1087.22 2 0
server/public/model/user.go:1087.22,1089.44 2 0
server/public/model/user.go:1089.44,1091.4 1 0
server/public/model/user.go:1094.2,1096.25 2 0
server/public/model/user.go:1096.25,1100.3 2 0
server/public/model/user.go:1102.2,1102.10 1 0
server/public/model/user.go:1105.40,1106.18 1 0
server/public/model/user.go:1106.18,1107.40 1 0
server/public/model/user.go:1107.40,1109.4 1 0
server/public/model/user.go:1109.9,1109.58 1 0
server/public/model/user.go:1109.58,1111.4 1 0
server/public/model/user.go:1114.2,1114.13 1 0
server/public/model/user.go:1127.49,1128.23 1 0
server/public/model/user.go:1128.23,1130.3 1 0
server/public/model/user.go:1131.2,1132.19 2 0
server/public/model/user.go:1132.19,1134.3 1 0
server/public/model/user.go:1135.2,1135.36 1 0
server/public/model/user.go:1144.37,1148.2 2 0
server/public/model/user_access_token.go:23.47,24.22 1 0
server/public/model/user_access_token.go:24.22,26.3 1 0
server/public/model/user_access_token.go:28.2,28.24 1 0
server/public/model/user_access_token.go:28.24,30.3 1 0
server/public/model/user_access_token.go:32.2,32.26 1 0
server/public/model/user_access_token.go:32.26,34.3 1 0
server/public/model/user_access_token.go:36.2,36.30 1 0
server/public/model/user_access_token.go:36.30,38.3 1 0
server/public/model/user_access_token.go:40.2,40.21 1 0
server/public/model/user_access_token.go:40.21,42.3 1 0
server/public/model/user_access_token.go:44.2,44.12 1 0
server/public/model/user_access_token.go:47.37,50.2 2 0
server/public/model/user_access_token.go:55.44,56.22 1 0
server/public/model/user_access_token.go:56.22,58.3 1 0
server/public/model/user_access_token.go:59.2,59.35 1 0
server/public/model/user_serial_gen.go:13.55,16.16 3 0
server/public/model/user_serial_gen.go:16.16,19.3 2 0
server/public/model/user_serial_gen.go:20.2,20.18 1 0
server/public/model/user_serial_gen.go:20.18,23.3 2 0
server/public/model/user_serial_gen.go:24.2,25.16 2 0
server/public/model/user_serial_gen.go:25.16,28.3 2 0
server/public/model/user_serial_gen.go:29.2,30.16 2 0
server/public/model/user_serial_gen.go:30.16,33.3 2 0
server/public/model/user_serial_gen.go:34.2,35.16 2 0
server/public/model/user_serial_gen.go:35.16,38.3 2 0
server/public/model/user_serial_gen.go:39.2,40.16 2 0
server/public/model/user_serial_gen.go:40.16,43.3 2 0
server/public/model/user_serial_gen.go:44.2,45.16 2 0
server/public/model/user_serial_gen.go:45.16,48.3 2 0
server/public/model/user_serial_gen.go:49.2,50.16 2 0
server/public/model/user_serial_gen.go:50.16,53.3 2 0
server/public/model/user_serial_gen.go:54.2,54.16 1 0
server/public/model/user_serial_gen.go:54.16,56.17 2 0
server/public/model/user_serial_gen.go:56.17,59.4 2 0
server/public/model/user_serial_gen.go:60.3,60.19 1 0
server/public/model/user_serial_gen.go:61.8,62.24 1 0
server/public/model/user_serial_gen.go:62.24,64.4 1 0
server/public/model/user_serial_gen.go:65.3,66.17 2 0
server/public/model/user_serial_gen.go:66.17,69.4 2 0
server/public/model/user_serial_gen.go:71.2,72.16 2 0
server/public/model/user_serial_gen.go:72.16,75.3 2 0
server/public/model/user_serial_gen.go:76.2,77.16 2 0
server/public/model/user_serial_gen.go:77.16,80.3 2 0
server/public/model/user_serial_gen.go:81.2,82.16 2 0
server/public/model/user_serial_gen.go:82.16,85.3 2 0
server/public/model/user_serial_gen.go:86.2,87.16 2 0
server/public/model/user_serial_gen.go:87.16,90.3 2 0
server/public/model/user_serial_gen.go:91.2,92.16 2 0
server/public/model/user_serial_gen.go:92.16,95.3 2 0
server/public/model/user_serial_gen.go:96.2,97.16 2 0
server/public/model/user_serial_gen.go:97.16,100.3 2 0
server/public/model/user_serial_gen.go:101.2,102.16 2 0
server/public/model/user_serial_gen.go:102.16,105.3 2 0
server/public/model/user_serial_gen.go:106.2,107.16 2 0
server/public/model/user_serial_gen.go:107.16,110.3 2 0
server/public/model/user_serial_gen.go:111.2,112.16 2 0
server/public/model/user_serial_gen.go:112.16,115.3 2 0
server/public/model/user_serial_gen.go:116.2,117.16 2 0
server/public/model/user_serial_gen.go:117.16,120.3 2 0
server/public/model/user_serial_gen.go:121.2,122.16 2 0
server/public/model/user_serial_gen.go:122.16,125.3 2 0
server/public/model/user_serial_gen.go:126.2,127.16 2 0
server/public/model/user_serial_gen.go:127.16,130.3 2 0
server/public/model/user_serial_gen.go:131.2,132.16 2 0
server/public/model/user_serial_gen.go:132.16,135.3 2 0
server/public/model/user_serial_gen.go:136.2,137.16 2 0
server/public/model/user_serial_gen.go:137.16,140.3 2 0
server/public/model/user_serial_gen.go:141.2,142.16 2 0
server/public/model/user_serial_gen.go:142.16,145.3 2 0
server/public/model/user_serial_gen.go:146.2,147.16 2 0
server/public/model/user_serial_gen.go:147.16,150.3 2 0
server/public/model/user_serial_gen.go:151.2,152.16 2 0
server/public/model/user_serial_gen.go:152.16,155.3 2 0
server/public/model/user_serial_gen.go:156.2,157.16 2 0
server/public/model/user_serial_gen.go:157.16,160.3 2 0
server/public/model/user_serial_gen.go:161.2,161.16 1 0
server/public/model/user_serial_gen.go:161.16,163.17 2 0
server/public/model/user_serial_gen.go:163.17,166.4 2 0
server/public/model/user_serial_gen.go:167.3,167.19 1 0
server/public/model/user_serial_gen.go:168.8,169.24 1 0
server/public/model/user_serial_gen.go:169.24,171.4 1 0
server/public/model/user_serial_gen.go:172.3,173.17 2 0
server/public/model/user_serial_gen.go:173.17,176.4 2 0
server/public/model/user_serial_gen.go:178.2,179.16 2 0
server/public/model/user_serial_gen.go:179.16,182.3 2 0
server/public/model/user_serial_gen.go:183.2,184.16 2 0
server/public/model/user_serial_gen.go:184.16,187.3 2 0
server/public/model/user_serial_gen.go:188.2,189.16 2 0
server/public/model/user_serial_gen.go:189.16,192.3 2 0
server/public/model/user_serial_gen.go:193.2,194.16 2 0
server/public/model/user_serial_gen.go:194.16,197.3 2 0
server/public/model/user_serial_gen.go:198.2,199.16 2 0
server/public/model/user_serial_gen.go:199.16,202.3 2 0
server/public/model/user_serial_gen.go:203.2,204.16 2 0
server/public/model/user_serial_gen.go:204.16,207.3 2 0
server/public/model/user_serial_gen.go:208.2,209.16 2 0
server/public/model/user_serial_gen.go:209.16,212.3 2 0
server/public/model/user_serial_gen.go:213.2,214.16 2 0
server/public/model/user_serial_gen.go:214.16,217.3 2 0
server/public/model/user_serial_gen.go:218.2,219.16 2 0
server/public/model/user_serial_gen.go:219.16,222.3 2 0
server/public/model/user_serial_gen.go:223.2,223.8 1 0
server/public/model/user_serial_gen.go:227.55,230.16 2 0
server/public/model/user_serial_gen.go:230.16,232.3 1 0
server/public/model/user_serial_gen.go:233.2,234.16 2 0
server/public/model/user_serial_gen.go:234.16,237.3 2 0
server/public/model/user_serial_gen.go:238.2,239.16 2 0
server/public/model/user_serial_gen.go:239.16,242.3 2 0
server/public/model/user_serial_gen.go:243.2,244.16 2 0
server/public/model/user_serial_gen.go:244.16,247.3 2 0
server/public/model/user_serial_gen.go:248.2,249.16 2 0
server/public/model/user_serial_gen.go:249.16,252.3 2 0
server/public/model/user_serial_gen.go:253.2,254.16 2 0
server/public/model/user_serial_gen.go:254.16,257.3 2 0
server/public/model/user_serial_gen.go:258.2,259.16 2 0
server/public/model/user_serial_gen.go:259.16,262.3 2 0
server/public/model/user_serial_gen.go:263.2,263.23 1 0
server/public/model/user_serial_gen.go:263.23,265.17 2 0
server/public/model/user_serial_gen.go:265.17,267.4 1 0
server/public/model/user_serial_gen.go:268.8,270.17 2 0
server/public/model/user_serial_gen.go:270.17,273.4 2 0
server/public/model/user_serial_gen.go:275.2,276.16 2 0
server/public/model/user_serial_gen.go:276.16,279.3 2 0
server/public/model/user_serial_gen.go:280.2,281.16 2 0
server/public/model/user_serial_gen.go:281.16,284.3 2 0
server/public/model/user_serial_gen.go:285.2,286.16 2 0
server/public/model/user_serial_gen.go:286.16,289.3 2 0
server/public/model/user_serial_gen.go:290.2,291.16 2 0
server/public/model/user_serial_gen.go:291.16,294.3 2 0
server/public/model/user_serial_gen.go:295.2,296.16 2 0
server/public/model/user_serial_gen.go:296.16,299.3 2 0
server/public/model/user_serial_gen.go:300.2,301.16 2 0
server/public/model/user_serial_gen.go:301.16,304.3 2 0
server/public/model/user_serial_gen.go:305.2,306.16 2 0
server/public/model/user_serial_gen.go:306.16,309.3 2 0
server/public/model/user_serial_gen.go:310.2,311.16 2 0
server/public/model/user_serial_gen.go:311.16,314.3 2 0
server/public/model/user_serial_gen.go:315.2,316.16 2 0
server/public/model/user_serial_gen.go:316.16,319.3 2 0
server/public/model/user_serial_gen.go:320.2,321.16 2 0
server/public/model/user_serial_gen.go:321.16,324.3 2 0
server/public/model/user_serial_gen.go:325.2,326.16 2 0
server/public/model/user_serial_gen.go:326.16,329.3 2 0
server/public/model/user_serial_gen.go:330.2,331.16 2 0
server/public/model/user_serial_gen.go:331.16,334.3 2 0
server/public/model/user_serial_gen.go:335.2,336.16 2 0
server/public/model/user_serial_gen.go:336.16,339.3 2 0
server/public/model/user_serial_gen.go:340.2,341.16 2 0
server/public/model/user_serial_gen.go:341.16,344.3 2 0
server/public/model/user_serial_gen.go:345.2,346.16 2 0
server/public/model/user_serial_gen.go:346.16,349.3 2 0
server/public/model/user_serial_gen.go:350.2,351.16 2 0
server/public/model/user_serial_gen.go:351.16,354.3 2 0
server/public/model/user_serial_gen.go:355.2,356.16 2 0
server/public/model/user_serial_gen.go:356.16,359.3 2 0
server/public/model/user_serial_gen.go:360.2,361.16 2 0
server/public/model/user_serial_gen.go:361.16,364.3 2 0
server/public/model/user_serial_gen.go:365.2,365.23 1 0
server/public/model/user_serial_gen.go:365.23,367.17 2 0
server/public/model/user_serial_gen.go:367.17,369.4 1 0
server/public/model/user_serial_gen.go:370.8,372.17 2 0
server/public/model/user_serial_gen.go:372.17,375.4 2 0
server/public/model/user_serial_gen.go:377.2,378.16 2 0
server/public/model/user_serial_gen.go:378.16,381.3 2 0
server/public/model/user_serial_gen.go:382.2,383.16 2 0
server/public/model/user_serial_gen.go:383.16,386.3 2 0
server/public/model/user_serial_gen.go:387.2,388.16 2 0
server/public/model/user_serial_gen.go:388.16,391.3 2 0
server/public/model/user_serial_gen.go:392.2,393.16 2 0
server/public/model/user_serial_gen.go:393.16,396.3 2 0
server/public/model/user_serial_gen.go:397.2,398.16 2 0
server/public/model/user_serial_gen.go:398.16,401.3 2 0
server/public/model/user_serial_gen.go:402.2,403.16 2 0
server/public/model/user_serial_gen.go:403.16,406.3 2 0
server/public/model/user_serial_gen.go:407.2,408.16 2 0
server/public/model/user_serial_gen.go:408.16,411.3 2 0
server/public/model/user_serial_gen.go:412.2,413.16 2 0
server/public/model/user_serial_gen.go:413.16,416.3 2 0
server/public/model/user_serial_gen.go:417.2,418.16 2 0
server/public/model/user_serial_gen.go:418.16,421.3 2 0
server/public/model/user_serial_gen.go:422.2,422.8 1 0
server/public/model/user_serial_gen.go:426.59,436.23 9 0
server/public/model/user_serial_gen.go:436.23,438.3 1 0
server/public/model/user_serial_gen.go:438.8,440.3 1 0
server/public/model/user_serial_gen.go:441.2,451.16 11 0
server/public/model/user_serial_gen.go:451.16,454.3 2 0
server/public/model/user_serial_gen.go:455.2,456.16 2 0
server/public/model/user_serial_gen.go:456.16,459.3 2 0
server/public/model/user_serial_gen.go:460.2,465.16 6 0
server/public/model/user_serial_gen.go:465.16,468.3 2 0
server/public/model/user_serial_gen.go:469.2,471.23 3 0
server/public/model/user_serial_gen.go:471.23,473.3 1 0
server/public/model/user_serial_gen.go:473.8,475.3 1 0
server/public/model/user_serial_gen.go:476.2,485.16 10 0
server/public/model/user_serial_gen.go:485.16,488.3 2 0
server/public/model/user_serial_gen.go:489.2,489.8 1 0
server/public/model/user_serial_gen.go:493.63,496.16 3 0
server/public/model/user_serial_gen.go:496.16,499.3 2 0
server/public/model/user_serial_gen.go:500.2,500.18 1 0
server/public/model/user_serial_gen.go:500.18,503.3 2 0
server/public/model/user_serial_gen.go:504.2,505.16 2 0
server/public/model/user_serial_gen.go:505.16,508.3 2 0
server/public/model/user_serial_gen.go:509.2,510.16 2 0
server/public/model/user_serial_gen.go:510.16,513.3 2 0
server/public/model/user_serial_gen.go:514.2,515.16 2 0
server/public/model/user_serial_gen.go:515.16,518.3 2 0
server/public/model/user_serial_gen.go:519.2,520.16 2 0
server/public/model/user_serial_gen.go:520.16,523.3 2 0
server/public/model/user_serial_gen.go:524.2,525.16 2 0
server/public/model/user_serial_gen.go:525.16,528.3 2 0
server/public/model/user_serial_gen.go:529.2,530.16 2 0
server/public/model/user_serial_gen.go:530.16,533.3 2 0
server/public/model/user_serial_gen.go:534.2,534.21 1 0
server/public/model/user_serial_gen.go:534.21,536.17 2 0
server/public/model/user_serial_gen.go:536.17,538.4 1 0
server/public/model/user_serial_gen.go:539.3,539.19 1 0
server/public/model/user_serial_gen.go:540.8,541.24 1 0
server/public/model/user_serial_gen.go:541.24,543.4 1 0
server/public/model/user_serial_gen.go:544.3,545.17 2 0
server/public/model/user_serial_gen.go:545.17,548.4 2 0
server/public/model/user_serial_gen.go:550.2,551.16 2 0
server/public/model/user_serial_gen.go:551.16,554.3 2 0
server/public/model/user_serial_gen.go:555.2,556.16 2 0
server/public/model/user_serial_gen.go:556.16,559.3 2 0
server/public/model/user_serial_gen.go:560.2,561.16 2 0
server/public/model/user_serial_gen.go:561.16,564.3 2 0
server/public/model/user_serial_gen.go:565.2,566.16 2 0
server/public/model/user_serial_gen.go:566.16,569.3 2 0
server/public/model/user_serial_gen.go:570.2,571.16 2 0
server/public/model/user_serial_gen.go:571.16,574.3 2 0
server/public/model/user_serial_gen.go:575.2,576.16 2 0
server/public/model/user_serial_gen.go:576.16,579.3 2 0
server/public/model/user_serial_gen.go:580.2,581.16 2 0
server/public/model/user_serial_gen.go:581.16,584.3 2 0
server/public/model/user_serial_gen.go:585.2,586.16 2 0
server/public/model/user_serial_gen.go:586.16,589.3 2 0
server/public/model/user_serial_gen.go:590.2,591.16 2 0
server/public/model/user_serial_gen.go:591.16,594.3 2 0
server/public/model/user_serial_gen.go:595.2,596.16 2 0
server/public/model/user_serial_gen.go:596.16,599.3 2 0
server/public/model/user_serial_gen.go:600.2,601.16 2 0
server/public/model/user_serial_gen.go:601.16,604.3 2 0
server/public/model/user_serial_gen.go:605.2,606.16 2 0
server/public/model/user_serial_gen.go:606.16,609.3 2 0
server/public/model/user_serial_gen.go:610.2,611.16 2 0
server/public/model/user_serial_gen.go:611.16,614.3 2 0
server/public/model/user_serial_gen.go:615.2,616.16 2 0
server/public/model/user_serial_gen.go:616.16,619.3 2 0
server/public/model/user_serial_gen.go:620.2,621.16 2 0
server/public/model/user_serial_gen.go:621.16,624.3 2 0
server/public/model/user_serial_gen.go:625.2,626.16 2 0
server/public/model/user_serial_gen.go:626.16,629.3 2 0
server/public/model/user_serial_gen.go:630.2,631.16 2 0
server/public/model/user_serial_gen.go:631.16,634.3 2 0
server/public/model/user_serial_gen.go:635.2,636.16 2 0
server/public/model/user_serial_gen.go:636.16,639.3 2 0
server/public/model/user_serial_gen.go:640.2,640.21 1 0
server/public/model/user_serial_gen.go:640.21,642.17 2 0
server/public/model/user_serial_gen.go:642.17,644.4 1 0
server/public/model/user_serial_gen.go:645.3,645.19 1 0
server/public/model/user_serial_gen.go:646.8,647.24 1 0
server/public/model/user_serial_gen.go:647.24,649.4 1 0
server/public/model/user_serial_gen.go:650.3,651.17 2 0
server/public/model/user_serial_gen.go:651.17,654.4 2 0
server/public/model/user_serial_gen.go:656.2,657.16 2 0
server/public/model/user_serial_gen.go:657.16,660.3 2 0
server/public/model/user_serial_gen.go:661.2,662.16 2 0
server/public/model/user_serial_gen.go:662.16,665.3 2 0
server/public/model/user_serial_gen.go:666.2,667.16 2 0
server/public/model/user_serial_gen.go:667.16,670.3 2 0
server/public/model/user_serial_gen.go:671.2,672.16 2 0
server/public/model/user_serial_gen.go:672.16,675.3 2 0
server/public/model/user_serial_gen.go:676.2,677.16 2 0
server/public/model/user_serial_gen.go:677.16,680.3 2 0
server/public/model/user_serial_gen.go:681.2,682.16 2 0
server/public/model/user_serial_gen.go:682.16,685.3 2 0
server/public/model/user_serial_gen.go:686.2,687.16 2 0
server/public/model/user_serial_gen.go:687.16,690.3 2 0
server/public/model/user_serial_gen.go:691.2,692.16 2 0
server/public/model/user_serial_gen.go:692.16,695.3 2 0
server/public/model/user_serial_gen.go:696.2,697.16 2 0
server/public/model/user_serial_gen.go:697.16,700.3 2 0
server/public/model/user_serial_gen.go:701.2,702.8 2 0
server/public/model/user_serial_gen.go:706.34,708.23 2 0
server/public/model/user_serial_gen.go:708.23,710.3 1 0
server/public/model/user_serial_gen.go:710.8,712.3 1 0
server/public/model/user_serial_gen.go:713.2,714.23 2 0
server/public/model/user_serial_gen.go:714.23,716.3 1 0
server/public/model/user_serial_gen.go:716.8,718.3 1 0
server/public/model/user_serial_gen.go:719.2,720.8 2 0
server/public/model/user_serial_gen.go:724.58,727.16 3 0
server/public/model/user_serial_gen.go:727.16,730.3 2 0
server/public/model/user_serial_gen.go:731.2,731.17 1 0
server/public/model/user_serial_gen.go:731.17,733.3 1 0
server/public/model/user_serial_gen.go:733.8,733.26 1 0
server/public/model/user_serial_gen.go:733.26,734.23 1 0
server/public/model/user_serial_gen.go:734.23,736.4 1 0
server/public/model/user_serial_gen.go:738.2,738.17 1 0
server/public/model/user_serial_gen.go:738.17,743.17 5 0
server/public/model/user_serial_gen.go:743.17,746.4 2 0
server/public/model/user_serial_gen.go:747.3,747.17 1 0
server/public/model/user_serial_gen.go:747.17,749.18 2 0
server/public/model/user_serial_gen.go:749.18,752.5 2 0
server/public/model/user_serial_gen.go:753.4,753.16 1 0
server/public/model/user_serial_gen.go:754.9,755.21 1 0
server/public/model/user_serial_gen.go:755.21,757.5 1 0
server/public/model/user_serial_gen.go:758.4,759.18 2 0
server/public/model/user_serial_gen.go:759.18,762.5 2 0
server/public/model/user_serial_gen.go:764.3,764.24 1 0
server/public/model/user_serial_gen.go:766.2,766.8 1 0
server/public/model/user_serial_gen.go:770.57,772.16 2 0
server/public/model/user_serial_gen.go:772.16,775.3 2 0
server/public/model/user_serial_gen.go:776.2,776.32 1 0
server/public/model/user_serial_gen.go:776.32,778.17 2 0
server/public/model/user_serial_gen.go:778.17,781.4 2 0
server/public/model/user_serial_gen.go:782.3,782.20 1 0
server/public/model/user_serial_gen.go:782.20,784.18 2 0
server/public/model/user_serial_gen.go:784.18,786.5 1 0
server/public/model/user_serial_gen.go:787.9,789.18 2 0
server/public/model/user_serial_gen.go:789.18,792.5 2 0
server/public/model/user_serial_gen.go:795.2,795.8 1 0
server/public/model/user_serial_gen.go:799.61,802.32 3 0
server/public/model/user_serial_gen.go:802.32,804.20 2 0
server/public/model/user_serial_gen.go:804.20,806.4 1 0
server/public/model/user_serial_gen.go:806.9,808.18 2 0
server/public/model/user_serial_gen.go:808.18,811.5 2 0
server/public/model/user_serial_gen.go:814.2,814.8 1 0
server/public/model/user_serial_gen.go:818.66,821.16 3 0
server/public/model/user_serial_gen.go:821.16,824.3 2 0
server/public/model/user_serial_gen.go:825.2,825.17 1 0
server/public/model/user_serial_gen.go:825.17,827.3 1 0
server/public/model/user_serial_gen.go:827.8,827.26 1 0
server/public/model/user_serial_gen.go:827.26,828.23 1 0
server/public/model/user_serial_gen.go:828.23,830.4 1 0
server/public/model/user_serial_gen.go:832.2,832.17 1 0
server/public/model/user_serial_gen.go:832.17,837.17 5 0
server/public/model/user_serial_gen.go:837.17,840.4 2 0
server/public/model/user_serial_gen.go:841.3,841.22 1 0
server/public/model/user_serial_gen.go:841.22,843.18 2 0
server/public/model/user_serial_gen.go:843.18,845.5 1 0
server/public/model/user_serial_gen.go:846.4,846.16 1 0
server/public/model/user_serial_gen.go:847.9,848.21 1 0
server/public/model/user_serial_gen.go:848.21,850.5 1 0
server/public/model/user_serial_gen.go:851.4,852.18 2 0
server/public/model/user_serial_gen.go:852.18,855.5 2 0
server/public/model/user_serial_gen.go:857.3,857.24 1 0
server/public/model/user_serial_gen.go:859.2,860.8 2 0
server/public/model/user_serial_gen.go:864.36,866.14 2 0
server/public/model/user_serial_gen.go:866.14,867.33 1 0
server/public/model/user_serial_gen.go:867.33,870.21 3 0
server/public/model/user_serial_gen.go:870.21,872.5 1 0
server/public/model/user_serial_gen.go:872.10,874.5 1 0
server/public/model/user_serial_gen.go:877.2,877.8 1 0
server/public/model/user_serial_gen.go:881.64,886.16 5 0
server/public/model/user_serial_gen.go:886.16,889.3 2 0
server/public/model/user_serial_gen.go:890.2,890.17 1 0
server/public/model/user_serial_gen.go:890.17,893.17 3 0
server/public/model/user_serial_gen.go:893.17,896.4 2 0
server/public/model/user_serial_gen.go:897.3,897.35 1 0
server/public/model/user_serial_gen.go:898.23,899.18 1 0
server/public/model/user_serial_gen.go:899.18,901.19 2 0
server/public/model/user_serial_gen.go:901.19,904.6 2 0
server/public/model/user_serial_gen.go:905.5,905.25 1 0
server/public/model/user_serial_gen.go:906.10,907.30 1 0
server/public/model/user_serial_gen.go:907.30,909.6 1 0
server/public/model/user_serial_gen.go:910.5,911.19 2 0
server/public/model/user_serial_gen.go:911.19,914.6 2 0
server/public/model/user_serial_gen.go:916.23,917.18 1 0
server/public/model/user_serial_gen.go:917.18,919.19 2 0
server/public/model/user_serial_gen.go:919.19,922.6 2 0
server/public/model/user_serial_gen.go:923.5,923.25 1 0
server/public/model/user_serial_gen.go:924.10,925.30 1 0
server/public/model/user_serial_gen.go:925.30,927.6 1 0
server/public/model/user_serial_gen.go:928.5,929.19 2 0
server/public/model/user_serial_gen.go:929.19,932.6 2 0
server/public/model/user_serial_gen.go:934.21,935.18 1 0
server/public/model/user_serial_gen.go:935.18,937.19 2 0
server/public/model/user_serial_gen.go:937.19,940.6 2 0
server/public/model/user_serial_gen.go:941.5,941.23 1 0
server/public/model/user_serial_gen.go:942.10,943.28 1 0
server/public/model/user_serial_gen.go:943.28,945.6 1 0
server/public/model/user_serial_gen.go:946.5,947.19 2 0
server/public/model/user_serial_gen.go:947.19,950.6 2 0
server/public/model/user_serial_gen.go:952.21,953.18 1 0
server/public/model/user_serial_gen.go:953.18,955.19 2 0
server/public/model/user_serial_gen.go:955.19,958.6 2 0
server/public/model/user_serial_gen.go:959.5,959.23 1 0
server/public/model/user_serial_gen.go:960.10,961.28 1 0
server/public/model/user_serial_gen.go:961.28,963.6 1 0
server/public/model/user_serial_gen.go:964.5,965.19 2 0
server/public/model/user_serial_gen.go:965.19,968.6 2 0
server/public/model/user_serial_gen.go:970.11,972.18 2 0
server/public/model/user_serial_gen.go:972.18,975.5 2 0
server/public/model/user_serial_gen.go:978.2,978.8 1 0
server/public/model/user_serial_gen.go:982.64,986.16 2 0
server/public/model/user_serial_gen.go:986.16,988.3 1 0
server/public/model/user_serial_gen.go:989.2,989.27 1 0
server/public/model/user_serial_gen.go:989.27,991.17 2 0
server/public/model/user_serial_gen.go:991.17,993.4 1 0
server/public/model/user_serial_gen.go:994.8,996.17 2 0
server/public/model/user_serial_gen.go:996.17,999.4 2 0
server/public/model/user_serial_gen.go:1002.2,1003.16 2 0
server/public/model/user_serial_gen.go:1003.16,1005.3 1 0
server/public/model/user_serial_gen.go:1006.2,1006.27 1 0
server/public/model/user_serial_gen.go:1006.27,1008.17 2 0
server/public/model/user_serial_gen.go:1008.17,1010.4 1 0
server/public/model/user_serial_gen.go:1011.8,1013.17 2 0
server/public/model/user_serial_gen.go:1013.17,1016.4 2 0
server/public/model/user_serial_gen.go:1019.2,1020.16 2 0
server/public/model/user_serial_gen.go:1020.16,1022.3 1 0
server/public/model/user_serial_gen.go:1023.2,1023.25 1 0
server/public/model/user_serial_gen.go:1023.25,1025.17 2 0
server/public/model/user_serial_gen.go:1025.17,1027.4 1 0
server/public/model/user_serial_gen.go:1028.8,1030.17 2 0
server/public/model/user_serial_gen.go:1030.17,1033.4 2 0
server/public/model/user_serial_gen.go:1036.2,1037.16 2 0
server/public/model/user_serial_gen.go:1037.16,1039.3 1 0
server/public/model/user_serial_gen.go:1040.2,1040.25 1 0
server/public/model/user_serial_gen.go:1040.25,1042.17 2 0
server/public/model/user_serial_gen.go:1042.17,1044.4 1 0
server/public/model/user_serial_gen.go:1045.8,1047.17 2 0
server/public/model/user_serial_gen.go:1047.17,1050.4 2 0
server/public/model/user_serial_gen.go:1052.2,1052.8 1 0
server/public/model/user_serial_gen.go:1056.68,1061.27 3 0
server/public/model/user_serial_gen.go:1061.27,1063.3 1 0
server/public/model/user_serial_gen.go:1063.8,1065.3 1 0
server/public/model/user_serial_gen.go:1067.2,1068.27 2 0
server/public/model/user_serial_gen.go:1068.27,1070.3 1 0
server/public/model/user_serial_gen.go:1070.8,1072.3 1 0
server/public/model/user_serial_gen.go:1074.2,1075.25 2 0
server/public/model/user_serial_gen.go:1075.25,1077.3 1 0
server/public/model/user_serial_gen.go:1077.8,1079.3 1 0
server/public/model/user_serial_gen.go:1081.2,1082.25 2 0
server/public/model/user_serial_gen.go:1082.25,1084.3 1 0
server/public/model/user_serial_gen.go:1084.8,1086.3 1 0
server/public/model/user_serial_gen.go:1087.2,1087.8 1 0
server/public/model/user_serial_gen.go:1091.72,1096.16 5 0
server/public/model/user_serial_gen.go:1096.16,1099.3 2 0
server/public/model/user_serial_gen.go:1100.2,1100.17 1 0
server/public/model/user_serial_gen.go:1100.17,1103.17 3 0
server/public/model/user_serial_gen.go:1103.17,1106.4 2 0
server/public/model/user_serial_gen.go:1107.3,1107.35 1 0
server/public/model/user_serial_gen.go:1108.23,1109.23 1 0
server/public/model/user_serial_gen.go:1109.23,1111.19 2 0
server/public/model/user_serial_gen.go:1111.19,1113.6 1 0
server/public/model/user_serial_gen.go:1114.5,1114.25 1 0
server/public/model/user_serial_gen.go:1115.10,1116.30 1 0
server/public/model/user_serial_gen.go:1116.30,1118.6 1 0
server/public/model/user_serial_gen.go:1119.5,1120.19 2 0
server/public/model/user_serial_gen.go:1120.19,1123.6 2 0
server/public/model/user_serial_gen.go:1125.23,1126.23 1 0
server/public/model/user_serial_gen.go:1126.23,1128.19 2 0
server/public/model/user_serial_gen.go:1128.19,1130.6 1 0
server/public/model/user_serial_gen.go:1131.5,1131.25 1 0
server/public/model/user_serial_gen.go:1132.10,1133.30 1 0
server/public/model/user_serial_gen.go:1133.30,1135.6 1 0
server/public/model/user_serial_gen.go:1136.5,1137.19 2 0
server/public/model/user_serial_gen.go:1137.19,1140.6 2 0
server/public/model/user_serial_gen.go:1142.21,1143.23 1 0
server/public/model/user_serial_gen.go:1143.23,1145.19 2 0
server/public/model/user_serial_gen.go:1145.19,1147.6 1 0
server/public/model/user_serial_gen.go:1148.5,1148.23 1 0
server/public/model/user_serial_gen.go:1149.10,1150.28 1 0
server/public/model/user_serial_gen.go:1150.28,1152.6 1 0
server/public/model/user_serial_gen.go:1153.5,1154.19 2 0
server/public/model/user_serial_gen.go:1154.19,1157.6 2 0
server/public/model/user_serial_gen.go:1159.21,1160.23 1 0
server/public/model/user_serial_gen.go:1160.23,1162.19 2 0
server/public/model/user_serial_gen.go:1162.19,1164.6 1 0
server/public/model/user_serial_gen.go:1165.5,1165.23 1 0
server/public/model/user_serial_gen.go:1166.10,1167.28 1 0
server/public/model/user_serial_gen.go:1167.28,1169.6 1 0
server/public/model/user_serial_gen.go:1170.5,1171.19 2 0
server/public/model/user_serial_gen.go:1171.19,1174.6 2 0
server/public/model/user_serial_gen.go:1176.11,1178.18 2 0
server/public/model/user_serial_gen.go:1178.18,1181.5 2 0
server/public/model/user_serial_gen.go:1184.2,1185.8 2 0
server/public/model/user_serial_gen.go:1189.43,1191.27 2 0
server/public/model/user_serial_gen.go:1191.27,1193.3 1 0
server/public/model/user_serial_gen.go:1193.8,1195.3 1 0
server/public/model/user_serial_gen.go:1196.2,1197.27 2 0
server/public/model/user_serial_gen.go:1197.27,1199.3 1 0
server/public/model/user_serial_gen.go:1199.8,1201.3 1 0
server/public/model/user_serial_gen.go:1202.2,1203.25 2 0
server/public/model/user_serial_gen.go:1203.25,1205.3 1 0
server/public/model/user_serial_gen.go:1205.8,1207.3 1 0
server/public/model/user_serial_gen.go:1208.2,1209.25 2 0
server/public/model/user_serial_gen.go:1209.25,1211.3 1 0
server/public/model/user_serial_gen.go:1211.8,1213.3 1 0
server/public/model/user_serial_gen.go:1214.2,1214.8 1 0
server/public/model/user_terms_of_service.go:17.51,18.27 1 0
server/public/model/user_terms_of_service.go:18.27,20.3 1 0
server/public/model/user_terms_of_service.go:22.2,22.37 1 0
server/public/model/user_terms_of_service.go:22.37,24.3 1 0
server/public/model/user_terms_of_service.go:26.2,26.22 1 0
server/public/model/user_terms_of_service.go:26.22,28.3 1 0
server/public/model/user_terms_of_service.go:30.2,30.12 1 0
server/public/model/user_terms_of_service.go:33.41,34.21 1 0
server/public/model/user_terms_of_service.go:34.21,36.3 1 0
server/public/model/user_terms_of_service.go:38.2,38.27 1 0
server/public/model/user_terms_of_service.go:41.94,44.32 3 0
server/public/model/user_terms_of_service.go:44.32,46.3 1 0
server/public/model/user_terms_of_service.go:47.2,47.91 1 0
server/public/model/utils.go:54.42,57.2 2 0
server/public/model/utils.go:59.37,61.2 1 0
server/public/model/utils.go:63.36,65.20 2 0
server/public/model/utils.go:65.20,67.3 1 0
server/public/model/utils.go:68.2,68.13 1 0
server/public/model/utils.go:71.56,72.24 1 0
server/public/model/utils.go:72.24,73.25 1 0
server/public/model/utils.go:73.25,77.4 3 0
server/public/model/utils.go:79.2,79.11 1 0
server/public/model/utils.go:82.51,84.2 1 0
server/public/model/utils.go:85.54,86.27 1 0
server/public/model/utils.go:86.27,88.3 1 0
server/public/model/utils.go:90.2,90.24 1 0
server/public/model/utils.go:90.24,91.32 1 0
server/public/model/utils.go:91.32,93.4 1 0
server/public/model/utils.go:96.2,96.13 1 0
server/public/model/utils.go:100.53,102.20 2 0
server/public/model/utils.go:102.20,104.28 2 0
server/public/model/utils.go:104.28,106.4 1 0
server/public/model/utils.go:109.2,110.16 2 0
server/public/model/utils.go:110.16,112.3 1 0
server/public/model/utils.go:114.2,114.23 1 0
server/public/model/utils.go:118.46,119.18 1 0
server/public/model/utils.go:119.18,121.3 1 0
server/public/model/utils.go:123.2,124.8 2 0
server/public/model/utils.go:124.8,126.3 1 0
server/public/model/utils.go:128.2,129.8 2 0
server/public/model/utils.go:129.8,131.3 1 0
server/public/model/utils.go:133.2,133.72 1 0
server/public/model/utils.go:137.43,138.18 1 0
server/public/model/utils.go:138.18,140.3 1 0
server/public/model/utils.go:142.2,143.8 2 0
server/public/model/utils.go:143.8,145.3 1 0
server/public/model/utils.go:147.2,148.8 2 0
server/public/model/utils.go:148.8,150.3 1 0
server/public/model/utils.go:152.2,152.72 1 0
server/public/model/utils.go:156.50,161.19 4 0
server/public/model/utils.go:161.19,163.28 2 0
server/public/model/utils.go:163.28,165.4 1 0
server/public/model/utils.go:168.2,169.16 2 0
server/public/model/utils.go:169.16,171.3 1 0
server/public/model/utils.go:172.2,172.18 1 0
server/public/model/utils.go:172.18,174.3 1 0
server/public/model/utils.go:174.8,174.26 1 0
server/public/model/utils.go:174.26,176.3 1 0
server/public/model/utils.go:178.2,178.25 1 0
server/public/model/utils.go:181.50,183.2 1 0
server/public/model/utils.go:185.50,186.18 1 0
server/public/model/utils.go:186.18,188.3 1 0
server/public/model/utils.go:190.2,191.8 2 0
server/public/model/utils.go:191.8,193.3 1 0
server/public/model/utils.go:195.2,196.8 2 0
server/public/model/utils.go:196.8,198.3 1 0
server/public/model/utils.go:200.2,200.72 1 0
server/public/model/utils.go:204.57,206.16 2 0
server/public/model/utils.go:206.16,208.3 1 0
server/public/model/utils.go:210.2,210.31 1 0
server/public/model/utils.go:210.31,212.3 1 0
server/public/model/utils.go:215.2,215.23 1 0
server/public/model/utils.go:218.57,220.2 1 0
server/public/model/utils.go:225.41,226.30 1 0
server/public/model/utils.go:226.30,228.3 1 0
server/public/model/utils.go:246.36,250.20 2 0
server/public/model/utils.go:250.20,253.3 2 0
server/public/model/utils.go:255.2,255.33 1 0
server/public/model/utils.go:255.33,257.3 1 0
server/public/model/utils.go:260.2,260.28 1 0
server/public/model/utils.go:260.28,261.34 1 0
server/public/model/utils.go:261.34,263.4 1 0
server/public/model/utils.go:264.3,264.35 1 0
server/public/model/utils.go:268.2,269.16 2 0
server/public/model/utils.go:269.16,272.3 2 0
server/public/model/utils.go:274.2,275.31 2 0
server/public/model/utils.go:275.31,277.3 1 0
server/public/model/utils.go:278.2,278.12 1 0
server/public/model/utils.go:281.53,282.24 1 1
server/public/model/utils.go:282.24,284.3 1 0
server/public/model/utils.go:286.2,286.14 1 1
server/public/model/utils.go:286.14,289.3 2 1
server/public/model/utils.go:291.2,291.22 1 0
server/public/model/utils.go:291.22,293.3 1 0
server/public/model/utils.go:293.8,295.3 1 0
server/public/model/utils.go:298.64,299.22 1 0
server/public/model/utils.go:299.22,301.3 1 0
server/public/model/utils.go:302.2,302.28 1 0
server/public/model/utils.go:305.37,308.15 2 0
server/public/model/utils.go:308.15,310.3 1 0
server/public/model/utils.go:312.2,315.18 3 0
server/public/model/utils.go:318.41,319.23 1 0
server/public/model/utils.go:319.23,321.3 1 0
server/public/model/utils.go:323.2,323.28 1 0
server/public/model/utils.go:323.28,325.3 1 0
server/public/model/utils.go:327.2,327.40 1 0
server/public/model/utils.go:330.36,332.2 1 0
server/public/model/utils.go:334.47,337.2 2 0
server/public/model/utils.go:339.36,342.2 2 0
server/public/model/utils.go:345.42,347.16 2 0
server/public/model/utils.go:347.16,349.3 1 0
server/public/model/utils.go:351.2,353.16 3 0
server/public/model/utils.go:353.16,355.55 1 0
server/public/model/utils.go:355.55,357.4 1 0
server/public/model/utils.go:359.3,359.98 1 0
server/public/model/utils.go:362.2,362.12 1 0
server/public/model/utils.go:365.104,376.2 3 1
server/public/model/utils.go:383.21,385.2 1 0
server/public/model/utils.go:388.27,390.2 1 0
server/public/model/utils.go:393.33,395.35 2 0
server/public/model/utils.go:395.35,397.3 1 0
server/public/model/utils.go:398.2,398.17 1 0
server/public/model/utils.go:403.41,407.2 3 0
server/public/model/utils.go:412.31,425.46 3 0
server/public/model/utils.go:425.46,426.13 1 0
server/public/model/utils.go:429.2,434.30 6 0
server/public/model/utils.go:434.30,436.3 1 0
server/public/model/utils.go:439.2,439.35 1 0
server/public/model/utils.go:439.35,442.3 2 0
server/public/model/utils.go:444.2,444.19 1 0
server/public/model/utils.go:448.24,450.2 1 0
server/public/model/utils.go:453.49,455.2 1 0
server/public/model/utils.go:458.47,460.2 1 0
server/public/model/utils.go:463.51,465.33 2 0
server/public/model/utils.go:465.33,466.21 1 0
server/public/model/utils.go:466.21,468.4 1 0
server/public/model/utils.go:470.2,471.19 2 0
server/public/model/utils.go:475.72,479.2 3 0
server/public/model/utils.go:482.70,486.2 3 0
server/public/model/utils.go:488.69,492.2 3 0
server/public/model/utils.go:495.49,498.2 2 0
server/public/model/utils.go:501.51,504.2 2 0
server/public/model/utils.go:507.52,511.19 3 0
server/public/model/utils.go:511.19,513.3 1 0
server/public/model/utils.go:515.2,515.15 1 0
server/public/model/utils.go:519.54,523.19 3 0
server/public/model/utils.go:523.19,525.3 1 0
server/public/model/utils.go:527.2,527.15 1 0
server/public/model/utils.go:530.42,533.2 2 0
server/public/model/utils.go:537.45,540.19 3 0
server/public/model/utils.go:540.19,542.3 1 0
server/public/model/utils.go:543.2,543.15 1 0
server/public/model/utils.go:546.60,549.30 3 0
server/public/model/utils.go:549.30,551.3 1 0
server/public/model/utils.go:554.2,554.41 1 0
server/public/model/utils.go:557.63,560.30 3 0
server/public/model/utils.go:560.30,562.3 1 0
server/public/model/utils.go:565.2,565.48 1 0
server/public/model/utils.go:568.44,572.9 3 0
server/public/model/utils.go:572.9,574.3 1 0
server/public/model/utils.go:576.2,576.30 1 0
server/public/model/utils.go:576.30,577.32 1 0
server/public/model/utils.go:577.32,579.4 1 0
server/public/model/utils.go:582.2,582.20 1 0
server/public/model/utils.go:585.58,588.2 2 0
server/public/model/utils.go:590.61,594.19 3 0
server/public/model/utils.go:594.19,596.3 1 0
server/public/model/utils.go:598.2,598.15 1 0
server/public/model/utils.go:601.65,603.30 2 0
server/public/model/utils.go:603.30,605.3 1 0
server/public/model/utils.go:607.2,607.12 1 0
server/public/model/utils.go:611.27,614.2 2 0
server/public/model/utils.go:616.46,618.17 2 0
server/public/model/utils.go:618.17,621.17 3 0
server/public/model/utils.go:621.17,623.4 1 0
server/public/model/utils.go:624.8,626.17 2 0
server/public/model/utils.go:626.17,628.4 1 0
server/public/model/utils.go:629.3,629.32 1 0
server/public/model/utils.go:629.32,630.23 1 0
server/public/model/utils.go:630.23,632.19 2 0
server/public/model/utils.go:632.19,634.6 1 0
server/public/model/utils.go:635.5,635.10 1 0
server/public/model/utils.go:640.2,640.29 1 0
server/public/model/utils.go:640.29,641.125 1 0
server/public/model/utils.go:641.125,642.26 1 0
server/public/model/utils.go:642.26,644.5 1 0
server/public/model/utils.go:648.2,648.11 1 0
server/public/model/utils.go:651.29,653.2 1 0
server/public/model/utils.go:655.38,656.21 1 0
server/public/model/utils.go:656.21,658.3 1 0
server/public/model/utils.go:660.2,660.55 1 0
server/public/model/utils.go:660.55,662.3 1 0
server/public/model/utils.go:662.8,662.34 1 0
server/public/model/utils.go:662.34,670.22 1 0
server/public/model/utils.go:670.22,672.4 1 0
server/public/model/utils.go:673.3,673.15 1 0
server/public/model/utils.go:679.2,679.35 1 0
server/public/model/utils.go:679.35,681.3 1 0
server/public/model/utils.go:682.2,682.13 1 0
server/public/model/utils.go:705.46,707.2 1 0
server/public/model/utils.go:717.37,719.2 1 0
server/public/model/utils.go:721.70,722.16 1 0
server/public/model/utils.go:722.16,724.3 1 0
server/public/model/utils.go:725.2,725.59 1 0
server/public/model/utils.go:728.57,730.2 1 0
server/public/model/utils.go:732.32,736.29 3 0
server/public/model/utils.go:736.29,738.3 1 0
server/public/model/utils.go:740.2,740.22 1 0
server/public/model/utils.go:750.50,755.29 4 0
server/public/model/utils.go:755.29,763.37 4 0
server/public/model/utils.go:763.37,765.4 1 0
server/public/model/utils.go:765.9,767.4 1 0
server/public/model/utils.go:769.2,771.31 2 0
server/public/model/utils.go:771.31,774.21 3 0
server/public/model/utils.go:774.21,776.4 1 0
server/public/model/utils.go:776.9,778.4 1 0
server/public/model/utils.go:781.2,781.82 1 0
server/public/model/utils.go:784.43,788.2 3 0
server/public/model/utils.go:790.41,791.85 1 0
server/public/model/utils.go:791.85,793.3 1 0
server/public/model/utils.go:795.2,795.89 1 0
server/public/model/utils.go:795.89,797.3 1 0
server/public/model/utils.go:799.2,799.13 1 0
server/public/model/utils.go:802.35,803.22 1 0
server/public/model/utils.go:803.22,805.3 1 0
server/public/model/utils.go:807.2,807.26 1 0
server/public/model/utils.go:807.26,808.51 1 0
server/public/model/utils.go:808.51,810.4 1 0
server/public/model/utils.go:813.2,813.13 1 0
server/public/model/utils.go:818.51,821.18 1 0
server/public/model/utils.go:821.18,823.3 1 0
server/public/model/utils.go:824.2,826.31 3 0
server/public/model/utils.go:826.31,827.21 1 0
server/public/model/utils.go:827.21,828.12 1 0
server/public/model/utils.go:830.3,831.16 2 0
server/public/model/utils.go:833.2,833.17 1 0
server/public/model/utils.go:838.58,841.26 3 0
server/public/model/utils.go:841.26,842.40 1 0
server/public/model/utils.go:842.40,845.4 2 0
server/public/model/utils.go:847.2,847.13 1 0
server/public/model/utils.go:850.54,851.48 1 0
server/public/model/utils.go:851.48,853.3 1 0
server/public/model/utils.go:855.2,855.35 1 0
server/public/model/utils.go:859.39,861.2 1 0
server/public/model/utils.go:865.35,867.11 2 0
server/public/model/utils.go:868.26,869.14 1 0
server/public/model/utils.go:870.26,871.14 1 0
server/public/model/utils.go:872.26,873.14 1 0
server/public/model/utils.go:874.56,875.14 1 0
server/public/model/utils.go:876.26,877.14 1 0
server/public/model/utils.go:878.26,879.14 1 0
server/public/model/utils.go:880.26,881.14 1 0
server/public/model/utils.go:882.36,883.14 1 0
server/public/model/utils.go:884.16,885.14 1 0
server/public/model/utils.go:886.16,887.14 1 0
server/public/model/utils.go:891.2,891.40 1 0
server/public/model/utils.go:891.40,893.3 1 0
server/public/model/utils.go:896.2,896.40 1 0
server/public/model/utils.go:896.40,898.3 1 0
server/public/model/utils.go:900.2,900.10 1 0
server/public/model/utils.go:903.21,905.2 1 0
server/public/model/utils.go:907.48,909.19 2 1
server/public/model/utils.go:909.19,911.3 1 1
server/public/model/utils.go:913.2,913.22 1 1
server/public/model/utils.go:913.22,914.26 1 0
server/public/model/utils.go:917.2,917.10 1 1
server/public/model/utils.go:922.56,924.27 2 0
server/public/model/utils.go:924.27,926.3 1 0
server/public/model/utils.go:928.2,928.17 1 0
server/public/model/utils.go:933.56,934.23 1 0
server/public/model/utils.go:934.23,936.3 1 0
server/public/model/utils.go:937.2,937.17 1 0
server/public/model/utils_serial_gen.go:13.62,16.16 3 0
server/public/model/utils_serial_gen.go:16.16,19.3 2 0
server/public/model/utils_serial_gen.go:20.2,20.30 1 0
server/public/model/utils_serial_gen.go:20.30,22.3 1 0
server/public/model/utils_serial_gen.go:22.8,24.3 1 0
server/public/model/utils_serial_gen.go:25.2,25.25 1 0
server/public/model/utils_serial_gen.go:25.25,27.17 2 0
server/public/model/utils_serial_gen.go:27.17,30.4 2 0
server/public/model/utils_serial_gen.go:32.2,32.8 1 0
server/public/model/utils_serial_gen.go:36.61,38.16 2 0
server/public/model/utils_serial_gen.go:38.16,41.3 2 0
server/public/model/utils_serial_gen.go:42.2,42.24 1 0
server/public/model/utils_serial_gen.go:42.24,44.17 2 0
server/public/model/utils_serial_gen.go:44.17,47.4 2 0
server/public/model/utils_serial_gen.go:49.2,49.8 1 0
server/public/model/utils_serial_gen.go:53.65,56.24 3 0
server/public/model/utils_serial_gen.go:56.24,58.3 1 0
server/public/model/utils_serial_gen.go:59.2,59.8 1 0
server/public/model/utils_serial_gen.go:63.70,66.16 3 0
server/public/model/utils_serial_gen.go:66.16,69.3 2 0
server/public/model/utils_serial_gen.go:70.2,70.30 1 0
server/public/model/utils_serial_gen.go:70.30,72.3 1 0
server/public/model/utils_serial_gen.go:72.8,74.3 1 0
server/public/model/utils_serial_gen.go:75.2,75.25 1 0
server/public/model/utils_serial_gen.go:75.25,77.17 2 0
server/public/model/utils_serial_gen.go:77.17,80.4 2 0
server/public/model/utils_serial_gen.go:82.2,83.8 2 0
server/public/model/utils_serial_gen.go:87.40,89.24 2 0
server/public/model/utils_serial_gen.go:89.24,91.3 1 0
server/public/model/utils_serial_gen.go:92.2,92.8 1 0
server/public/model/version.go:160.13,164.35 3 1
server/public/model/version.go:164.35,168.25 3 1
server/public/model/version.go:168.25,171.4 2 1
server/public/model/version.go:175.57,182.20 5 1
server/public/model/version.go:182.20,184.3 1 1
server/public/model/version.go:186.2,186.20 1 1
server/public/model/version.go:186.20,188.3 1 1
server/public/model/version.go:190.2,190.20 1 1
server/public/model/version.go:190.20,192.3 1 1
server/public/model/version.go:194.2,194.28 1 1
server/public/model/version.go:197.48,201.48 3 0
server/public/model/version.go:201.48,202.60 1 0
server/public/model/version.go:202.60,204.4 1 0
server/public/model/version.go:207.2,207.11 1 0
server/public/model/version.go:210.51,214.66 3 0
server/public/model/version.go:214.66,216.3 1 0
server/public/model/version.go:217.2,217.14 1 0
server/public/model/version.go:220.62,225.53 3 0
server/public/model/version.go:225.53,227.3 1 0
server/public/model/version.go:230.2,230.53 1 0
server/public/model/version.go:230.53,232.3 1 0
server/public/model/version.go:235.2,235.53 1 0
server/public/model/version.go:235.53,237.3 1 0
server/public/model/version.go:240.2,240.53 1 0
server/public/model/version.go:240.53,242.3 1 0
server/public/model/version.go:244.2,244.14 1 0
server/public/model/view.go:56.59,58.16 2 0
server/public/model/view.go:58.16,60.3 1 0
server/public/model/view.go:61.2,62.48 2 0
server/public/model/view.go:62.48,64.3 1 0
server/public/model/view.go:65.2,65.15 1 0
server/public/model/view.go:69.72,71.16 2 0
server/public/model/view.go:71.16,73.3 1 0
server/public/model/view.go:74.2,75.49 2 0
server/public/model/view.go:75.49,77.3 1 0
server/public/model/view.go:78.2,78.17 1 0
server/public/model/view.go:118.43,128.2 1 0
server/public/model/view.go:130.30,131.14 1 0
server/public/model/view.go:131.14,133.3 1 0
server/public/model/view.go:134.2,135.20 2 0
server/public/model/view.go:135.20,138.3 2 0
server/public/model/view.go:139.2,139.11 1 0
server/public/model/view.go:142.36,143.22 1 0
server/public/model/view.go:143.22,145.3 1 0
server/public/model/view.go:147.2,147.29 1 0
server/public/model/view.go:147.29,149.3 1 0
server/public/model/view.go:151.2,151.29 1 0
server/public/model/view.go:151.29,153.3 1 0
server/public/model/view.go:155.2,155.30 1 0
server/public/model/view.go:155.30,157.3 1 0
server/public/model/view.go:159.2,159.93 1 0
server/public/model/view.go:159.93,161.3 1 0
server/public/model/view.go:163.2,163.69 1 0
server/public/model/view.go:163.69,165.3 1 0
server/public/model/view.go:167.2,167.21 1 0
server/public/model/view.go:167.21,169.3 1 0
server/public/model/view.go:171.2,171.21 1 0
server/public/model/view.go:171.21,173.3 1 0
server/public/model/view.go:175.2,175.59 1 0
server/public/model/view.go:175.59,177.3 1 0
server/public/model/view.go:179.2,179.12 1 0
server/public/model/view.go:183.76,184.32 1 0
server/public/model/view.go:184.32,186.3 1 0
server/public/model/view.go:187.2,187.12 1 0
server/public/model/view.go:190.59,191.18 1 0
server/public/model/view.go:191.18,193.3 1 0
server/public/model/view.go:195.2,196.16 2 0
server/public/model/view.go:196.16,198.3 1 0
server/public/model/view.go:200.2,200.40 1 0
server/public/model/view.go:200.40,202.3 1 0
server/public/model/view.go:204.2,204.38 1 0
server/public/model/view.go:204.38,206.3 1 0
server/public/model/view.go:208.2,208.52 1 0
server/public/model/view.go:208.52,210.3 1 0
server/public/model/view.go:212.2,212.45 1 0
server/public/model/view.go:212.45,213.25 1 0
server/public/model/view.go:213.25,215.4 1 0
server/public/model/view.go:216.3,216.40 1 0
server/public/model/view.go:216.40,218.4 1 0
server/public/model/view.go:219.3,219.30 1 0
server/public/model/view.go:219.30,221.4 1 0
server/public/model/view.go:224.2,224.12 1 0
server/public/model/view.go:227.26,228.16 1 0
server/public/model/view.go:228.16,230.3 1 0
server/public/model/view.go:232.2,232.21 1 0
server/public/model/view.go:232.21,234.3 1 0
server/public/model/view.go:235.2,236.16 2 0
server/public/model/view.go:239.28,241.2 1 0
server/public/model/view.go:243.40,244.18 1 0
server/public/model/view.go:244.18,246.3 1 0
server/public/model/view.go:247.2,247.24 1 0
server/public/model/view.go:247.24,249.3 1 0
server/public/model/view.go:250.2,250.30 1 0
server/public/model/view.go:250.30,252.3 1 0
server/public/model/view.go:253.2,253.28 1 0
server/public/model/view.go:253.28,255.3 1 0
server/public/model/view.go:256.2,256.24 1 0
server/public/model/view.go:256.24,259.3 2 0
server/public/model/websocket_client.go:67.74,69.2 1 0
server/public/model/websocket_client.go:71.158,74.20 3 0
server/public/model/websocket_client.go:74.20,78.3 1 0
server/public/model/websocket_client.go:80.2,80.63 1 0
server/public/model/websocket_client.go:85.110,87.2 1 0
server/public/model/websocket_client.go:89.124,91.16 2 0
server/public/model/websocket_client.go:91.16,93.3 1 0
server/public/model/websocket_client.go:95.2,116.20 5 0
server/public/model/websocket_client.go:121.75,123.2 1 0
server/public/model/websocket_client.go:127.111,129.2 1 0
server/public/model/websocket_client.go:133.49,135.2 1 0
server/public/model/websocket_client.go:139.83,142.16 3 0
server/public/model/websocket_client.go:142.16,144.3 1 0
server/public/model/websocket_client.go:147.2,149.51 2 0
server/public/model/websocket_client.go:149.51,155.3 5 0
server/public/model/websocket_client.go:157.2,162.12 4 0
server/public/model/websocket_client.go:167.37,169.52 1 0
server/public/model/websocket_client.go:169.52,171.3 1 0
server/public/model/websocket_client.go:172.2,176.18 3 0
server/public/model/websocket_client.go:180.38,181.6 1 0
server/public/model/websocket_client.go:181.6,182.10 1 0
server/public/model/websocket_client.go:183.31,184.23 1 0
server/public/model/websocket_client.go:185.21,186.33 1 0
server/public/model/websocket_client.go:187.23,188.42 1 0
server/public/model/websocket_client.go:188.42,190.6 1 0
server/public/model/websocket_client.go:191.21,192.59 1 0
server/public/model/websocket_client.go:194.29,195.10 1 0
server/public/model/websocket_client.go:201.38,214.12 1 0
server/public/model/websocket_client.go:214.12,215.16 1 0
server/public/model/websocket_client.go:215.16,221.54 5 0
server/public/model/websocket_client.go:221.54,223.5 1 0
server/public/model/websocket_client.go:224.4,226.20 3 0
server/public/model/websocket_client.go:229.3,232.7 3 0
server/public/model/websocket_client.go:232.7,236.18 3 0
server/public/model/websocket_client.go:236.18,237.100 1 0
server/public/model/websocket_client.go:237.100,239.6 1 0
server/public/model/websocket_client.go:240.5,240.11 1 0
server/public/model/websocket_client.go:243.4,244.18 2 0
server/public/model/websocket_client.go:244.18,250.5 2 0
server/public/model/websocket_client.go:252.4,253.22 2 0
server/public/model/websocket_client.go:253.22,255.13 2 0
server/public/model/websocket_client.go:257.4,257.23 1 0
server/public/model/websocket_client.go:257.23,259.13 2 0
server/public/model/websocket_client.go:262.4,263.87 2 0
server/public/model/websocket_client.go:263.87,265.13 2 0
server/public/model/websocket_client.go:271.77,282.2 6 0
server/public/model/websocket_client.go:284.89,291.16 6 0
server/public/model/websocket_client.go:291.16,293.3 1 0
server/public/model/websocket_client.go:295.2,301.12 3 0
server/public/model/websocket_client.go:306.68,313.2 2 0
server/public/model/websocket_client.go:316.43,318.2 1 0
server/public/model/websocket_client.go:322.64,327.2 2 0
server/public/model/websocket_client.go:330.67,335.2 2 0
server/public/model/websocket_client.go:338.61,343.2 2 0
server/public/model/websocket_client.go:346.85,352.2 2 0
server/public/model/websocket_client.go:354.53,358.2 3 0
server/public/model/websocket_client.go:360.63,361.40 1 0
server/public/model/websocket_client.go:361.40,363.3 1 0
server/public/model/websocket_client.go:364.2,368.12 3 0
server/public/model/websocket_client.go:376.44,377.6 1 0
server/public/model/websocket_client.go:377.6,378.10 1 0
server/public/model/websocket_client.go:379.29,380.36 1 0
server/public/model/websocket_client.go:380.36,382.5 1 0
server/public/model/websocket_client.go:383.4,383.77 1 0
server/public/model/websocket_client.go:385.33,387.77 2 0
server/public/model/websocket_client.go:388.31,389.10 1 0
server/public/model/websocket_message.go:170.58,171.15 1 0
server/public/model/websocket_message.go:171.15,173.3 1 0
server/public/model/websocket_message.go:175.2,176.25 2 0
server/public/model/websocket_message.go:176.25,179.3 2 0
server/public/model/websocket_message.go:180.2,189.11 9 0
server/public/model/websocket_message.go:192.79,195.2 2 0
server/public/model/websocket_message.go:203.79,204.14 1 0
server/public/model/websocket_message.go:204.14,206.3 1 0
server/public/model/websocket_message.go:208.2,210.20 2 0
server/public/model/websocket_message.go:210.20,213.3 2 0
server/public/model/websocket_message.go:215.2,215.19 1 0
server/public/model/websocket_message.go:215.19,218.3 2 0
server/public/model/websocket_message.go:220.2,220.24 1 0
server/public/model/websocket_message.go:220.24,223.3 2 0
server/public/model/websocket_message.go:225.2,225.11 1 0
server/public/model/websocket_message.go:247.60,258.2 6 0
server/public/model/websocket_message.go:260.67,264.2 3 0
server/public/model/websocket_message.go:269.97,273.43 3 0
server/public/model/websocket_message.go:273.43,275.3 1 0
server/public/model/websocket_message.go:277.2,283.32 5 0
server/public/model/websocket_message.go:286.54,288.2 1 0
server/public/model/websocket_message.go:290.152,301.2 1 0
server/public/model/websocket_message.go:303.50,312.2 2 0
server/public/model/websocket_message.go:314.54,323.2 2 0
server/public/model/websocket_message.go:325.52,327.2 1 0
server/public/model/websocket_message.go:329.62,331.2 1 0
server/public/model/websocket_message.go:333.47,335.2 1 0
server/public/model/websocket_message.go:337.78,341.2 3 0
server/public/model/websocket_message.go:343.72,347.2 3 0
server/public/model/websocket_message.go:349.87,353.2 3 0
server/public/model/websocket_message.go:355.66,359.2 3 0
server/public/model/websocket_message.go:361.42,363.2 1 0
server/public/model/websocket_message.go:365.58,367.2 1 0
server/public/model/websocket_message.go:369.52,370.31 1 0
server/public/model/websocket_message.go:370.31,372.3 1 0
server/public/model/websocket_message.go:373.2,378.4 1 0
server/public/model/websocket_message.go:382.74,383.31 1 0
server/public/model/websocket_message.go:383.31,386.3 2 0
server/public/model/websocket_message.go:388.2,393.4 1 0
server/public/model/websocket_message.go:398.55,408.2 1 0
server/public/model/websocket_message.go:410.70,413.57 3 0
server/public/model/websocket_message.go:413.57,415.3 1 0
server/public/model/websocket_message.go:416.2,417.33 2 0
server/public/model/websocket_message.go:417.33,421.17 2 0
server/public/model/websocket_message.go:421.17,423.4 1 0
server/public/model/websocket_message.go:425.3,426.51 2 0
server/public/model/websocket_message.go:426.51,428.4 1 0
server/public/model/websocket_message.go:429.3,429.25 1 0
server/public/model/websocket_message.go:431.2,434.17 4 0
server/public/model/websocket_message.go:447.56,449.2 1 0
server/public/model/websocket_message.go:451.98,453.2 1 0
server/public/model/websocket_message.go:455.74,457.2 1 0
server/public/model/websocket_message.go:459.44,461.2 1 0
server/public/model/websocket_message.go:463.60,465.2 1 0
server/public/model/websocket_message.go:467.54,469.2 1 0
server/public/model/websocket_message.go:471.76,474.2 2 0
server/public/model/websocket_message.go:476.36,478.2 1 0
server/public/model/websocket_message.go:480.45,482.2 1 0
server/public/model/websocket_request.go:30.63,32.16 2 0
server/public/model/websocket_request.go:32.16,34.3 1 0
server/public/model/websocket_request.go:35.2,37.16 3 0
server/public/model/websocket_request.go:37.16,39.3 1 0
server/public/model/websocket_request.go:40.2,40.18 1 0
server/public/model/wrangler.go:17.45,19.2 1 0
server/public/model/wrangler.go:22.47,23.24 1 0
server/public/model/wrangler.go:23.24,25.3 1 0
server/public/model/wrangler.go:27.2,27.21 1 0
server/public/model/wrangler.go:31.61,33.2 1 0
server/public/model/xml_helpers.go:20.77,21.14 1 0
server/public/model/xml_helpers.go:21.14,23.3 1 0
server/public/model/xml_helpers.go:25.2,25.45 1 0
server/public/model/xml_helpers.go:25.45,27.3 1 0
server/public/model/xml_helpers.go:30.2,31.19 2 0
server/public/model/xml_helpers.go:31.19,33.3 1 0
server/public/model/xml_helpers.go:34.2,36.25 2 0
server/public/model/xml_helpers.go:36.25,38.98 2 0
server/public/model/xml_helpers.go:38.98,40.4 1 0
server/public/model/xml_helpers.go:43.2,43.35 1 0
server/public/model/xml_helpers.go:47.80,50.6 2 0
server/public/model/xml_helpers.go:50.6,52.17 2 0
server/public/model/xml_helpers.go:52.17,54.4 1 0
server/public/model/xml_helpers.go:56.3,56.26 1 0
server/public/model/xml_helpers.go:57.25,58.31 1 0
server/public/model/xml_helpers.go:58.31,60.55 2 0
server/public/model/xml_helpers.go:60.55,62.6 1 0
server/public/model/xml_helpers.go:63.5,63.34 1 0
server/public/model/xml_helpers.go:64.10,65.36 1 0
server/public/model/xml_helpers.go:65.36,67.6 1 0
server/public/model/xml_helpers.go:69.23,70.14 1 0
server/public/model/xml_helpers.go:85.83,86.14 1 0
server/public/model/xml_helpers.go:86.14,88.3 1 0
server/public/model/xml_helpers.go:90.2,90.45 1 0
server/public/model/xml_helpers.go:90.45,92.3 1 0
server/public/model/xml_helpers.go:95.2,96.19 2 0
server/public/model/xml_helpers.go:96.19,98.3 1 0
server/public/model/xml_helpers.go:99.2,101.25 2 0
server/public/model/xml_helpers.go:101.25,105.26 3 0
server/public/model/xml_helpers.go:106.15,107.21 1 0
server/public/model/xml_helpers.go:108.12,110.24 2 0
server/public/model/xml_helpers.go:111.11,113.18 2 0
server/public/model/xml_helpers.go:113.18,115.5 1 0
server/public/model/xml_helpers.go:116.4,117.27 2 0
server/public/model/xml_helpers.go:120.3,120.98 1 0
server/public/model/xml_helpers.go:120.98,122.4 1 0
server/public/model/xml_helpers.go:125.2,125.35 1 0
server/public/model/xml_helpers.go:130.86,133.6 2 0
server/public/model/xml_helpers.go:133.6,135.17 2 0
server/public/model/xml_helpers.go:135.17,137.4 1 0
server/public/model/xml_helpers.go:139.3,139.26 1 0
server/public/model/xml_helpers.go:140.25,141.31 1 0
server/public/model/xml_helpers.go:141.31,143.55 2 0
server/public/model/xml_helpers.go:143.55,145.6 1 0
server/public/model/xml_helpers.go:146.5,146.33 1 0
server/public/model/xml_helpers.go:146.33,148.68 2 0
server/public/model/xml_helpers.go:148.68,150.7 1 0
server/public/model/xml_helpers.go:151.6,151.25 1 0
server/public/model/xml_helpers.go:152.11,154.6 1 0
server/public/model/xml_helpers.go:155.10,156.36 1 0
server/public/model/xml_helpers.go:156.36,158.6 1 0
server/public/model/xml_helpers.go:160.23,161.14 1 0
